# Temporary file generated by the 'geomtools::gnuplot_drawer'
# class for visualization.
# label='grey'
-940.5 -2658.5 -1699 0
-940.5 0 -1699 0

-940.5 0 -1699 0
-940.5 1329.25 -1699 0
-940.5 2658.5 -1699 0

-940.5 2658.5 -1699 0

-979.5 -2658.5 -1699 0
-979.5 2658.5 -1699 0

-940.5 -2658.5 -1699 0
-979.5 -2658.5 -1699 0

-940.5 2658.5 -1699 0
-979.5 2658.5 -1699 0

-979.5 -2658.5 1699 0
-979.5 2658.5 1699 0

-940.5 -2658.5 1699 0
-940.5 2658.5 1699 0

-979.5 -2658.5 1699 0
-940.5 -2658.5 1699 0

-979.5 2658.5 1699 0
-940.5 2658.5 1699 0

-979.5 -2658.5 -1699 0
-979.5 2658.5 -1699 0

-979.5 -2658.5 1699 0
-979.5 2658.5 1699 0

-979.5 -2658.5 -1699 0
-979.5 -2658.5 1699 0

-979.5 2658.5 -1699 0
-979.5 2658.5 1699 0

-940.5 -2658.5 1699 0
-940.5 2658.5 1699 0

-940.5 -2658.5 -1699 0
-940.5 2658.5 -1699 0

-940.5 -2658.5 1699 0
-940.5 -2658.5 -1699 0

-940.5 2658.5 1699 0
-940.5 2658.5 -1699 0

-940.5 -2658.5 -1699 0
-979.5 -2658.5 -1699 0

-940.5 -2658.5 1699 0
-979.5 -2658.5 1699 0

-940.5 -2658.5 -1699 0
-940.5 -2658.5 1699 0

-979.5 -2658.5 -1699 0
-979.5 -2658.5 1699 0

-940.5 2658.5 1699 0
-979.5 2658.5 1699 0

-940.5 2658.5 -1699 0
-979.5 2658.5 -1699 0

-940.5 2658.5 1699 0
-940.5 2658.5 -1699 0

-979.5 2658.5 1699 0
-979.5 2658.5 -1699 0

-940.5 -2658.5 -1699 0
-940.5 0 -1699 0

-940.5 0 -1699 0
-940.5 1329.25 -1699 0
-940.5 2658.5 -1699 0

-940.5 2658.5 -1699 0

-953.5 -2658.5 -1699 0
-953.5 2658.5 -1699 0

-940.5 -2658.5 -1699 0
-953.5 -2658.5 -1699 0

-940.5 2658.5 -1699 0
-953.5 2658.5 -1699 0

-953.5 -2658.5 1699 0
-953.5 2658.5 1699 0

-940.5 -2658.5 1699 0
-940.5 2658.5 1699 0

-953.5 -2658.5 1699 0
-940.5 -2658.5 1699 0

-953.5 2658.5 1699 0
-940.5 2658.5 1699 0

-953.5 -2658.5 -1699 0
-953.5 2658.5 -1699 0

-953.5 -2658.5 1699 0
-953.5 2658.5 1699 0

-953.5 -2658.5 -1699 0
-953.5 -2658.5 1699 0

-953.5 2658.5 -1699 0
-953.5 2658.5 1699 0

-940.5 -2658.5 1699 0
-940.5 2658.5 1699 0

-940.5 -2658.5 -1699 0
-940.5 2658.5 -1699 0

-940.5 -2658.5 1699 0
-940.5 -2658.5 -1699 0

-940.5 2658.5 1699 0
-940.5 2658.5 -1699 0

-940.5 -2658.5 -1699 0
-953.5 -2658.5 -1699 0

-940.5 -2658.5 1699 0
-953.5 -2658.5 1699 0

-940.5 -2658.5 -1699 0
-940.5 -2658.5 1699 0

-953.5 -2658.5 -1699 0
-953.5 -2658.5 1699 0

-940.5 2658.5 1699 0
-953.5 2658.5 1699 0

-940.5 2658.5 -1699 0
-953.5 2658.5 -1699 0

-940.5 2658.5 1699 0
-940.5 2658.5 -1699 0

-953.5 2658.5 1699 0
-953.5 2658.5 -1699 0

-940.5 -2658.5 -1699 0
-940.5 0 -1699 0

-940.5 0 -1699 0
-940.5 1329.25 -1699 0
-940.5 2658.5 -1699 0

-940.5 2658.5 -1699 0

-953.5 -2658.5 -1699 0
-953.5 2658.5 -1699 0

-940.5 -2658.5 -1699 0
-953.5 -2658.5 -1699 0

-940.5 2658.5 -1699 0
-953.5 2658.5 -1699 0

-953.5 -2658.5 -1682.01 0
-953.5 2658.5 -1682.01 0

-940.5 -2658.5 -1682.01 0
-940.5 2658.5 -1682.01 0

-953.5 -2658.5 -1682.01 0
-940.5 -2658.5 -1682.01 0

-953.5 2658.5 -1682.01 0
-940.5 2658.5 -1682.01 0

-953.5 -2658.5 -1699 0
-953.5 2658.5 -1699 0

-953.5 -2658.5 -1682.01 0
-953.5 2658.5 -1682.01 0

-953.5 -2658.5 -1699 0
-953.5 -2658.5 -1682.01 0

-953.5 2658.5 -1699 0
-953.5 2658.5 -1682.01 0

-940.5 -2658.5 -1682.01 0
-940.5 2658.5 -1682.01 0

-940.5 -2658.5 -1699 0
-940.5 2658.5 -1699 0

-940.5 -2658.5 -1682.01 0
-940.5 -2658.5 -1699 0

-940.5 2658.5 -1682.01 0
-940.5 2658.5 -1699 0

-940.5 -2658.5 -1699 0
-953.5 -2658.5 -1699 0

-940.5 -2658.5 -1682.01 0
-953.5 -2658.5 -1682.01 0

-940.5 -2658.5 -1699 0
-940.5 -2658.5 -1682.01 0

-953.5 -2658.5 -1699 0
-953.5 -2658.5 -1682.01 0

-940.5 2658.5 -1682.01 0
-953.5 2658.5 -1682.01 0

-940.5 2658.5 -1699 0
-953.5 2658.5 -1699 0

-940.5 2658.5 -1682.01 0
-940.5 2658.5 -1699 0

-953.5 2658.5 -1682.01 0
-953.5 2658.5 -1699 0

-940.5 -2658.5 -1682.01 0
-940.5 0 -1682.01 0

-940.5 0 -1682.01 0
-940.5 1329.25 -1682.01 0
-940.5 2658.5 -1682.01 0

-940.5 2658.5 -1682.01 0

-953.5 -2658.5 -1682.01 0
-953.5 2658.5 -1682.01 0

-940.5 -2658.5 -1682.01 0
-953.5 -2658.5 -1682.01 0

-940.5 2658.5 -1682.01 0
-953.5 2658.5 -1682.01 0

-953.5 -2658.5 -1665.02 0
-953.5 2658.5 -1665.02 0

-940.5 -2658.5 -1665.02 0
-940.5 2658.5 -1665.02 0

-953.5 -2658.5 -1665.02 0
-940.5 -2658.5 -1665.02 0

-953.5 2658.5 -1665.02 0
-940.5 2658.5 -1665.02 0

-953.5 -2658.5 -1682.01 0
-953.5 2658.5 -1682.01 0

-953.5 -2658.5 -1665.02 0
-953.5 2658.5 -1665.02 0

-953.5 -2658.5 -1682.01 0
-953.5 -2658.5 -1665.02 0

-953.5 2658.5 -1682.01 0
-953.5 2658.5 -1665.02 0

-940.5 -2658.5 -1665.02 0
-940.5 2658.5 -1665.02 0

-940.5 -2658.5 -1682.01 0
-940.5 2658.5 -1682.01 0

-940.5 -2658.5 -1665.02 0
-940.5 -2658.5 -1682.01 0

-940.5 2658.5 -1665.02 0
-940.5 2658.5 -1682.01 0

-940.5 -2658.5 -1682.01 0
-953.5 -2658.5 -1682.01 0

-940.5 -2658.5 -1665.02 0
-953.5 -2658.5 -1665.02 0

-940.5 -2658.5 -1682.01 0
-940.5 -2658.5 -1665.02 0

-953.5 -2658.5 -1682.01 0
-953.5 -2658.5 -1665.02 0

-940.5 2658.5 -1665.02 0
-953.5 2658.5 -1665.02 0

-940.5 2658.5 -1682.01 0
-953.5 2658.5 -1682.01 0

-940.5 2658.5 -1665.02 0
-940.5 2658.5 -1682.01 0

-953.5 2658.5 -1665.02 0
-953.5 2658.5 -1682.01 0

-940.5 -2658.5 -1665.02 0
-940.5 0 -1665.02 0

-940.5 0 -1665.02 0
-940.5 1329.25 -1665.02 0
-940.5 2658.5 -1665.02 0

-940.5 2658.5 -1665.02 0

-953.5 -2658.5 -1665.02 0
-953.5 2658.5 -1665.02 0

-940.5 -2658.5 -1665.02 0
-953.5 -2658.5 -1665.02 0

-940.5 2658.5 -1665.02 0
-953.5 2658.5 -1665.02 0

-953.5 -2658.5 -1648.03 0
-953.5 2658.5 -1648.03 0

-940.5 -2658.5 -1648.03 0
-940.5 2658.5 -1648.03 0

-953.5 -2658.5 -1648.03 0
-940.5 -2658.5 -1648.03 0

-953.5 2658.5 -1648.03 0
-940.5 2658.5 -1648.03 0

-953.5 -2658.5 -1665.02 0
-953.5 2658.5 -1665.02 0

-953.5 -2658.5 -1648.03 0
-953.5 2658.5 -1648.03 0

-953.5 -2658.5 -1665.02 0
-953.5 -2658.5 -1648.03 0

-953.5 2658.5 -1665.02 0
-953.5 2658.5 -1648.03 0

-940.5 -2658.5 -1648.03 0
-940.5 2658.5 -1648.03 0

-940.5 -2658.5 -1665.02 0
-940.5 2658.5 -1665.02 0

-940.5 -2658.5 -1648.03 0
-940.5 -2658.5 -1665.02 0

-940.5 2658.5 -1648.03 0
-940.5 2658.5 -1665.02 0

-940.5 -2658.5 -1665.02 0
-953.5 -2658.5 -1665.02 0

-940.5 -2658.5 -1648.03 0
-953.5 -2658.5 -1648.03 0

-940.5 -2658.5 -1665.02 0
-940.5 -2658.5 -1648.03 0

-953.5 -2658.5 -1665.02 0
-953.5 -2658.5 -1648.03 0

-940.5 2658.5 -1648.03 0
-953.5 2658.5 -1648.03 0

-940.5 2658.5 -1665.02 0
-953.5 2658.5 -1665.02 0

-940.5 2658.5 -1648.03 0
-940.5 2658.5 -1665.02 0

-953.5 2658.5 -1648.03 0
-953.5 2658.5 -1665.02 0

-940.5 -2658.5 -1648.03 0
-940.5 0 -1648.03 0

-940.5 0 -1648.03 0
-940.5 1329.25 -1648.03 0
-940.5 2658.5 -1648.03 0

-940.5 2658.5 -1648.03 0

-953.5 -2658.5 -1648.03 0
-953.5 2658.5 -1648.03 0

-940.5 -2658.5 -1648.03 0
-953.5 -2658.5 -1648.03 0

-940.5 2658.5 -1648.03 0
-953.5 2658.5 -1648.03 0

-953.5 -2658.5 -1631.04 0
-953.5 2658.5 -1631.04 0

-940.5 -2658.5 -1631.04 0
-940.5 2658.5 -1631.04 0

-953.5 -2658.5 -1631.04 0
-940.5 -2658.5 -1631.04 0

-953.5 2658.5 -1631.04 0
-940.5 2658.5 -1631.04 0

-953.5 -2658.5 -1648.03 0
-953.5 2658.5 -1648.03 0

-953.5 -2658.5 -1631.04 0
-953.5 2658.5 -1631.04 0

-953.5 -2658.5 -1648.03 0
-953.5 -2658.5 -1631.04 0

-953.5 2658.5 -1648.03 0
-953.5 2658.5 -1631.04 0

-940.5 -2658.5 -1631.04 0
-940.5 2658.5 -1631.04 0

-940.5 -2658.5 -1648.03 0
-940.5 2658.5 -1648.03 0

-940.5 -2658.5 -1631.04 0
-940.5 -2658.5 -1648.03 0

-940.5 2658.5 -1631.04 0
-940.5 2658.5 -1648.03 0

-940.5 -2658.5 -1648.03 0
-953.5 -2658.5 -1648.03 0

-940.5 -2658.5 -1631.04 0
-953.5 -2658.5 -1631.04 0

-940.5 -2658.5 -1648.03 0
-940.5 -2658.5 -1631.04 0

-953.5 -2658.5 -1648.03 0
-953.5 -2658.5 -1631.04 0

-940.5 2658.5 -1631.04 0
-953.5 2658.5 -1631.04 0

-940.5 2658.5 -1648.03 0
-953.5 2658.5 -1648.03 0

-940.5 2658.5 -1631.04 0
-940.5 2658.5 -1648.03 0

-953.5 2658.5 -1631.04 0
-953.5 2658.5 -1648.03 0

-940.5 -2658.5 -1631.04 0
-940.5 0 -1631.04 0

-940.5 0 -1631.04 0
-940.5 1329.25 -1631.04 0
-940.5 2658.5 -1631.04 0

-940.5 2658.5 -1631.04 0

-953.5 -2658.5 -1631.04 0
-953.5 2658.5 -1631.04 0

-940.5 -2658.5 -1631.04 0
-953.5 -2658.5 -1631.04 0

-940.5 2658.5 -1631.04 0
-953.5 2658.5 -1631.04 0

-953.5 -2658.5 -1614.05 0
-953.5 2658.5 -1614.05 0

-940.5 -2658.5 -1614.05 0
-940.5 2658.5 -1614.05 0

-953.5 -2658.5 -1614.05 0
-940.5 -2658.5 -1614.05 0

-953.5 2658.5 -1614.05 0
-940.5 2658.5 -1614.05 0

-953.5 -2658.5 -1631.04 0
-953.5 2658.5 -1631.04 0

-953.5 -2658.5 -1614.05 0
-953.5 2658.5 -1614.05 0

-953.5 -2658.5 -1631.04 0
-953.5 -2658.5 -1614.05 0

-953.5 2658.5 -1631.04 0
-953.5 2658.5 -1614.05 0

-940.5 -2658.5 -1614.05 0
-940.5 2658.5 -1614.05 0

-940.5 -2658.5 -1631.04 0
-940.5 2658.5 -1631.04 0

-940.5 -2658.5 -1614.05 0
-940.5 -2658.5 -1631.04 0

-940.5 2658.5 -1614.05 0
-940.5 2658.5 -1631.04 0

-940.5 -2658.5 -1631.04 0
-953.5 -2658.5 -1631.04 0

-940.5 -2658.5 -1614.05 0
-953.5 -2658.5 -1614.05 0

-940.5 -2658.5 -1631.04 0
-940.5 -2658.5 -1614.05 0

-953.5 -2658.5 -1631.04 0
-953.5 -2658.5 -1614.05 0

-940.5 2658.5 -1614.05 0
-953.5 2658.5 -1614.05 0

-940.5 2658.5 -1631.04 0
-953.5 2658.5 -1631.04 0

-940.5 2658.5 -1614.05 0
-940.5 2658.5 -1631.04 0

-953.5 2658.5 -1614.05 0
-953.5 2658.5 -1631.04 0

-940.5 -2658.5 -1614.05 0
-940.5 0 -1614.05 0

-940.5 0 -1614.05 0
-940.5 1329.25 -1614.05 0
-940.5 2658.5 -1614.05 0

-940.5 2658.5 -1614.05 0

-953.5 -2658.5 -1614.05 0
-953.5 2658.5 -1614.05 0

-940.5 -2658.5 -1614.05 0
-953.5 -2658.5 -1614.05 0

-940.5 2658.5 -1614.05 0
-953.5 2658.5 -1614.05 0

-953.5 -2658.5 -1597.06 0
-953.5 2658.5 -1597.06 0

-940.5 -2658.5 -1597.06 0
-940.5 2658.5 -1597.06 0

-953.5 -2658.5 -1597.06 0
-940.5 -2658.5 -1597.06 0

-953.5 2658.5 -1597.06 0
-940.5 2658.5 -1597.06 0

-953.5 -2658.5 -1614.05 0
-953.5 2658.5 -1614.05 0

-953.5 -2658.5 -1597.06 0
-953.5 2658.5 -1597.06 0

-953.5 -2658.5 -1614.05 0
-953.5 -2658.5 -1597.06 0

-953.5 2658.5 -1614.05 0
-953.5 2658.5 -1597.06 0

-940.5 -2658.5 -1597.06 0
-940.5 2658.5 -1597.06 0

-940.5 -2658.5 -1614.05 0
-940.5 2658.5 -1614.05 0

-940.5 -2658.5 -1597.06 0
-940.5 -2658.5 -1614.05 0

-940.5 2658.5 -1597.06 0
-940.5 2658.5 -1614.05 0

-940.5 -2658.5 -1614.05 0
-953.5 -2658.5 -1614.05 0

-940.5 -2658.5 -1597.06 0
-953.5 -2658.5 -1597.06 0

-940.5 -2658.5 -1614.05 0
-940.5 -2658.5 -1597.06 0

-953.5 -2658.5 -1614.05 0
-953.5 -2658.5 -1597.06 0

-940.5 2658.5 -1597.06 0
-953.5 2658.5 -1597.06 0

-940.5 2658.5 -1614.05 0
-953.5 2658.5 -1614.05 0

-940.5 2658.5 -1597.06 0
-940.5 2658.5 -1614.05 0

-953.5 2658.5 -1597.06 0
-953.5 2658.5 -1614.05 0

-940.5 -2658.5 -1597.06 0
-940.5 0 -1597.06 0

-940.5 0 -1597.06 0
-940.5 1329.25 -1597.06 0
-940.5 2658.5 -1597.06 0

-940.5 2658.5 -1597.06 0

-953.5 -2658.5 -1597.06 0
-953.5 2658.5 -1597.06 0

-940.5 -2658.5 -1597.06 0
-953.5 -2658.5 -1597.06 0

-940.5 2658.5 -1597.06 0
-953.5 2658.5 -1597.06 0

-953.5 -2658.5 -1580.07 0
-953.5 2658.5 -1580.07 0

-940.5 -2658.5 -1580.07 0
-940.5 2658.5 -1580.07 0

-953.5 -2658.5 -1580.07 0
-940.5 -2658.5 -1580.07 0

-953.5 2658.5 -1580.07 0
-940.5 2658.5 -1580.07 0

-953.5 -2658.5 -1597.06 0
-953.5 2658.5 -1597.06 0

-953.5 -2658.5 -1580.07 0
-953.5 2658.5 -1580.07 0

-953.5 -2658.5 -1597.06 0
-953.5 -2658.5 -1580.07 0

-953.5 2658.5 -1597.06 0
-953.5 2658.5 -1580.07 0

-940.5 -2658.5 -1580.07 0
-940.5 2658.5 -1580.07 0

-940.5 -2658.5 -1597.06 0
-940.5 2658.5 -1597.06 0

-940.5 -2658.5 -1580.07 0
-940.5 -2658.5 -1597.06 0

-940.5 2658.5 -1580.07 0
-940.5 2658.5 -1597.06 0

-940.5 -2658.5 -1597.06 0
-953.5 -2658.5 -1597.06 0

-940.5 -2658.5 -1580.07 0
-953.5 -2658.5 -1580.07 0

-940.5 -2658.5 -1597.06 0
-940.5 -2658.5 -1580.07 0

-953.5 -2658.5 -1597.06 0
-953.5 -2658.5 -1580.07 0

-940.5 2658.5 -1580.07 0
-953.5 2658.5 -1580.07 0

-940.5 2658.5 -1597.06 0
-953.5 2658.5 -1597.06 0

-940.5 2658.5 -1580.07 0
-940.5 2658.5 -1597.06 0

-953.5 2658.5 -1580.07 0
-953.5 2658.5 -1597.06 0

-940.5 -2658.5 -1580.07 0
-940.5 0 -1580.07 0

-940.5 0 -1580.07 0
-940.5 1329.25 -1580.07 0
-940.5 2658.5 -1580.07 0

-940.5 2658.5 -1580.07 0

-953.5 -2658.5 -1580.07 0
-953.5 2658.5 -1580.07 0

-940.5 -2658.5 -1580.07 0
-953.5 -2658.5 -1580.07 0

-940.5 2658.5 -1580.07 0
-953.5 2658.5 -1580.07 0

-953.5 -2658.5 -1563.08 0
-953.5 2658.5 -1563.08 0

-940.5 -2658.5 -1563.08 0
-940.5 2658.5 -1563.08 0

-953.5 -2658.5 -1563.08 0
-940.5 -2658.5 -1563.08 0

-953.5 2658.5 -1563.08 0
-940.5 2658.5 -1563.08 0

-953.5 -2658.5 -1580.07 0
-953.5 2658.5 -1580.07 0

-953.5 -2658.5 -1563.08 0
-953.5 2658.5 -1563.08 0

-953.5 -2658.5 -1580.07 0
-953.5 -2658.5 -1563.08 0

-953.5 2658.5 -1580.07 0
-953.5 2658.5 -1563.08 0

-940.5 -2658.5 -1563.08 0
-940.5 2658.5 -1563.08 0

-940.5 -2658.5 -1580.07 0
-940.5 2658.5 -1580.07 0

-940.5 -2658.5 -1563.08 0
-940.5 -2658.5 -1580.07 0

-940.5 2658.5 -1563.08 0
-940.5 2658.5 -1580.07 0

-940.5 -2658.5 -1580.07 0
-953.5 -2658.5 -1580.07 0

-940.5 -2658.5 -1563.08 0
-953.5 -2658.5 -1563.08 0

-940.5 -2658.5 -1580.07 0
-940.5 -2658.5 -1563.08 0

-953.5 -2658.5 -1580.07 0
-953.5 -2658.5 -1563.08 0

-940.5 2658.5 -1563.08 0
-953.5 2658.5 -1563.08 0

-940.5 2658.5 -1580.07 0
-953.5 2658.5 -1580.07 0

-940.5 2658.5 -1563.08 0
-940.5 2658.5 -1580.07 0

-953.5 2658.5 -1563.08 0
-953.5 2658.5 -1580.07 0

-940.5 -2658.5 -1563.08 0
-940.5 0 -1563.08 0

-940.5 0 -1563.08 0
-940.5 1329.25 -1563.08 0
-940.5 2658.5 -1563.08 0

-940.5 2658.5 -1563.08 0

-953.5 -2658.5 -1563.08 0
-953.5 2658.5 -1563.08 0

-940.5 -2658.5 -1563.08 0
-953.5 -2658.5 -1563.08 0

-940.5 2658.5 -1563.08 0
-953.5 2658.5 -1563.08 0

-953.5 -2658.5 -1546.09 0
-953.5 2658.5 -1546.09 0

-940.5 -2658.5 -1546.09 0
-940.5 2658.5 -1546.09 0

-953.5 -2658.5 -1546.09 0
-940.5 -2658.5 -1546.09 0

-953.5 2658.5 -1546.09 0
-940.5 2658.5 -1546.09 0

-953.5 -2658.5 -1563.08 0
-953.5 2658.5 -1563.08 0

-953.5 -2658.5 -1546.09 0
-953.5 2658.5 -1546.09 0

-953.5 -2658.5 -1563.08 0
-953.5 -2658.5 -1546.09 0

-953.5 2658.5 -1563.08 0
-953.5 2658.5 -1546.09 0

-940.5 -2658.5 -1546.09 0
-940.5 2658.5 -1546.09 0

-940.5 -2658.5 -1563.08 0
-940.5 2658.5 -1563.08 0

-940.5 -2658.5 -1546.09 0
-940.5 -2658.5 -1563.08 0

-940.5 2658.5 -1546.09 0
-940.5 2658.5 -1563.08 0

-940.5 -2658.5 -1563.08 0
-953.5 -2658.5 -1563.08 0

-940.5 -2658.5 -1546.09 0
-953.5 -2658.5 -1546.09 0

-940.5 -2658.5 -1563.08 0
-940.5 -2658.5 -1546.09 0

-953.5 -2658.5 -1563.08 0
-953.5 -2658.5 -1546.09 0

-940.5 2658.5 -1546.09 0
-953.5 2658.5 -1546.09 0

-940.5 2658.5 -1563.08 0
-953.5 2658.5 -1563.08 0

-940.5 2658.5 -1546.09 0
-940.5 2658.5 -1563.08 0

-953.5 2658.5 -1546.09 0
-953.5 2658.5 -1563.08 0

-940.5 -2658.5 -1546.09 0
-940.5 0 -1546.09 0

-940.5 0 -1546.09 0
-940.5 1329.25 -1546.09 0
-940.5 2658.5 -1546.09 0

-940.5 2658.5 -1546.09 0

-953.5 -2658.5 -1546.09 0
-953.5 2658.5 -1546.09 0

-940.5 -2658.5 -1546.09 0
-953.5 -2658.5 -1546.09 0

-940.5 2658.5 -1546.09 0
-953.5 2658.5 -1546.09 0

-953.5 -2658.5 -1529.1 0
-953.5 2658.5 -1529.1 0

-940.5 -2658.5 -1529.1 0
-940.5 2658.5 -1529.1 0

-953.5 -2658.5 -1529.1 0
-940.5 -2658.5 -1529.1 0

-953.5 2658.5 -1529.1 0
-940.5 2658.5 -1529.1 0

-953.5 -2658.5 -1546.09 0
-953.5 2658.5 -1546.09 0

-953.5 -2658.5 -1529.1 0
-953.5 2658.5 -1529.1 0

-953.5 -2658.5 -1546.09 0
-953.5 -2658.5 -1529.1 0

-953.5 2658.5 -1546.09 0
-953.5 2658.5 -1529.1 0

-940.5 -2658.5 -1529.1 0
-940.5 2658.5 -1529.1 0

-940.5 -2658.5 -1546.09 0
-940.5 2658.5 -1546.09 0

-940.5 -2658.5 -1529.1 0
-940.5 -2658.5 -1546.09 0

-940.5 2658.5 -1529.1 0
-940.5 2658.5 -1546.09 0

-940.5 -2658.5 -1546.09 0
-953.5 -2658.5 -1546.09 0

-940.5 -2658.5 -1529.1 0
-953.5 -2658.5 -1529.1 0

-940.5 -2658.5 -1546.09 0
-940.5 -2658.5 -1529.1 0

-953.5 -2658.5 -1546.09 0
-953.5 -2658.5 -1529.1 0

-940.5 2658.5 -1529.1 0
-953.5 2658.5 -1529.1 0

-940.5 2658.5 -1546.09 0
-953.5 2658.5 -1546.09 0

-940.5 2658.5 -1529.1 0
-940.5 2658.5 -1546.09 0

-953.5 2658.5 -1529.1 0
-953.5 2658.5 -1546.09 0

-940.5 -2658.5 -1529.1 0
-940.5 0 -1529.1 0

-940.5 0 -1529.1 0
-940.5 1329.25 -1529.1 0
-940.5 2658.5 -1529.1 0

-940.5 2658.5 -1529.1 0

-953.5 -2658.5 -1529.1 0
-953.5 2658.5 -1529.1 0

-940.5 -2658.5 -1529.1 0
-953.5 -2658.5 -1529.1 0

-940.5 2658.5 -1529.1 0
-953.5 2658.5 -1529.1 0

-953.5 -2658.5 -1512.11 0
-953.5 2658.5 -1512.11 0

-940.5 -2658.5 -1512.11 0
-940.5 2658.5 -1512.11 0

-953.5 -2658.5 -1512.11 0
-940.5 -2658.5 -1512.11 0

-953.5 2658.5 -1512.11 0
-940.5 2658.5 -1512.11 0

-953.5 -2658.5 -1529.1 0
-953.5 2658.5 -1529.1 0

-953.5 -2658.5 -1512.11 0
-953.5 2658.5 -1512.11 0

-953.5 -2658.5 -1529.1 0
-953.5 -2658.5 -1512.11 0

-953.5 2658.5 -1529.1 0
-953.5 2658.5 -1512.11 0

-940.5 -2658.5 -1512.11 0
-940.5 2658.5 -1512.11 0

-940.5 -2658.5 -1529.1 0
-940.5 2658.5 -1529.1 0

-940.5 -2658.5 -1512.11 0
-940.5 -2658.5 -1529.1 0

-940.5 2658.5 -1512.11 0
-940.5 2658.5 -1529.1 0

-940.5 -2658.5 -1529.1 0
-953.5 -2658.5 -1529.1 0

-940.5 -2658.5 -1512.11 0
-953.5 -2658.5 -1512.11 0

-940.5 -2658.5 -1529.1 0
-940.5 -2658.5 -1512.11 0

-953.5 -2658.5 -1529.1 0
-953.5 -2658.5 -1512.11 0

-940.5 2658.5 -1512.11 0
-953.5 2658.5 -1512.11 0

-940.5 2658.5 -1529.1 0
-953.5 2658.5 -1529.1 0

-940.5 2658.5 -1512.11 0
-940.5 2658.5 -1529.1 0

-953.5 2658.5 -1512.11 0
-953.5 2658.5 -1529.1 0

-940.5 -2658.5 -1512.11 0
-940.5 0 -1512.11 0

-940.5 0 -1512.11 0
-940.5 1329.25 -1512.11 0
-940.5 2658.5 -1512.11 0

-940.5 2658.5 -1512.11 0

-953.5 -2658.5 -1512.11 0
-953.5 2658.5 -1512.11 0

-940.5 -2658.5 -1512.11 0
-953.5 -2658.5 -1512.11 0

-940.5 2658.5 -1512.11 0
-953.5 2658.5 -1512.11 0

-953.5 -2658.5 -1495.12 0
-953.5 2658.5 -1495.12 0

-940.5 -2658.5 -1495.12 0
-940.5 2658.5 -1495.12 0

-953.5 -2658.5 -1495.12 0
-940.5 -2658.5 -1495.12 0

-953.5 2658.5 -1495.12 0
-940.5 2658.5 -1495.12 0

-953.5 -2658.5 -1512.11 0
-953.5 2658.5 -1512.11 0

-953.5 -2658.5 -1495.12 0
-953.5 2658.5 -1495.12 0

-953.5 -2658.5 -1512.11 0
-953.5 -2658.5 -1495.12 0

-953.5 2658.5 -1512.11 0
-953.5 2658.5 -1495.12 0

-940.5 -2658.5 -1495.12 0
-940.5 2658.5 -1495.12 0

-940.5 -2658.5 -1512.11 0
-940.5 2658.5 -1512.11 0

-940.5 -2658.5 -1495.12 0
-940.5 -2658.5 -1512.11 0

-940.5 2658.5 -1495.12 0
-940.5 2658.5 -1512.11 0

-940.5 -2658.5 -1512.11 0
-953.5 -2658.5 -1512.11 0

-940.5 -2658.5 -1495.12 0
-953.5 -2658.5 -1495.12 0

-940.5 -2658.5 -1512.11 0
-940.5 -2658.5 -1495.12 0

-953.5 -2658.5 -1512.11 0
-953.5 -2658.5 -1495.12 0

-940.5 2658.5 -1495.12 0
-953.5 2658.5 -1495.12 0

-940.5 2658.5 -1512.11 0
-953.5 2658.5 -1512.11 0

-940.5 2658.5 -1495.12 0
-940.5 2658.5 -1512.11 0

-953.5 2658.5 -1495.12 0
-953.5 2658.5 -1512.11 0

-940.5 -2658.5 -1495.12 0
-940.5 0 -1495.12 0

-940.5 0 -1495.12 0
-940.5 1329.25 -1495.12 0
-940.5 2658.5 -1495.12 0

-940.5 2658.5 -1495.12 0

-953.5 -2658.5 -1495.12 0
-953.5 2658.5 -1495.12 0

-940.5 -2658.5 -1495.12 0
-953.5 -2658.5 -1495.12 0

-940.5 2658.5 -1495.12 0
-953.5 2658.5 -1495.12 0

-953.5 -2658.5 -1478.13 0
-953.5 2658.5 -1478.13 0

-940.5 -2658.5 -1478.13 0
-940.5 2658.5 -1478.13 0

-953.5 -2658.5 -1478.13 0
-940.5 -2658.5 -1478.13 0

-953.5 2658.5 -1478.13 0
-940.5 2658.5 -1478.13 0

-953.5 -2658.5 -1495.12 0
-953.5 2658.5 -1495.12 0

-953.5 -2658.5 -1478.13 0
-953.5 2658.5 -1478.13 0

-953.5 -2658.5 -1495.12 0
-953.5 -2658.5 -1478.13 0

-953.5 2658.5 -1495.12 0
-953.5 2658.5 -1478.13 0

-940.5 -2658.5 -1478.13 0
-940.5 2658.5 -1478.13 0

-940.5 -2658.5 -1495.12 0
-940.5 2658.5 -1495.12 0

-940.5 -2658.5 -1478.13 0
-940.5 -2658.5 -1495.12 0

-940.5 2658.5 -1478.13 0
-940.5 2658.5 -1495.12 0

-940.5 -2658.5 -1495.12 0
-953.5 -2658.5 -1495.12 0

-940.5 -2658.5 -1478.13 0
-953.5 -2658.5 -1478.13 0

-940.5 -2658.5 -1495.12 0
-940.5 -2658.5 -1478.13 0

-953.5 -2658.5 -1495.12 0
-953.5 -2658.5 -1478.13 0

-940.5 2658.5 -1478.13 0
-953.5 2658.5 -1478.13 0

-940.5 2658.5 -1495.12 0
-953.5 2658.5 -1495.12 0

-940.5 2658.5 -1478.13 0
-940.5 2658.5 -1495.12 0

-953.5 2658.5 -1478.13 0
-953.5 2658.5 -1495.12 0

-940.5 -2658.5 -1478.13 0
-940.5 0 -1478.13 0

-940.5 0 -1478.13 0
-940.5 1329.25 -1478.13 0
-940.5 2658.5 -1478.13 0

-940.5 2658.5 -1478.13 0

-953.5 -2658.5 -1478.13 0
-953.5 2658.5 -1478.13 0

-940.5 -2658.5 -1478.13 0
-953.5 -2658.5 -1478.13 0

-940.5 2658.5 -1478.13 0
-953.5 2658.5 -1478.13 0

-953.5 -2658.5 -1461.14 0
-953.5 2658.5 -1461.14 0

-940.5 -2658.5 -1461.14 0
-940.5 2658.5 -1461.14 0

-953.5 -2658.5 -1461.14 0
-940.5 -2658.5 -1461.14 0

-953.5 2658.5 -1461.14 0
-940.5 2658.5 -1461.14 0

-953.5 -2658.5 -1478.13 0
-953.5 2658.5 -1478.13 0

-953.5 -2658.5 -1461.14 0
-953.5 2658.5 -1461.14 0

-953.5 -2658.5 -1478.13 0
-953.5 -2658.5 -1461.14 0

-953.5 2658.5 -1478.13 0
-953.5 2658.5 -1461.14 0

-940.5 -2658.5 -1461.14 0
-940.5 2658.5 -1461.14 0

-940.5 -2658.5 -1478.13 0
-940.5 2658.5 -1478.13 0

-940.5 -2658.5 -1461.14 0
-940.5 -2658.5 -1478.13 0

-940.5 2658.5 -1461.14 0
-940.5 2658.5 -1478.13 0

-940.5 -2658.5 -1478.13 0
-953.5 -2658.5 -1478.13 0

-940.5 -2658.5 -1461.14 0
-953.5 -2658.5 -1461.14 0

-940.5 -2658.5 -1478.13 0
-940.5 -2658.5 -1461.14 0

-953.5 -2658.5 -1478.13 0
-953.5 -2658.5 -1461.14 0

-940.5 2658.5 -1461.14 0
-953.5 2658.5 -1461.14 0

-940.5 2658.5 -1478.13 0
-953.5 2658.5 -1478.13 0

-940.5 2658.5 -1461.14 0
-940.5 2658.5 -1478.13 0

-953.5 2658.5 -1461.14 0
-953.5 2658.5 -1478.13 0

-940.5 -2658.5 -1461.14 0
-940.5 0 -1461.14 0

-940.5 0 -1461.14 0
-940.5 1329.25 -1461.14 0
-940.5 2658.5 -1461.14 0

-940.5 2658.5 -1461.14 0

-953.5 -2658.5 -1461.14 0
-953.5 2658.5 -1461.14 0

-940.5 -2658.5 -1461.14 0
-953.5 -2658.5 -1461.14 0

-940.5 2658.5 -1461.14 0
-953.5 2658.5 -1461.14 0

-953.5 -2658.5 -1444.15 0
-953.5 2658.5 -1444.15 0

-940.5 -2658.5 -1444.15 0
-940.5 2658.5 -1444.15 0

-953.5 -2658.5 -1444.15 0
-940.5 -2658.5 -1444.15 0

-953.5 2658.5 -1444.15 0
-940.5 2658.5 -1444.15 0

-953.5 -2658.5 -1461.14 0
-953.5 2658.5 -1461.14 0

-953.5 -2658.5 -1444.15 0
-953.5 2658.5 -1444.15 0

-953.5 -2658.5 -1461.14 0
-953.5 -2658.5 -1444.15 0

-953.5 2658.5 -1461.14 0
-953.5 2658.5 -1444.15 0

-940.5 -2658.5 -1444.15 0
-940.5 2658.5 -1444.15 0

-940.5 -2658.5 -1461.14 0
-940.5 2658.5 -1461.14 0

-940.5 -2658.5 -1444.15 0
-940.5 -2658.5 -1461.14 0

-940.5 2658.5 -1444.15 0
-940.5 2658.5 -1461.14 0

-940.5 -2658.5 -1461.14 0
-953.5 -2658.5 -1461.14 0

-940.5 -2658.5 -1444.15 0
-953.5 -2658.5 -1444.15 0

-940.5 -2658.5 -1461.14 0
-940.5 -2658.5 -1444.15 0

-953.5 -2658.5 -1461.14 0
-953.5 -2658.5 -1444.15 0

-940.5 2658.5 -1444.15 0
-953.5 2658.5 -1444.15 0

-940.5 2658.5 -1461.14 0
-953.5 2658.5 -1461.14 0

-940.5 2658.5 -1444.15 0
-940.5 2658.5 -1461.14 0

-953.5 2658.5 -1444.15 0
-953.5 2658.5 -1461.14 0

-940.5 -2658.5 -1444.15 0
-940.5 0 -1444.15 0

-940.5 0 -1444.15 0
-940.5 1329.25 -1444.15 0
-940.5 2658.5 -1444.15 0

-940.5 2658.5 -1444.15 0

-953.5 -2658.5 -1444.15 0
-953.5 2658.5 -1444.15 0

-940.5 -2658.5 -1444.15 0
-953.5 -2658.5 -1444.15 0

-940.5 2658.5 -1444.15 0
-953.5 2658.5 -1444.15 0

-953.5 -2658.5 -1427.16 0
-953.5 2658.5 -1427.16 0

-940.5 -2658.5 -1427.16 0
-940.5 2658.5 -1427.16 0

-953.5 -2658.5 -1427.16 0
-940.5 -2658.5 -1427.16 0

-953.5 2658.5 -1427.16 0
-940.5 2658.5 -1427.16 0

-953.5 -2658.5 -1444.15 0
-953.5 2658.5 -1444.15 0

-953.5 -2658.5 -1427.16 0
-953.5 2658.5 -1427.16 0

-953.5 -2658.5 -1444.15 0
-953.5 -2658.5 -1427.16 0

-953.5 2658.5 -1444.15 0
-953.5 2658.5 -1427.16 0

-940.5 -2658.5 -1427.16 0
-940.5 2658.5 -1427.16 0

-940.5 -2658.5 -1444.15 0
-940.5 2658.5 -1444.15 0

-940.5 -2658.5 -1427.16 0
-940.5 -2658.5 -1444.15 0

-940.5 2658.5 -1427.16 0
-940.5 2658.5 -1444.15 0

-940.5 -2658.5 -1444.15 0
-953.5 -2658.5 -1444.15 0

-940.5 -2658.5 -1427.16 0
-953.5 -2658.5 -1427.16 0

-940.5 -2658.5 -1444.15 0
-940.5 -2658.5 -1427.16 0

-953.5 -2658.5 -1444.15 0
-953.5 -2658.5 -1427.16 0

-940.5 2658.5 -1427.16 0
-953.5 2658.5 -1427.16 0

-940.5 2658.5 -1444.15 0
-953.5 2658.5 -1444.15 0

-940.5 2658.5 -1427.16 0
-940.5 2658.5 -1444.15 0

-953.5 2658.5 -1427.16 0
-953.5 2658.5 -1444.15 0

-940.5 -2658.5 -1427.16 0
-940.5 0 -1427.16 0

-940.5 0 -1427.16 0
-940.5 1329.25 -1427.16 0
-940.5 2658.5 -1427.16 0

-940.5 2658.5 -1427.16 0

-953.5 -2658.5 -1427.16 0
-953.5 2658.5 -1427.16 0

-940.5 -2658.5 -1427.16 0
-953.5 -2658.5 -1427.16 0

-940.5 2658.5 -1427.16 0
-953.5 2658.5 -1427.16 0

-953.5 -2658.5 -1410.17 0
-953.5 2658.5 -1410.17 0

-940.5 -2658.5 -1410.17 0
-940.5 2658.5 -1410.17 0

-953.5 -2658.5 -1410.17 0
-940.5 -2658.5 -1410.17 0

-953.5 2658.5 -1410.17 0
-940.5 2658.5 -1410.17 0

-953.5 -2658.5 -1427.16 0
-953.5 2658.5 -1427.16 0

-953.5 -2658.5 -1410.17 0
-953.5 2658.5 -1410.17 0

-953.5 -2658.5 -1427.16 0
-953.5 -2658.5 -1410.17 0

-953.5 2658.5 -1427.16 0
-953.5 2658.5 -1410.17 0

-940.5 -2658.5 -1410.17 0
-940.5 2658.5 -1410.17 0

-940.5 -2658.5 -1427.16 0
-940.5 2658.5 -1427.16 0

-940.5 -2658.5 -1410.17 0
-940.5 -2658.5 -1427.16 0

-940.5 2658.5 -1410.17 0
-940.5 2658.5 -1427.16 0

-940.5 -2658.5 -1427.16 0
-953.5 -2658.5 -1427.16 0

-940.5 -2658.5 -1410.17 0
-953.5 -2658.5 -1410.17 0

-940.5 -2658.5 -1427.16 0
-940.5 -2658.5 -1410.17 0

-953.5 -2658.5 -1427.16 0
-953.5 -2658.5 -1410.17 0

-940.5 2658.5 -1410.17 0
-953.5 2658.5 -1410.17 0

-940.5 2658.5 -1427.16 0
-953.5 2658.5 -1427.16 0

-940.5 2658.5 -1410.17 0
-940.5 2658.5 -1427.16 0

-953.5 2658.5 -1410.17 0
-953.5 2658.5 -1427.16 0

-940.5 -2658.5 -1410.17 0
-940.5 0 -1410.17 0

-940.5 0 -1410.17 0
-940.5 1329.25 -1410.17 0
-940.5 2658.5 -1410.17 0

-940.5 2658.5 -1410.17 0

-953.5 -2658.5 -1410.17 0
-953.5 2658.5 -1410.17 0

-940.5 -2658.5 -1410.17 0
-953.5 -2658.5 -1410.17 0

-940.5 2658.5 -1410.17 0
-953.5 2658.5 -1410.17 0

-953.5 -2658.5 -1393.18 0
-953.5 2658.5 -1393.18 0

-940.5 -2658.5 -1393.18 0
-940.5 2658.5 -1393.18 0

-953.5 -2658.5 -1393.18 0
-940.5 -2658.5 -1393.18 0

-953.5 2658.5 -1393.18 0
-940.5 2658.5 -1393.18 0

-953.5 -2658.5 -1410.17 0
-953.5 2658.5 -1410.17 0

-953.5 -2658.5 -1393.18 0
-953.5 2658.5 -1393.18 0

-953.5 -2658.5 -1410.17 0
-953.5 -2658.5 -1393.18 0

-953.5 2658.5 -1410.17 0
-953.5 2658.5 -1393.18 0

-940.5 -2658.5 -1393.18 0
-940.5 2658.5 -1393.18 0

-940.5 -2658.5 -1410.17 0
-940.5 2658.5 -1410.17 0

-940.5 -2658.5 -1393.18 0
-940.5 -2658.5 -1410.17 0

-940.5 2658.5 -1393.18 0
-940.5 2658.5 -1410.17 0

-940.5 -2658.5 -1410.17 0
-953.5 -2658.5 -1410.17 0

-940.5 -2658.5 -1393.18 0
-953.5 -2658.5 -1393.18 0

-940.5 -2658.5 -1410.17 0
-940.5 -2658.5 -1393.18 0

-953.5 -2658.5 -1410.17 0
-953.5 -2658.5 -1393.18 0

-940.5 2658.5 -1393.18 0
-953.5 2658.5 -1393.18 0

-940.5 2658.5 -1410.17 0
-953.5 2658.5 -1410.17 0

-940.5 2658.5 -1393.18 0
-940.5 2658.5 -1410.17 0

-953.5 2658.5 -1393.18 0
-953.5 2658.5 -1410.17 0

-940.5 -2658.5 -1393.18 0
-940.5 0 -1393.18 0

-940.5 0 -1393.18 0
-940.5 1329.25 -1393.18 0
-940.5 2658.5 -1393.18 0

-940.5 2658.5 -1393.18 0

-953.5 -2658.5 -1393.18 0
-953.5 2658.5 -1393.18 0

-940.5 -2658.5 -1393.18 0
-953.5 -2658.5 -1393.18 0

-940.5 2658.5 -1393.18 0
-953.5 2658.5 -1393.18 0

-953.5 -2658.5 -1376.19 0
-953.5 2658.5 -1376.19 0

-940.5 -2658.5 -1376.19 0
-940.5 2658.5 -1376.19 0

-953.5 -2658.5 -1376.19 0
-940.5 -2658.5 -1376.19 0

-953.5 2658.5 -1376.19 0
-940.5 2658.5 -1376.19 0

-953.5 -2658.5 -1393.18 0
-953.5 2658.5 -1393.18 0

-953.5 -2658.5 -1376.19 0
-953.5 2658.5 -1376.19 0

-953.5 -2658.5 -1393.18 0
-953.5 -2658.5 -1376.19 0

-953.5 2658.5 -1393.18 0
-953.5 2658.5 -1376.19 0

-940.5 -2658.5 -1376.19 0
-940.5 2658.5 -1376.19 0

-940.5 -2658.5 -1393.18 0
-940.5 2658.5 -1393.18 0

-940.5 -2658.5 -1376.19 0
-940.5 -2658.5 -1393.18 0

-940.5 2658.5 -1376.19 0
-940.5 2658.5 -1393.18 0

-940.5 -2658.5 -1393.18 0
-953.5 -2658.5 -1393.18 0

-940.5 -2658.5 -1376.19 0
-953.5 -2658.5 -1376.19 0

-940.5 -2658.5 -1393.18 0
-940.5 -2658.5 -1376.19 0

-953.5 -2658.5 -1393.18 0
-953.5 -2658.5 -1376.19 0

-940.5 2658.5 -1376.19 0
-953.5 2658.5 -1376.19 0

-940.5 2658.5 -1393.18 0
-953.5 2658.5 -1393.18 0

-940.5 2658.5 -1376.19 0
-940.5 2658.5 -1393.18 0

-953.5 2658.5 -1376.19 0
-953.5 2658.5 -1393.18 0

-940.5 -2658.5 -1376.19 0
-940.5 0 -1376.19 0

-940.5 0 -1376.19 0
-940.5 1329.25 -1376.19 0
-940.5 2658.5 -1376.19 0

-940.5 2658.5 -1376.19 0

-953.5 -2658.5 -1376.19 0
-953.5 2658.5 -1376.19 0

-940.5 -2658.5 -1376.19 0
-953.5 -2658.5 -1376.19 0

-940.5 2658.5 -1376.19 0
-953.5 2658.5 -1376.19 0

-953.5 -2658.5 -1359.2 0
-953.5 2658.5 -1359.2 0

-940.5 -2658.5 -1359.2 0
-940.5 2658.5 -1359.2 0

-953.5 -2658.5 -1359.2 0
-940.5 -2658.5 -1359.2 0

-953.5 2658.5 -1359.2 0
-940.5 2658.5 -1359.2 0

-953.5 -2658.5 -1376.19 0
-953.5 2658.5 -1376.19 0

-953.5 -2658.5 -1359.2 0
-953.5 2658.5 -1359.2 0

-953.5 -2658.5 -1376.19 0
-953.5 -2658.5 -1359.2 0

-953.5 2658.5 -1376.19 0
-953.5 2658.5 -1359.2 0

-940.5 -2658.5 -1359.2 0
-940.5 2658.5 -1359.2 0

-940.5 -2658.5 -1376.19 0
-940.5 2658.5 -1376.19 0

-940.5 -2658.5 -1359.2 0
-940.5 -2658.5 -1376.19 0

-940.5 2658.5 -1359.2 0
-940.5 2658.5 -1376.19 0

-940.5 -2658.5 -1376.19 0
-953.5 -2658.5 -1376.19 0

-940.5 -2658.5 -1359.2 0
-953.5 -2658.5 -1359.2 0

-940.5 -2658.5 -1376.19 0
-940.5 -2658.5 -1359.2 0

-953.5 -2658.5 -1376.19 0
-953.5 -2658.5 -1359.2 0

-940.5 2658.5 -1359.2 0
-953.5 2658.5 -1359.2 0

-940.5 2658.5 -1376.19 0
-953.5 2658.5 -1376.19 0

-940.5 2658.5 -1359.2 0
-940.5 2658.5 -1376.19 0

-953.5 2658.5 -1359.2 0
-953.5 2658.5 -1376.19 0

-940.5 -2658.5 -1359.2 0
-940.5 0 -1359.2 0

-940.5 0 -1359.2 0
-940.5 1329.25 -1359.2 0
-940.5 2658.5 -1359.2 0

-940.5 2658.5 -1359.2 0

-953.5 -2658.5 -1359.2 0
-953.5 2658.5 -1359.2 0

-940.5 -2658.5 -1359.2 0
-953.5 -2658.5 -1359.2 0

-940.5 2658.5 -1359.2 0
-953.5 2658.5 -1359.2 0

-953.5 -2658.5 -1342.21 0
-953.5 2658.5 -1342.21 0

-940.5 -2658.5 -1342.21 0
-940.5 2658.5 -1342.21 0

-953.5 -2658.5 -1342.21 0
-940.5 -2658.5 -1342.21 0

-953.5 2658.5 -1342.21 0
-940.5 2658.5 -1342.21 0

-953.5 -2658.5 -1359.2 0
-953.5 2658.5 -1359.2 0

-953.5 -2658.5 -1342.21 0
-953.5 2658.5 -1342.21 0

-953.5 -2658.5 -1359.2 0
-953.5 -2658.5 -1342.21 0

-953.5 2658.5 -1359.2 0
-953.5 2658.5 -1342.21 0

-940.5 -2658.5 -1342.21 0
-940.5 2658.5 -1342.21 0

-940.5 -2658.5 -1359.2 0
-940.5 2658.5 -1359.2 0

-940.5 -2658.5 -1342.21 0
-940.5 -2658.5 -1359.2 0

-940.5 2658.5 -1342.21 0
-940.5 2658.5 -1359.2 0

-940.5 -2658.5 -1359.2 0
-953.5 -2658.5 -1359.2 0

-940.5 -2658.5 -1342.21 0
-953.5 -2658.5 -1342.21 0

-940.5 -2658.5 -1359.2 0
-940.5 -2658.5 -1342.21 0

-953.5 -2658.5 -1359.2 0
-953.5 -2658.5 -1342.21 0

-940.5 2658.5 -1342.21 0
-953.5 2658.5 -1342.21 0

-940.5 2658.5 -1359.2 0
-953.5 2658.5 -1359.2 0

-940.5 2658.5 -1342.21 0
-940.5 2658.5 -1359.2 0

-953.5 2658.5 -1342.21 0
-953.5 2658.5 -1359.2 0

-940.5 -2658.5 -1342.21 0
-940.5 0 -1342.21 0

-940.5 0 -1342.21 0
-940.5 1329.25 -1342.21 0
-940.5 2658.5 -1342.21 0

-940.5 2658.5 -1342.21 0

-953.5 -2658.5 -1342.21 0
-953.5 2658.5 -1342.21 0

-940.5 -2658.5 -1342.21 0
-953.5 -2658.5 -1342.21 0

-940.5 2658.5 -1342.21 0
-953.5 2658.5 -1342.21 0

-953.5 -2658.5 -1325.22 0
-953.5 2658.5 -1325.22 0

-940.5 -2658.5 -1325.22 0
-940.5 2658.5 -1325.22 0

-953.5 -2658.5 -1325.22 0
-940.5 -2658.5 -1325.22 0

-953.5 2658.5 -1325.22 0
-940.5 2658.5 -1325.22 0

-953.5 -2658.5 -1342.21 0
-953.5 2658.5 -1342.21 0

-953.5 -2658.5 -1325.22 0
-953.5 2658.5 -1325.22 0

-953.5 -2658.5 -1342.21 0
-953.5 -2658.5 -1325.22 0

-953.5 2658.5 -1342.21 0
-953.5 2658.5 -1325.22 0

-940.5 -2658.5 -1325.22 0
-940.5 2658.5 -1325.22 0

-940.5 -2658.5 -1342.21 0
-940.5 2658.5 -1342.21 0

-940.5 -2658.5 -1325.22 0
-940.5 -2658.5 -1342.21 0

-940.5 2658.5 -1325.22 0
-940.5 2658.5 -1342.21 0

-940.5 -2658.5 -1342.21 0
-953.5 -2658.5 -1342.21 0

-940.5 -2658.5 -1325.22 0
-953.5 -2658.5 -1325.22 0

-940.5 -2658.5 -1342.21 0
-940.5 -2658.5 -1325.22 0

-953.5 -2658.5 -1342.21 0
-953.5 -2658.5 -1325.22 0

-940.5 2658.5 -1325.22 0
-953.5 2658.5 -1325.22 0

-940.5 2658.5 -1342.21 0
-953.5 2658.5 -1342.21 0

-940.5 2658.5 -1325.22 0
-940.5 2658.5 -1342.21 0

-953.5 2658.5 -1325.22 0
-953.5 2658.5 -1342.21 0

-940.5 -2658.5 -1325.22 0
-940.5 0 -1325.22 0

-940.5 0 -1325.22 0
-940.5 1329.25 -1325.22 0
-940.5 2658.5 -1325.22 0

-940.5 2658.5 -1325.22 0

-953.5 -2658.5 -1325.22 0
-953.5 2658.5 -1325.22 0

-940.5 -2658.5 -1325.22 0
-953.5 -2658.5 -1325.22 0

-940.5 2658.5 -1325.22 0
-953.5 2658.5 -1325.22 0

-953.5 -2658.5 -1308.23 0
-953.5 2658.5 -1308.23 0

-940.5 -2658.5 -1308.23 0
-940.5 2658.5 -1308.23 0

-953.5 -2658.5 -1308.23 0
-940.5 -2658.5 -1308.23 0

-953.5 2658.5 -1308.23 0
-940.5 2658.5 -1308.23 0

-953.5 -2658.5 -1325.22 0
-953.5 2658.5 -1325.22 0

-953.5 -2658.5 -1308.23 0
-953.5 2658.5 -1308.23 0

-953.5 -2658.5 -1325.22 0
-953.5 -2658.5 -1308.23 0

-953.5 2658.5 -1325.22 0
-953.5 2658.5 -1308.23 0

-940.5 -2658.5 -1308.23 0
-940.5 2658.5 -1308.23 0

-940.5 -2658.5 -1325.22 0
-940.5 2658.5 -1325.22 0

-940.5 -2658.5 -1308.23 0
-940.5 -2658.5 -1325.22 0

-940.5 2658.5 -1308.23 0
-940.5 2658.5 -1325.22 0

-940.5 -2658.5 -1325.22 0
-953.5 -2658.5 -1325.22 0

-940.5 -2658.5 -1308.23 0
-953.5 -2658.5 -1308.23 0

-940.5 -2658.5 -1325.22 0
-940.5 -2658.5 -1308.23 0

-953.5 -2658.5 -1325.22 0
-953.5 -2658.5 -1308.23 0

-940.5 2658.5 -1308.23 0
-953.5 2658.5 -1308.23 0

-940.5 2658.5 -1325.22 0
-953.5 2658.5 -1325.22 0

-940.5 2658.5 -1308.23 0
-940.5 2658.5 -1325.22 0

-953.5 2658.5 -1308.23 0
-953.5 2658.5 -1325.22 0

-940.5 -2658.5 -1308.23 0
-940.5 0 -1308.23 0

-940.5 0 -1308.23 0
-940.5 1329.25 -1308.23 0
-940.5 2658.5 -1308.23 0

-940.5 2658.5 -1308.23 0

-953.5 -2658.5 -1308.23 0
-953.5 2658.5 -1308.23 0

-940.5 -2658.5 -1308.23 0
-953.5 -2658.5 -1308.23 0

-940.5 2658.5 -1308.23 0
-953.5 2658.5 -1308.23 0

-953.5 -2658.5 -1291.24 0
-953.5 2658.5 -1291.24 0

-940.5 -2658.5 -1291.24 0
-940.5 2658.5 -1291.24 0

-953.5 -2658.5 -1291.24 0
-940.5 -2658.5 -1291.24 0

-953.5 2658.5 -1291.24 0
-940.5 2658.5 -1291.24 0

-953.5 -2658.5 -1308.23 0
-953.5 2658.5 -1308.23 0

-953.5 -2658.5 -1291.24 0
-953.5 2658.5 -1291.24 0

-953.5 -2658.5 -1308.23 0
-953.5 -2658.5 -1291.24 0

-953.5 2658.5 -1308.23 0
-953.5 2658.5 -1291.24 0

-940.5 -2658.5 -1291.24 0
-940.5 2658.5 -1291.24 0

-940.5 -2658.5 -1308.23 0
-940.5 2658.5 -1308.23 0

-940.5 -2658.5 -1291.24 0
-940.5 -2658.5 -1308.23 0

-940.5 2658.5 -1291.24 0
-940.5 2658.5 -1308.23 0

-940.5 -2658.5 -1308.23 0
-953.5 -2658.5 -1308.23 0

-940.5 -2658.5 -1291.24 0
-953.5 -2658.5 -1291.24 0

-940.5 -2658.5 -1308.23 0
-940.5 -2658.5 -1291.24 0

-953.5 -2658.5 -1308.23 0
-953.5 -2658.5 -1291.24 0

-940.5 2658.5 -1291.24 0
-953.5 2658.5 -1291.24 0

-940.5 2658.5 -1308.23 0
-953.5 2658.5 -1308.23 0

-940.5 2658.5 -1291.24 0
-940.5 2658.5 -1308.23 0

-953.5 2658.5 -1291.24 0
-953.5 2658.5 -1308.23 0

-940.5 -2658.5 -1291.24 0
-940.5 0 -1291.24 0

-940.5 0 -1291.24 0
-940.5 1329.25 -1291.24 0
-940.5 2658.5 -1291.24 0

-940.5 2658.5 -1291.24 0

-953.5 -2658.5 -1291.24 0
-953.5 2658.5 -1291.24 0

-940.5 -2658.5 -1291.24 0
-953.5 -2658.5 -1291.24 0

-940.5 2658.5 -1291.24 0
-953.5 2658.5 -1291.24 0

-953.5 -2658.5 -1274.25 0
-953.5 2658.5 -1274.25 0

-940.5 -2658.5 -1274.25 0
-940.5 2658.5 -1274.25 0

-953.5 -2658.5 -1274.25 0
-940.5 -2658.5 -1274.25 0

-953.5 2658.5 -1274.25 0
-940.5 2658.5 -1274.25 0

-953.5 -2658.5 -1291.24 0
-953.5 2658.5 -1291.24 0

-953.5 -2658.5 -1274.25 0
-953.5 2658.5 -1274.25 0

-953.5 -2658.5 -1291.24 0
-953.5 -2658.5 -1274.25 0

-953.5 2658.5 -1291.24 0
-953.5 2658.5 -1274.25 0

-940.5 -2658.5 -1274.25 0
-940.5 2658.5 -1274.25 0

-940.5 -2658.5 -1291.24 0
-940.5 2658.5 -1291.24 0

-940.5 -2658.5 -1274.25 0
-940.5 -2658.5 -1291.24 0

-940.5 2658.5 -1274.25 0
-940.5 2658.5 -1291.24 0

-940.5 -2658.5 -1291.24 0
-953.5 -2658.5 -1291.24 0

-940.5 -2658.5 -1274.25 0
-953.5 -2658.5 -1274.25 0

-940.5 -2658.5 -1291.24 0
-940.5 -2658.5 -1274.25 0

-953.5 -2658.5 -1291.24 0
-953.5 -2658.5 -1274.25 0

-940.5 2658.5 -1274.25 0
-953.5 2658.5 -1274.25 0

-940.5 2658.5 -1291.24 0
-953.5 2658.5 -1291.24 0

-940.5 2658.5 -1274.25 0
-940.5 2658.5 -1291.24 0

-953.5 2658.5 -1274.25 0
-953.5 2658.5 -1291.24 0

-940.5 -2658.5 -1274.25 0
-940.5 0 -1274.25 0

-940.5 0 -1274.25 0
-940.5 1329.25 -1274.25 0
-940.5 2658.5 -1274.25 0

-940.5 2658.5 -1274.25 0

-953.5 -2658.5 -1274.25 0
-953.5 2658.5 -1274.25 0

-940.5 -2658.5 -1274.25 0
-953.5 -2658.5 -1274.25 0

-940.5 2658.5 -1274.25 0
-953.5 2658.5 -1274.25 0

-953.5 -2658.5 -1257.26 0
-953.5 2658.5 -1257.26 0

-940.5 -2658.5 -1257.26 0
-940.5 2658.5 -1257.26 0

-953.5 -2658.5 -1257.26 0
-940.5 -2658.5 -1257.26 0

-953.5 2658.5 -1257.26 0
-940.5 2658.5 -1257.26 0

-953.5 -2658.5 -1274.25 0
-953.5 2658.5 -1274.25 0

-953.5 -2658.5 -1257.26 0
-953.5 2658.5 -1257.26 0

-953.5 -2658.5 -1274.25 0
-953.5 -2658.5 -1257.26 0

-953.5 2658.5 -1274.25 0
-953.5 2658.5 -1257.26 0

-940.5 -2658.5 -1257.26 0
-940.5 2658.5 -1257.26 0

-940.5 -2658.5 -1274.25 0
-940.5 2658.5 -1274.25 0

-940.5 -2658.5 -1257.26 0
-940.5 -2658.5 -1274.25 0

-940.5 2658.5 -1257.26 0
-940.5 2658.5 -1274.25 0

-940.5 -2658.5 -1274.25 0
-953.5 -2658.5 -1274.25 0

-940.5 -2658.5 -1257.26 0
-953.5 -2658.5 -1257.26 0

-940.5 -2658.5 -1274.25 0
-940.5 -2658.5 -1257.26 0

-953.5 -2658.5 -1274.25 0
-953.5 -2658.5 -1257.26 0

-940.5 2658.5 -1257.26 0
-953.5 2658.5 -1257.26 0

-940.5 2658.5 -1274.25 0
-953.5 2658.5 -1274.25 0

-940.5 2658.5 -1257.26 0
-940.5 2658.5 -1274.25 0

-953.5 2658.5 -1257.26 0
-953.5 2658.5 -1274.25 0

-940.5 -2658.5 -1257.26 0
-940.5 0 -1257.26 0

-940.5 0 -1257.26 0
-940.5 1329.25 -1257.26 0
-940.5 2658.5 -1257.26 0

-940.5 2658.5 -1257.26 0

-953.5 -2658.5 -1257.26 0
-953.5 2658.5 -1257.26 0

-940.5 -2658.5 -1257.26 0
-953.5 -2658.5 -1257.26 0

-940.5 2658.5 -1257.26 0
-953.5 2658.5 -1257.26 0

-953.5 -2658.5 -1240.27 0
-953.5 2658.5 -1240.27 0

-940.5 -2658.5 -1240.27 0
-940.5 2658.5 -1240.27 0

-953.5 -2658.5 -1240.27 0
-940.5 -2658.5 -1240.27 0

-953.5 2658.5 -1240.27 0
-940.5 2658.5 -1240.27 0

-953.5 -2658.5 -1257.26 0
-953.5 2658.5 -1257.26 0

-953.5 -2658.5 -1240.27 0
-953.5 2658.5 -1240.27 0

-953.5 -2658.5 -1257.26 0
-953.5 -2658.5 -1240.27 0

-953.5 2658.5 -1257.26 0
-953.5 2658.5 -1240.27 0

-940.5 -2658.5 -1240.27 0
-940.5 2658.5 -1240.27 0

-940.5 -2658.5 -1257.26 0
-940.5 2658.5 -1257.26 0

-940.5 -2658.5 -1240.27 0
-940.5 -2658.5 -1257.26 0

-940.5 2658.5 -1240.27 0
-940.5 2658.5 -1257.26 0

-940.5 -2658.5 -1257.26 0
-953.5 -2658.5 -1257.26 0

-940.5 -2658.5 -1240.27 0
-953.5 -2658.5 -1240.27 0

-940.5 -2658.5 -1257.26 0
-940.5 -2658.5 -1240.27 0

-953.5 -2658.5 -1257.26 0
-953.5 -2658.5 -1240.27 0

-940.5 2658.5 -1240.27 0
-953.5 2658.5 -1240.27 0

-940.5 2658.5 -1257.26 0
-953.5 2658.5 -1257.26 0

-940.5 2658.5 -1240.27 0
-940.5 2658.5 -1257.26 0

-953.5 2658.5 -1240.27 0
-953.5 2658.5 -1257.26 0

-940.5 -2658.5 -1240.27 0
-940.5 0 -1240.27 0

-940.5 0 -1240.27 0
-940.5 1329.25 -1240.27 0
-940.5 2658.5 -1240.27 0

-940.5 2658.5 -1240.27 0

-953.5 -2658.5 -1240.27 0
-953.5 2658.5 -1240.27 0

-940.5 -2658.5 -1240.27 0
-953.5 -2658.5 -1240.27 0

-940.5 2658.5 -1240.27 0
-953.5 2658.5 -1240.27 0

-953.5 -2658.5 -1223.28 0
-953.5 2658.5 -1223.28 0

-940.5 -2658.5 -1223.28 0
-940.5 2658.5 -1223.28 0

-953.5 -2658.5 -1223.28 0
-940.5 -2658.5 -1223.28 0

-953.5 2658.5 -1223.28 0
-940.5 2658.5 -1223.28 0

-953.5 -2658.5 -1240.27 0
-953.5 2658.5 -1240.27 0

-953.5 -2658.5 -1223.28 0
-953.5 2658.5 -1223.28 0

-953.5 -2658.5 -1240.27 0
-953.5 -2658.5 -1223.28 0

-953.5 2658.5 -1240.27 0
-953.5 2658.5 -1223.28 0

-940.5 -2658.5 -1223.28 0
-940.5 2658.5 -1223.28 0

-940.5 -2658.5 -1240.27 0
-940.5 2658.5 -1240.27 0

-940.5 -2658.5 -1223.28 0
-940.5 -2658.5 -1240.27 0

-940.5 2658.5 -1223.28 0
-940.5 2658.5 -1240.27 0

-940.5 -2658.5 -1240.27 0
-953.5 -2658.5 -1240.27 0

-940.5 -2658.5 -1223.28 0
-953.5 -2658.5 -1223.28 0

-940.5 -2658.5 -1240.27 0
-940.5 -2658.5 -1223.28 0

-953.5 -2658.5 -1240.27 0
-953.5 -2658.5 -1223.28 0

-940.5 2658.5 -1223.28 0
-953.5 2658.5 -1223.28 0

-940.5 2658.5 -1240.27 0
-953.5 2658.5 -1240.27 0

-940.5 2658.5 -1223.28 0
-940.5 2658.5 -1240.27 0

-953.5 2658.5 -1223.28 0
-953.5 2658.5 -1240.27 0

-940.5 -2658.5 -1223.28 0
-940.5 0 -1223.28 0

-940.5 0 -1223.28 0
-940.5 1329.25 -1223.28 0
-940.5 2658.5 -1223.28 0

-940.5 2658.5 -1223.28 0

-953.5 -2658.5 -1223.28 0
-953.5 2658.5 -1223.28 0

-940.5 -2658.5 -1223.28 0
-953.5 -2658.5 -1223.28 0

-940.5 2658.5 -1223.28 0
-953.5 2658.5 -1223.28 0

-953.5 -2658.5 -1206.29 0
-953.5 2658.5 -1206.29 0

-940.5 -2658.5 -1206.29 0
-940.5 2658.5 -1206.29 0

-953.5 -2658.5 -1206.29 0
-940.5 -2658.5 -1206.29 0

-953.5 2658.5 -1206.29 0
-940.5 2658.5 -1206.29 0

-953.5 -2658.5 -1223.28 0
-953.5 2658.5 -1223.28 0

-953.5 -2658.5 -1206.29 0
-953.5 2658.5 -1206.29 0

-953.5 -2658.5 -1223.28 0
-953.5 -2658.5 -1206.29 0

-953.5 2658.5 -1223.28 0
-953.5 2658.5 -1206.29 0

-940.5 -2658.5 -1206.29 0
-940.5 2658.5 -1206.29 0

-940.5 -2658.5 -1223.28 0
-940.5 2658.5 -1223.28 0

-940.5 -2658.5 -1206.29 0
-940.5 -2658.5 -1223.28 0

-940.5 2658.5 -1206.29 0
-940.5 2658.5 -1223.28 0

-940.5 -2658.5 -1223.28 0
-953.5 -2658.5 -1223.28 0

-940.5 -2658.5 -1206.29 0
-953.5 -2658.5 -1206.29 0

-940.5 -2658.5 -1223.28 0
-940.5 -2658.5 -1206.29 0

-953.5 -2658.5 -1223.28 0
-953.5 -2658.5 -1206.29 0

-940.5 2658.5 -1206.29 0
-953.5 2658.5 -1206.29 0

-940.5 2658.5 -1223.28 0
-953.5 2658.5 -1223.28 0

-940.5 2658.5 -1206.29 0
-940.5 2658.5 -1223.28 0

-953.5 2658.5 -1206.29 0
-953.5 2658.5 -1223.28 0

-940.5 -2658.5 -1206.29 0
-940.5 0 -1206.29 0

-940.5 0 -1206.29 0
-940.5 1329.25 -1206.29 0
-940.5 2658.5 -1206.29 0

-940.5 2658.5 -1206.29 0

-953.5 -2658.5 -1206.29 0
-953.5 2658.5 -1206.29 0

-940.5 -2658.5 -1206.29 0
-953.5 -2658.5 -1206.29 0

-940.5 2658.5 -1206.29 0
-953.5 2658.5 -1206.29 0

-953.5 -2658.5 -1189.3 0
-953.5 2658.5 -1189.3 0

-940.5 -2658.5 -1189.3 0
-940.5 2658.5 -1189.3 0

-953.5 -2658.5 -1189.3 0
-940.5 -2658.5 -1189.3 0

-953.5 2658.5 -1189.3 0
-940.5 2658.5 -1189.3 0

-953.5 -2658.5 -1206.29 0
-953.5 2658.5 -1206.29 0

-953.5 -2658.5 -1189.3 0
-953.5 2658.5 -1189.3 0

-953.5 -2658.5 -1206.29 0
-953.5 -2658.5 -1189.3 0

-953.5 2658.5 -1206.29 0
-953.5 2658.5 -1189.3 0

-940.5 -2658.5 -1189.3 0
-940.5 2658.5 -1189.3 0

-940.5 -2658.5 -1206.29 0
-940.5 2658.5 -1206.29 0

-940.5 -2658.5 -1189.3 0
-940.5 -2658.5 -1206.29 0

-940.5 2658.5 -1189.3 0
-940.5 2658.5 -1206.29 0

-940.5 -2658.5 -1206.29 0
-953.5 -2658.5 -1206.29 0

-940.5 -2658.5 -1189.3 0
-953.5 -2658.5 -1189.3 0

-940.5 -2658.5 -1206.29 0
-940.5 -2658.5 -1189.3 0

-953.5 -2658.5 -1206.29 0
-953.5 -2658.5 -1189.3 0

-940.5 2658.5 -1189.3 0
-953.5 2658.5 -1189.3 0

-940.5 2658.5 -1206.29 0
-953.5 2658.5 -1206.29 0

-940.5 2658.5 -1189.3 0
-940.5 2658.5 -1206.29 0

-953.5 2658.5 -1189.3 0
-953.5 2658.5 -1206.29 0

-940.5 -2658.5 -1189.3 0
-940.5 0 -1189.3 0

-940.5 0 -1189.3 0
-940.5 1329.25 -1189.3 0
-940.5 2658.5 -1189.3 0

-940.5 2658.5 -1189.3 0

-953.5 -2658.5 -1189.3 0
-953.5 2658.5 -1189.3 0

-940.5 -2658.5 -1189.3 0
-953.5 -2658.5 -1189.3 0

-940.5 2658.5 -1189.3 0
-953.5 2658.5 -1189.3 0

-953.5 -2658.5 -1172.31 0
-953.5 2658.5 -1172.31 0

-940.5 -2658.5 -1172.31 0
-940.5 2658.5 -1172.31 0

-953.5 -2658.5 -1172.31 0
-940.5 -2658.5 -1172.31 0

-953.5 2658.5 -1172.31 0
-940.5 2658.5 -1172.31 0

-953.5 -2658.5 -1189.3 0
-953.5 2658.5 -1189.3 0

-953.5 -2658.5 -1172.31 0
-953.5 2658.5 -1172.31 0

-953.5 -2658.5 -1189.3 0
-953.5 -2658.5 -1172.31 0

-953.5 2658.5 -1189.3 0
-953.5 2658.5 -1172.31 0

-940.5 -2658.5 -1172.31 0
-940.5 2658.5 -1172.31 0

-940.5 -2658.5 -1189.3 0
-940.5 2658.5 -1189.3 0

-940.5 -2658.5 -1172.31 0
-940.5 -2658.5 -1189.3 0

-940.5 2658.5 -1172.31 0
-940.5 2658.5 -1189.3 0

-940.5 -2658.5 -1189.3 0
-953.5 -2658.5 -1189.3 0

-940.5 -2658.5 -1172.31 0
-953.5 -2658.5 -1172.31 0

-940.5 -2658.5 -1189.3 0
-940.5 -2658.5 -1172.31 0

-953.5 -2658.5 -1189.3 0
-953.5 -2658.5 -1172.31 0

-940.5 2658.5 -1172.31 0
-953.5 2658.5 -1172.31 0

-940.5 2658.5 -1189.3 0
-953.5 2658.5 -1189.3 0

-940.5 2658.5 -1172.31 0
-940.5 2658.5 -1189.3 0

-953.5 2658.5 -1172.31 0
-953.5 2658.5 -1189.3 0

-940.5 -2658.5 -1172.31 0
-940.5 0 -1172.31 0

-940.5 0 -1172.31 0
-940.5 1329.25 -1172.31 0
-940.5 2658.5 -1172.31 0

-940.5 2658.5 -1172.31 0

-953.5 -2658.5 -1172.31 0
-953.5 2658.5 -1172.31 0

-940.5 -2658.5 -1172.31 0
-953.5 -2658.5 -1172.31 0

-940.5 2658.5 -1172.31 0
-953.5 2658.5 -1172.31 0

-953.5 -2658.5 -1155.32 0
-953.5 2658.5 -1155.32 0

-940.5 -2658.5 -1155.32 0
-940.5 2658.5 -1155.32 0

-953.5 -2658.5 -1155.32 0
-940.5 -2658.5 -1155.32 0

-953.5 2658.5 -1155.32 0
-940.5 2658.5 -1155.32 0

-953.5 -2658.5 -1172.31 0
-953.5 2658.5 -1172.31 0

-953.5 -2658.5 -1155.32 0
-953.5 2658.5 -1155.32 0

-953.5 -2658.5 -1172.31 0
-953.5 -2658.5 -1155.32 0

-953.5 2658.5 -1172.31 0
-953.5 2658.5 -1155.32 0

-940.5 -2658.5 -1155.32 0
-940.5 2658.5 -1155.32 0

-940.5 -2658.5 -1172.31 0
-940.5 2658.5 -1172.31 0

-940.5 -2658.5 -1155.32 0
-940.5 -2658.5 -1172.31 0

-940.5 2658.5 -1155.32 0
-940.5 2658.5 -1172.31 0

-940.5 -2658.5 -1172.31 0
-953.5 -2658.5 -1172.31 0

-940.5 -2658.5 -1155.32 0
-953.5 -2658.5 -1155.32 0

-940.5 -2658.5 -1172.31 0
-940.5 -2658.5 -1155.32 0

-953.5 -2658.5 -1172.31 0
-953.5 -2658.5 -1155.32 0

-940.5 2658.5 -1155.32 0
-953.5 2658.5 -1155.32 0

-940.5 2658.5 -1172.31 0
-953.5 2658.5 -1172.31 0

-940.5 2658.5 -1155.32 0
-940.5 2658.5 -1172.31 0

-953.5 2658.5 -1155.32 0
-953.5 2658.5 -1172.31 0

-940.5 -2658.5 -1155.32 0
-940.5 0 -1155.32 0

-940.5 0 -1155.32 0
-940.5 1329.25 -1155.32 0
-940.5 2658.5 -1155.32 0

-940.5 2658.5 -1155.32 0

-953.5 -2658.5 -1155.32 0
-953.5 2658.5 -1155.32 0

-940.5 -2658.5 -1155.32 0
-953.5 -2658.5 -1155.32 0

-940.5 2658.5 -1155.32 0
-953.5 2658.5 -1155.32 0

-953.5 -2658.5 -1138.33 0
-953.5 2658.5 -1138.33 0

-940.5 -2658.5 -1138.33 0
-940.5 2658.5 -1138.33 0

-953.5 -2658.5 -1138.33 0
-940.5 -2658.5 -1138.33 0

-953.5 2658.5 -1138.33 0
-940.5 2658.5 -1138.33 0

-953.5 -2658.5 -1155.32 0
-953.5 2658.5 -1155.32 0

-953.5 -2658.5 -1138.33 0
-953.5 2658.5 -1138.33 0

-953.5 -2658.5 -1155.32 0
-953.5 -2658.5 -1138.33 0

-953.5 2658.5 -1155.32 0
-953.5 2658.5 -1138.33 0

-940.5 -2658.5 -1138.33 0
-940.5 2658.5 -1138.33 0

-940.5 -2658.5 -1155.32 0
-940.5 2658.5 -1155.32 0

-940.5 -2658.5 -1138.33 0
-940.5 -2658.5 -1155.32 0

-940.5 2658.5 -1138.33 0
-940.5 2658.5 -1155.32 0

-940.5 -2658.5 -1155.32 0
-953.5 -2658.5 -1155.32 0

-940.5 -2658.5 -1138.33 0
-953.5 -2658.5 -1138.33 0

-940.5 -2658.5 -1155.32 0
-940.5 -2658.5 -1138.33 0

-953.5 -2658.5 -1155.32 0
-953.5 -2658.5 -1138.33 0

-940.5 2658.5 -1138.33 0
-953.5 2658.5 -1138.33 0

-940.5 2658.5 -1155.32 0
-953.5 2658.5 -1155.32 0

-940.5 2658.5 -1138.33 0
-940.5 2658.5 -1155.32 0

-953.5 2658.5 -1138.33 0
-953.5 2658.5 -1155.32 0

-940.5 -2658.5 -1138.33 0
-940.5 0 -1138.33 0

-940.5 0 -1138.33 0
-940.5 1329.25 -1138.33 0
-940.5 2658.5 -1138.33 0

-940.5 2658.5 -1138.33 0

-953.5 -2658.5 -1138.33 0
-953.5 2658.5 -1138.33 0

-940.5 -2658.5 -1138.33 0
-953.5 -2658.5 -1138.33 0

-940.5 2658.5 -1138.33 0
-953.5 2658.5 -1138.33 0

-953.5 -2658.5 -1121.34 0
-953.5 2658.5 -1121.34 0

-940.5 -2658.5 -1121.34 0
-940.5 2658.5 -1121.34 0

-953.5 -2658.5 -1121.34 0
-940.5 -2658.5 -1121.34 0

-953.5 2658.5 -1121.34 0
-940.5 2658.5 -1121.34 0

-953.5 -2658.5 -1138.33 0
-953.5 2658.5 -1138.33 0

-953.5 -2658.5 -1121.34 0
-953.5 2658.5 -1121.34 0

-953.5 -2658.5 -1138.33 0
-953.5 -2658.5 -1121.34 0

-953.5 2658.5 -1138.33 0
-953.5 2658.5 -1121.34 0

-940.5 -2658.5 -1121.34 0
-940.5 2658.5 -1121.34 0

-940.5 -2658.5 -1138.33 0
-940.5 2658.5 -1138.33 0

-940.5 -2658.5 -1121.34 0
-940.5 -2658.5 -1138.33 0

-940.5 2658.5 -1121.34 0
-940.5 2658.5 -1138.33 0

-940.5 -2658.5 -1138.33 0
-953.5 -2658.5 -1138.33 0

-940.5 -2658.5 -1121.34 0
-953.5 -2658.5 -1121.34 0

-940.5 -2658.5 -1138.33 0
-940.5 -2658.5 -1121.34 0

-953.5 -2658.5 -1138.33 0
-953.5 -2658.5 -1121.34 0

-940.5 2658.5 -1121.34 0
-953.5 2658.5 -1121.34 0

-940.5 2658.5 -1138.33 0
-953.5 2658.5 -1138.33 0

-940.5 2658.5 -1121.34 0
-940.5 2658.5 -1138.33 0

-953.5 2658.5 -1121.34 0
-953.5 2658.5 -1138.33 0

-940.5 -2658.5 -1121.34 0
-940.5 0 -1121.34 0

-940.5 0 -1121.34 0
-940.5 1329.25 -1121.34 0
-940.5 2658.5 -1121.34 0

-940.5 2658.5 -1121.34 0

-953.5 -2658.5 -1121.34 0
-953.5 2658.5 -1121.34 0

-940.5 -2658.5 -1121.34 0
-953.5 -2658.5 -1121.34 0

-940.5 2658.5 -1121.34 0
-953.5 2658.5 -1121.34 0

-953.5 -2658.5 -1104.35 0
-953.5 2658.5 -1104.35 0

-940.5 -2658.5 -1104.35 0
-940.5 2658.5 -1104.35 0

-953.5 -2658.5 -1104.35 0
-940.5 -2658.5 -1104.35 0

-953.5 2658.5 -1104.35 0
-940.5 2658.5 -1104.35 0

-953.5 -2658.5 -1121.34 0
-953.5 2658.5 -1121.34 0

-953.5 -2658.5 -1104.35 0
-953.5 2658.5 -1104.35 0

-953.5 -2658.5 -1121.34 0
-953.5 -2658.5 -1104.35 0

-953.5 2658.5 -1121.34 0
-953.5 2658.5 -1104.35 0

-940.5 -2658.5 -1104.35 0
-940.5 2658.5 -1104.35 0

-940.5 -2658.5 -1121.34 0
-940.5 2658.5 -1121.34 0

-940.5 -2658.5 -1104.35 0
-940.5 -2658.5 -1121.34 0

-940.5 2658.5 -1104.35 0
-940.5 2658.5 -1121.34 0

-940.5 -2658.5 -1121.34 0
-953.5 -2658.5 -1121.34 0

-940.5 -2658.5 -1104.35 0
-953.5 -2658.5 -1104.35 0

-940.5 -2658.5 -1121.34 0
-940.5 -2658.5 -1104.35 0

-953.5 -2658.5 -1121.34 0
-953.5 -2658.5 -1104.35 0

-940.5 2658.5 -1104.35 0
-953.5 2658.5 -1104.35 0

-940.5 2658.5 -1121.34 0
-953.5 2658.5 -1121.34 0

-940.5 2658.5 -1104.35 0
-940.5 2658.5 -1121.34 0

-953.5 2658.5 -1104.35 0
-953.5 2658.5 -1121.34 0

-940.5 -2658.5 -1104.35 0
-940.5 0 -1104.35 0

-940.5 0 -1104.35 0
-940.5 1329.25 -1104.35 0
-940.5 2658.5 -1104.35 0

-940.5 2658.5 -1104.35 0

-953.5 -2658.5 -1104.35 0
-953.5 2658.5 -1104.35 0

-940.5 -2658.5 -1104.35 0
-953.5 -2658.5 -1104.35 0

-940.5 2658.5 -1104.35 0
-953.5 2658.5 -1104.35 0

-953.5 -2658.5 -1087.36 0
-953.5 2658.5 -1087.36 0

-940.5 -2658.5 -1087.36 0
-940.5 2658.5 -1087.36 0

-953.5 -2658.5 -1087.36 0
-940.5 -2658.5 -1087.36 0

-953.5 2658.5 -1087.36 0
-940.5 2658.5 -1087.36 0

-953.5 -2658.5 -1104.35 0
-953.5 2658.5 -1104.35 0

-953.5 -2658.5 -1087.36 0
-953.5 2658.5 -1087.36 0

-953.5 -2658.5 -1104.35 0
-953.5 -2658.5 -1087.36 0

-953.5 2658.5 -1104.35 0
-953.5 2658.5 -1087.36 0

-940.5 -2658.5 -1087.36 0
-940.5 2658.5 -1087.36 0

-940.5 -2658.5 -1104.35 0
-940.5 2658.5 -1104.35 0

-940.5 -2658.5 -1087.36 0
-940.5 -2658.5 -1104.35 0

-940.5 2658.5 -1087.36 0
-940.5 2658.5 -1104.35 0

-940.5 -2658.5 -1104.35 0
-953.5 -2658.5 -1104.35 0

-940.5 -2658.5 -1087.36 0
-953.5 -2658.5 -1087.36 0

-940.5 -2658.5 -1104.35 0
-940.5 -2658.5 -1087.36 0

-953.5 -2658.5 -1104.35 0
-953.5 -2658.5 -1087.36 0

-940.5 2658.5 -1087.36 0
-953.5 2658.5 -1087.36 0

-940.5 2658.5 -1104.35 0
-953.5 2658.5 -1104.35 0

-940.5 2658.5 -1087.36 0
-940.5 2658.5 -1104.35 0

-953.5 2658.5 -1087.36 0
-953.5 2658.5 -1104.35 0

-940.5 -2658.5 -1087.36 0
-940.5 0 -1087.36 0

-940.5 0 -1087.36 0
-940.5 1329.25 -1087.36 0
-940.5 2658.5 -1087.36 0

-940.5 2658.5 -1087.36 0

-953.5 -2658.5 -1087.36 0
-953.5 2658.5 -1087.36 0

-940.5 -2658.5 -1087.36 0
-953.5 -2658.5 -1087.36 0

-940.5 2658.5 -1087.36 0
-953.5 2658.5 -1087.36 0

-953.5 -2658.5 -1070.37 0
-953.5 2658.5 -1070.37 0

-940.5 -2658.5 -1070.37 0
-940.5 2658.5 -1070.37 0

-953.5 -2658.5 -1070.37 0
-940.5 -2658.5 -1070.37 0

-953.5 2658.5 -1070.37 0
-940.5 2658.5 -1070.37 0

-953.5 -2658.5 -1087.36 0
-953.5 2658.5 -1087.36 0

-953.5 -2658.5 -1070.37 0
-953.5 2658.5 -1070.37 0

-953.5 -2658.5 -1087.36 0
-953.5 -2658.5 -1070.37 0

-953.5 2658.5 -1087.36 0
-953.5 2658.5 -1070.37 0

-940.5 -2658.5 -1070.37 0
-940.5 2658.5 -1070.37 0

-940.5 -2658.5 -1087.36 0
-940.5 2658.5 -1087.36 0

-940.5 -2658.5 -1070.37 0
-940.5 -2658.5 -1087.36 0

-940.5 2658.5 -1070.37 0
-940.5 2658.5 -1087.36 0

-940.5 -2658.5 -1087.36 0
-953.5 -2658.5 -1087.36 0

-940.5 -2658.5 -1070.37 0
-953.5 -2658.5 -1070.37 0

-940.5 -2658.5 -1087.36 0
-940.5 -2658.5 -1070.37 0

-953.5 -2658.5 -1087.36 0
-953.5 -2658.5 -1070.37 0

-940.5 2658.5 -1070.37 0
-953.5 2658.5 -1070.37 0

-940.5 2658.5 -1087.36 0
-953.5 2658.5 -1087.36 0

-940.5 2658.5 -1070.37 0
-940.5 2658.5 -1087.36 0

-953.5 2658.5 -1070.37 0
-953.5 2658.5 -1087.36 0

-940.5 -2658.5 -1070.37 0
-940.5 0 -1070.37 0

-940.5 0 -1070.37 0
-940.5 1329.25 -1070.37 0
-940.5 2658.5 -1070.37 0

-940.5 2658.5 -1070.37 0

-953.5 -2658.5 -1070.37 0
-953.5 2658.5 -1070.37 0

-940.5 -2658.5 -1070.37 0
-953.5 -2658.5 -1070.37 0

-940.5 2658.5 -1070.37 0
-953.5 2658.5 -1070.37 0

-953.5 -2658.5 -1053.38 0
-953.5 2658.5 -1053.38 0

-940.5 -2658.5 -1053.38 0
-940.5 2658.5 -1053.38 0

-953.5 -2658.5 -1053.38 0
-940.5 -2658.5 -1053.38 0

-953.5 2658.5 -1053.38 0
-940.5 2658.5 -1053.38 0

-953.5 -2658.5 -1070.37 0
-953.5 2658.5 -1070.37 0

-953.5 -2658.5 -1053.38 0
-953.5 2658.5 -1053.38 0

-953.5 -2658.5 -1070.37 0
-953.5 -2658.5 -1053.38 0

-953.5 2658.5 -1070.37 0
-953.5 2658.5 -1053.38 0

-940.5 -2658.5 -1053.38 0
-940.5 2658.5 -1053.38 0

-940.5 -2658.5 -1070.37 0
-940.5 2658.5 -1070.37 0

-940.5 -2658.5 -1053.38 0
-940.5 -2658.5 -1070.37 0

-940.5 2658.5 -1053.38 0
-940.5 2658.5 -1070.37 0

-940.5 -2658.5 -1070.37 0
-953.5 -2658.5 -1070.37 0

-940.5 -2658.5 -1053.38 0
-953.5 -2658.5 -1053.38 0

-940.5 -2658.5 -1070.37 0
-940.5 -2658.5 -1053.38 0

-953.5 -2658.5 -1070.37 0
-953.5 -2658.5 -1053.38 0

-940.5 2658.5 -1053.38 0
-953.5 2658.5 -1053.38 0

-940.5 2658.5 -1070.37 0
-953.5 2658.5 -1070.37 0

-940.5 2658.5 -1053.38 0
-940.5 2658.5 -1070.37 0

-953.5 2658.5 -1053.38 0
-953.5 2658.5 -1070.37 0

-940.5 -2658.5 -1053.38 0
-940.5 0 -1053.38 0

-940.5 0 -1053.38 0
-940.5 1329.25 -1053.38 0
-940.5 2658.5 -1053.38 0

-940.5 2658.5 -1053.38 0

-953.5 -2658.5 -1053.38 0
-953.5 2658.5 -1053.38 0

-940.5 -2658.5 -1053.38 0
-953.5 -2658.5 -1053.38 0

-940.5 2658.5 -1053.38 0
-953.5 2658.5 -1053.38 0

-953.5 -2658.5 -1036.39 0
-953.5 2658.5 -1036.39 0

-940.5 -2658.5 -1036.39 0
-940.5 2658.5 -1036.39 0

-953.5 -2658.5 -1036.39 0
-940.5 -2658.5 -1036.39 0

-953.5 2658.5 -1036.39 0
-940.5 2658.5 -1036.39 0

-953.5 -2658.5 -1053.38 0
-953.5 2658.5 -1053.38 0

-953.5 -2658.5 -1036.39 0
-953.5 2658.5 -1036.39 0

-953.5 -2658.5 -1053.38 0
-953.5 -2658.5 -1036.39 0

-953.5 2658.5 -1053.38 0
-953.5 2658.5 -1036.39 0

-940.5 -2658.5 -1036.39 0
-940.5 2658.5 -1036.39 0

-940.5 -2658.5 -1053.38 0
-940.5 2658.5 -1053.38 0

-940.5 -2658.5 -1036.39 0
-940.5 -2658.5 -1053.38 0

-940.5 2658.5 -1036.39 0
-940.5 2658.5 -1053.38 0

-940.5 -2658.5 -1053.38 0
-953.5 -2658.5 -1053.38 0

-940.5 -2658.5 -1036.39 0
-953.5 -2658.5 -1036.39 0

-940.5 -2658.5 -1053.38 0
-940.5 -2658.5 -1036.39 0

-953.5 -2658.5 -1053.38 0
-953.5 -2658.5 -1036.39 0

-940.5 2658.5 -1036.39 0
-953.5 2658.5 -1036.39 0

-940.5 2658.5 -1053.38 0
-953.5 2658.5 -1053.38 0

-940.5 2658.5 -1036.39 0
-940.5 2658.5 -1053.38 0

-953.5 2658.5 -1036.39 0
-953.5 2658.5 -1053.38 0

-940.5 -2658.5 -1036.39 0
-940.5 0 -1036.39 0

-940.5 0 -1036.39 0
-940.5 1329.25 -1036.39 0
-940.5 2658.5 -1036.39 0

-940.5 2658.5 -1036.39 0

-953.5 -2658.5 -1036.39 0
-953.5 2658.5 -1036.39 0

-940.5 -2658.5 -1036.39 0
-953.5 -2658.5 -1036.39 0

-940.5 2658.5 -1036.39 0
-953.5 2658.5 -1036.39 0

-953.5 -2658.5 -1019.4 0
-953.5 2658.5 -1019.4 0

-940.5 -2658.5 -1019.4 0
-940.5 2658.5 -1019.4 0

-953.5 -2658.5 -1019.4 0
-940.5 -2658.5 -1019.4 0

-953.5 2658.5 -1019.4 0
-940.5 2658.5 -1019.4 0

-953.5 -2658.5 -1036.39 0
-953.5 2658.5 -1036.39 0

-953.5 -2658.5 -1019.4 0
-953.5 2658.5 -1019.4 0

-953.5 -2658.5 -1036.39 0
-953.5 -2658.5 -1019.4 0

-953.5 2658.5 -1036.39 0
-953.5 2658.5 -1019.4 0

-940.5 -2658.5 -1019.4 0
-940.5 2658.5 -1019.4 0

-940.5 -2658.5 -1036.39 0
-940.5 2658.5 -1036.39 0

-940.5 -2658.5 -1019.4 0
-940.5 -2658.5 -1036.39 0

-940.5 2658.5 -1019.4 0
-940.5 2658.5 -1036.39 0

-940.5 -2658.5 -1036.39 0
-953.5 -2658.5 -1036.39 0

-940.5 -2658.5 -1019.4 0
-953.5 -2658.5 -1019.4 0

-940.5 -2658.5 -1036.39 0
-940.5 -2658.5 -1019.4 0

-953.5 -2658.5 -1036.39 0
-953.5 -2658.5 -1019.4 0

-940.5 2658.5 -1019.4 0
-953.5 2658.5 -1019.4 0

-940.5 2658.5 -1036.39 0
-953.5 2658.5 -1036.39 0

-940.5 2658.5 -1019.4 0
-940.5 2658.5 -1036.39 0

-953.5 2658.5 -1019.4 0
-953.5 2658.5 -1036.39 0

-940.5 -2658.5 -1019.4 0
-940.5 0 -1019.4 0

-940.5 0 -1019.4 0
-940.5 1329.25 -1019.4 0
-940.5 2658.5 -1019.4 0

-940.5 2658.5 -1019.4 0

-953.5 -2658.5 -1019.4 0
-953.5 2658.5 -1019.4 0

-940.5 -2658.5 -1019.4 0
-953.5 -2658.5 -1019.4 0

-940.5 2658.5 -1019.4 0
-953.5 2658.5 -1019.4 0

-953.5 -2658.5 -1002.41 0
-953.5 2658.5 -1002.41 0

-940.5 -2658.5 -1002.41 0
-940.5 2658.5 -1002.41 0

-953.5 -2658.5 -1002.41 0
-940.5 -2658.5 -1002.41 0

-953.5 2658.5 -1002.41 0
-940.5 2658.5 -1002.41 0

-953.5 -2658.5 -1019.4 0
-953.5 2658.5 -1019.4 0

-953.5 -2658.5 -1002.41 0
-953.5 2658.5 -1002.41 0

-953.5 -2658.5 -1019.4 0
-953.5 -2658.5 -1002.41 0

-953.5 2658.5 -1019.4 0
-953.5 2658.5 -1002.41 0

-940.5 -2658.5 -1002.41 0
-940.5 2658.5 -1002.41 0

-940.5 -2658.5 -1019.4 0
-940.5 2658.5 -1019.4 0

-940.5 -2658.5 -1002.41 0
-940.5 -2658.5 -1019.4 0

-940.5 2658.5 -1002.41 0
-940.5 2658.5 -1019.4 0

-940.5 -2658.5 -1019.4 0
-953.5 -2658.5 -1019.4 0

-940.5 -2658.5 -1002.41 0
-953.5 -2658.5 -1002.41 0

-940.5 -2658.5 -1019.4 0
-940.5 -2658.5 -1002.41 0

-953.5 -2658.5 -1019.4 0
-953.5 -2658.5 -1002.41 0

-940.5 2658.5 -1002.41 0
-953.5 2658.5 -1002.41 0

-940.5 2658.5 -1019.4 0
-953.5 2658.5 -1019.4 0

-940.5 2658.5 -1002.41 0
-940.5 2658.5 -1019.4 0

-953.5 2658.5 -1002.41 0
-953.5 2658.5 -1019.4 0

-940.5 -2658.5 -1002.41 0
-940.5 0 -1002.41 0

-940.5 0 -1002.41 0
-940.5 1329.25 -1002.41 0
-940.5 2658.5 -1002.41 0

-940.5 2658.5 -1002.41 0

-953.5 -2658.5 -1002.41 0
-953.5 2658.5 -1002.41 0

-940.5 -2658.5 -1002.41 0
-953.5 -2658.5 -1002.41 0

-940.5 2658.5 -1002.41 0
-953.5 2658.5 -1002.41 0

-953.5 -2658.5 -985.42 0
-953.5 2658.5 -985.42 0

-940.5 -2658.5 -985.42 0
-940.5 2658.5 -985.42 0

-953.5 -2658.5 -985.42 0
-940.5 -2658.5 -985.42 0

-953.5 2658.5 -985.42 0
-940.5 2658.5 -985.42 0

-953.5 -2658.5 -1002.41 0
-953.5 2658.5 -1002.41 0

-953.5 -2658.5 -985.42 0
-953.5 2658.5 -985.42 0

-953.5 -2658.5 -1002.41 0
-953.5 -2658.5 -985.42 0

-953.5 2658.5 -1002.41 0
-953.5 2658.5 -985.42 0

-940.5 -2658.5 -985.42 0
-940.5 2658.5 -985.42 0

-940.5 -2658.5 -1002.41 0
-940.5 2658.5 -1002.41 0

-940.5 -2658.5 -985.42 0
-940.5 -2658.5 -1002.41 0

-940.5 2658.5 -985.42 0
-940.5 2658.5 -1002.41 0

-940.5 -2658.5 -1002.41 0
-953.5 -2658.5 -1002.41 0

-940.5 -2658.5 -985.42 0
-953.5 -2658.5 -985.42 0

-940.5 -2658.5 -1002.41 0
-940.5 -2658.5 -985.42 0

-953.5 -2658.5 -1002.41 0
-953.5 -2658.5 -985.42 0

-940.5 2658.5 -985.42 0
-953.5 2658.5 -985.42 0

-940.5 2658.5 -1002.41 0
-953.5 2658.5 -1002.41 0

-940.5 2658.5 -985.42 0
-940.5 2658.5 -1002.41 0

-953.5 2658.5 -985.42 0
-953.5 2658.5 -1002.41 0

-940.5 -2658.5 -985.42 0
-940.5 0 -985.42 0

-940.5 0 -985.42 0
-940.5 1329.25 -985.42 0
-940.5 2658.5 -985.42 0

-940.5 2658.5 -985.42 0

-953.5 -2658.5 -985.42 0
-953.5 2658.5 -985.42 0

-940.5 -2658.5 -985.42 0
-953.5 -2658.5 -985.42 0

-940.5 2658.5 -985.42 0
-953.5 2658.5 -985.42 0

-953.5 -2658.5 -968.43 0
-953.5 2658.5 -968.43 0

-940.5 -2658.5 -968.43 0
-940.5 2658.5 -968.43 0

-953.5 -2658.5 -968.43 0
-940.5 -2658.5 -968.43 0

-953.5 2658.5 -968.43 0
-940.5 2658.5 -968.43 0

-953.5 -2658.5 -985.42 0
-953.5 2658.5 -985.42 0

-953.5 -2658.5 -968.43 0
-953.5 2658.5 -968.43 0

-953.5 -2658.5 -985.42 0
-953.5 -2658.5 -968.43 0

-953.5 2658.5 -985.42 0
-953.5 2658.5 -968.43 0

-940.5 -2658.5 -968.43 0
-940.5 2658.5 -968.43 0

-940.5 -2658.5 -985.42 0
-940.5 2658.5 -985.42 0

-940.5 -2658.5 -968.43 0
-940.5 -2658.5 -985.42 0

-940.5 2658.5 -968.43 0
-940.5 2658.5 -985.42 0

-940.5 -2658.5 -985.42 0
-953.5 -2658.5 -985.42 0

-940.5 -2658.5 -968.43 0
-953.5 -2658.5 -968.43 0

-940.5 -2658.5 -985.42 0
-940.5 -2658.5 -968.43 0

-953.5 -2658.5 -985.42 0
-953.5 -2658.5 -968.43 0

-940.5 2658.5 -968.43 0
-953.5 2658.5 -968.43 0

-940.5 2658.5 -985.42 0
-953.5 2658.5 -985.42 0

-940.5 2658.5 -968.43 0
-940.5 2658.5 -985.42 0

-953.5 2658.5 -968.43 0
-953.5 2658.5 -985.42 0

-940.5 -2658.5 -968.43 0
-940.5 0 -968.43 0

-940.5 0 -968.43 0
-940.5 1329.25 -968.43 0
-940.5 2658.5 -968.43 0

-940.5 2658.5 -968.43 0

-953.5 -2658.5 -968.43 0
-953.5 2658.5 -968.43 0

-940.5 -2658.5 -968.43 0
-953.5 -2658.5 -968.43 0

-940.5 2658.5 -968.43 0
-953.5 2658.5 -968.43 0

-953.5 -2658.5 -951.44 0
-953.5 2658.5 -951.44 0

-940.5 -2658.5 -951.44 0
-940.5 2658.5 -951.44 0

-953.5 -2658.5 -951.44 0
-940.5 -2658.5 -951.44 0

-953.5 2658.5 -951.44 0
-940.5 2658.5 -951.44 0

-953.5 -2658.5 -968.43 0
-953.5 2658.5 -968.43 0

-953.5 -2658.5 -951.44 0
-953.5 2658.5 -951.44 0

-953.5 -2658.5 -968.43 0
-953.5 -2658.5 -951.44 0

-953.5 2658.5 -968.43 0
-953.5 2658.5 -951.44 0

-940.5 -2658.5 -951.44 0
-940.5 2658.5 -951.44 0

-940.5 -2658.5 -968.43 0
-940.5 2658.5 -968.43 0

-940.5 -2658.5 -951.44 0
-940.5 -2658.5 -968.43 0

-940.5 2658.5 -951.44 0
-940.5 2658.5 -968.43 0

-940.5 -2658.5 -968.43 0
-953.5 -2658.5 -968.43 0

-940.5 -2658.5 -951.44 0
-953.5 -2658.5 -951.44 0

-940.5 -2658.5 -968.43 0
-940.5 -2658.5 -951.44 0

-953.5 -2658.5 -968.43 0
-953.5 -2658.5 -951.44 0

-940.5 2658.5 -951.44 0
-953.5 2658.5 -951.44 0

-940.5 2658.5 -968.43 0
-953.5 2658.5 -968.43 0

-940.5 2658.5 -951.44 0
-940.5 2658.5 -968.43 0

-953.5 2658.5 -951.44 0
-953.5 2658.5 -968.43 0

-940.5 -2658.5 -951.44 0
-940.5 0 -951.44 0

-940.5 0 -951.44 0
-940.5 1329.25 -951.44 0
-940.5 2658.5 -951.44 0

-940.5 2658.5 -951.44 0

-953.5 -2658.5 -951.44 0
-953.5 2658.5 -951.44 0

-940.5 -2658.5 -951.44 0
-953.5 -2658.5 -951.44 0

-940.5 2658.5 -951.44 0
-953.5 2658.5 -951.44 0

-953.5 -2658.5 -934.45 0
-953.5 2658.5 -934.45 0

-940.5 -2658.5 -934.45 0
-940.5 2658.5 -934.45 0

-953.5 -2658.5 -934.45 0
-940.5 -2658.5 -934.45 0

-953.5 2658.5 -934.45 0
-940.5 2658.5 -934.45 0

-953.5 -2658.5 -951.44 0
-953.5 2658.5 -951.44 0

-953.5 -2658.5 -934.45 0
-953.5 2658.5 -934.45 0

-953.5 -2658.5 -951.44 0
-953.5 -2658.5 -934.45 0

-953.5 2658.5 -951.44 0
-953.5 2658.5 -934.45 0

-940.5 -2658.5 -934.45 0
-940.5 2658.5 -934.45 0

-940.5 -2658.5 -951.44 0
-940.5 2658.5 -951.44 0

-940.5 -2658.5 -934.45 0
-940.5 -2658.5 -951.44 0

-940.5 2658.5 -934.45 0
-940.5 2658.5 -951.44 0

-940.5 -2658.5 -951.44 0
-953.5 -2658.5 -951.44 0

-940.5 -2658.5 -934.45 0
-953.5 -2658.5 -934.45 0

-940.5 -2658.5 -951.44 0
-940.5 -2658.5 -934.45 0

-953.5 -2658.5 -951.44 0
-953.5 -2658.5 -934.45 0

-940.5 2658.5 -934.45 0
-953.5 2658.5 -934.45 0

-940.5 2658.5 -951.44 0
-953.5 2658.5 -951.44 0

-940.5 2658.5 -934.45 0
-940.5 2658.5 -951.44 0

-953.5 2658.5 -934.45 0
-953.5 2658.5 -951.44 0

-940.5 -2658.5 -934.45 0
-940.5 0 -934.45 0

-940.5 0 -934.45 0
-940.5 1329.25 -934.45 0
-940.5 2658.5 -934.45 0

-940.5 2658.5 -934.45 0

-953.5 -2658.5 -934.45 0
-953.5 2658.5 -934.45 0

-940.5 -2658.5 -934.45 0
-953.5 -2658.5 -934.45 0

-940.5 2658.5 -934.45 0
-953.5 2658.5 -934.45 0

-953.5 -2658.5 -917.46 0
-953.5 2658.5 -917.46 0

-940.5 -2658.5 -917.46 0
-940.5 2658.5 -917.46 0

-953.5 -2658.5 -917.46 0
-940.5 -2658.5 -917.46 0

-953.5 2658.5 -917.46 0
-940.5 2658.5 -917.46 0

-953.5 -2658.5 -934.45 0
-953.5 2658.5 -934.45 0

-953.5 -2658.5 -917.46 0
-953.5 2658.5 -917.46 0

-953.5 -2658.5 -934.45 0
-953.5 -2658.5 -917.46 0

-953.5 2658.5 -934.45 0
-953.5 2658.5 -917.46 0

-940.5 -2658.5 -917.46 0
-940.5 2658.5 -917.46 0

-940.5 -2658.5 -934.45 0
-940.5 2658.5 -934.45 0

-940.5 -2658.5 -917.46 0
-940.5 -2658.5 -934.45 0

-940.5 2658.5 -917.46 0
-940.5 2658.5 -934.45 0

-940.5 -2658.5 -934.45 0
-953.5 -2658.5 -934.45 0

-940.5 -2658.5 -917.46 0
-953.5 -2658.5 -917.46 0

-940.5 -2658.5 -934.45 0
-940.5 -2658.5 -917.46 0

-953.5 -2658.5 -934.45 0
-953.5 -2658.5 -917.46 0

-940.5 2658.5 -917.46 0
-953.5 2658.5 -917.46 0

-940.5 2658.5 -934.45 0
-953.5 2658.5 -934.45 0

-940.5 2658.5 -917.46 0
-940.5 2658.5 -934.45 0

-953.5 2658.5 -917.46 0
-953.5 2658.5 -934.45 0

-940.5 -2658.5 -917.46 0
-940.5 0 -917.46 0

-940.5 0 -917.46 0
-940.5 1329.25 -917.46 0
-940.5 2658.5 -917.46 0

-940.5 2658.5 -917.46 0

-953.5 -2658.5 -917.46 0
-953.5 2658.5 -917.46 0

-940.5 -2658.5 -917.46 0
-953.5 -2658.5 -917.46 0

-940.5 2658.5 -917.46 0
-953.5 2658.5 -917.46 0

-953.5 -2658.5 -900.47 0
-953.5 2658.5 -900.47 0

-940.5 -2658.5 -900.47 0
-940.5 2658.5 -900.47 0

-953.5 -2658.5 -900.47 0
-940.5 -2658.5 -900.47 0

-953.5 2658.5 -900.47 0
-940.5 2658.5 -900.47 0

-953.5 -2658.5 -917.46 0
-953.5 2658.5 -917.46 0

-953.5 -2658.5 -900.47 0
-953.5 2658.5 -900.47 0

-953.5 -2658.5 -917.46 0
-953.5 -2658.5 -900.47 0

-953.5 2658.5 -917.46 0
-953.5 2658.5 -900.47 0

-940.5 -2658.5 -900.47 0
-940.5 2658.5 -900.47 0

-940.5 -2658.5 -917.46 0
-940.5 2658.5 -917.46 0

-940.5 -2658.5 -900.47 0
-940.5 -2658.5 -917.46 0

-940.5 2658.5 -900.47 0
-940.5 2658.5 -917.46 0

-940.5 -2658.5 -917.46 0
-953.5 -2658.5 -917.46 0

-940.5 -2658.5 -900.47 0
-953.5 -2658.5 -900.47 0

-940.5 -2658.5 -917.46 0
-940.5 -2658.5 -900.47 0

-953.5 -2658.5 -917.46 0
-953.5 -2658.5 -900.47 0

-940.5 2658.5 -900.47 0
-953.5 2658.5 -900.47 0

-940.5 2658.5 -917.46 0
-953.5 2658.5 -917.46 0

-940.5 2658.5 -900.47 0
-940.5 2658.5 -917.46 0

-953.5 2658.5 -900.47 0
-953.5 2658.5 -917.46 0

-940.5 -2658.5 -900.47 0
-940.5 0 -900.47 0

-940.5 0 -900.47 0
-940.5 1329.25 -900.47 0
-940.5 2658.5 -900.47 0

-940.5 2658.5 -900.47 0

-953.5 -2658.5 -900.47 0
-953.5 2658.5 -900.47 0

-940.5 -2658.5 -900.47 0
-953.5 -2658.5 -900.47 0

-940.5 2658.5 -900.47 0
-953.5 2658.5 -900.47 0

-953.5 -2658.5 -883.48 0
-953.5 2658.5 -883.48 0

-940.5 -2658.5 -883.48 0
-940.5 2658.5 -883.48 0

-953.5 -2658.5 -883.48 0
-940.5 -2658.5 -883.48 0

-953.5 2658.5 -883.48 0
-940.5 2658.5 -883.48 0

-953.5 -2658.5 -900.47 0
-953.5 2658.5 -900.47 0

-953.5 -2658.5 -883.48 0
-953.5 2658.5 -883.48 0

-953.5 -2658.5 -900.47 0
-953.5 -2658.5 -883.48 0

-953.5 2658.5 -900.47 0
-953.5 2658.5 -883.48 0

-940.5 -2658.5 -883.48 0
-940.5 2658.5 -883.48 0

-940.5 -2658.5 -900.47 0
-940.5 2658.5 -900.47 0

-940.5 -2658.5 -883.48 0
-940.5 -2658.5 -900.47 0

-940.5 2658.5 -883.48 0
-940.5 2658.5 -900.47 0

-940.5 -2658.5 -900.47 0
-953.5 -2658.5 -900.47 0

-940.5 -2658.5 -883.48 0
-953.5 -2658.5 -883.48 0

-940.5 -2658.5 -900.47 0
-940.5 -2658.5 -883.48 0

-953.5 -2658.5 -900.47 0
-953.5 -2658.5 -883.48 0

-940.5 2658.5 -883.48 0
-953.5 2658.5 -883.48 0

-940.5 2658.5 -900.47 0
-953.5 2658.5 -900.47 0

-940.5 2658.5 -883.48 0
-940.5 2658.5 -900.47 0

-953.5 2658.5 -883.48 0
-953.5 2658.5 -900.47 0

-940.5 -2658.5 -883.48 0
-940.5 0 -883.48 0

-940.5 0 -883.48 0
-940.5 1329.25 -883.48 0
-940.5 2658.5 -883.48 0

-940.5 2658.5 -883.48 0

-953.5 -2658.5 -883.48 0
-953.5 2658.5 -883.48 0

-940.5 -2658.5 -883.48 0
-953.5 -2658.5 -883.48 0

-940.5 2658.5 -883.48 0
-953.5 2658.5 -883.48 0

-953.5 -2658.5 -866.49 0
-953.5 2658.5 -866.49 0

-940.5 -2658.5 -866.49 0
-940.5 2658.5 -866.49 0

-953.5 -2658.5 -866.49 0
-940.5 -2658.5 -866.49 0

-953.5 2658.5 -866.49 0
-940.5 2658.5 -866.49 0

-953.5 -2658.5 -883.48 0
-953.5 2658.5 -883.48 0

-953.5 -2658.5 -866.49 0
-953.5 2658.5 -866.49 0

-953.5 -2658.5 -883.48 0
-953.5 -2658.5 -866.49 0

-953.5 2658.5 -883.48 0
-953.5 2658.5 -866.49 0

-940.5 -2658.5 -866.49 0
-940.5 2658.5 -866.49 0

-940.5 -2658.5 -883.48 0
-940.5 2658.5 -883.48 0

-940.5 -2658.5 -866.49 0
-940.5 -2658.5 -883.48 0

-940.5 2658.5 -866.49 0
-940.5 2658.5 -883.48 0

-940.5 -2658.5 -883.48 0
-953.5 -2658.5 -883.48 0

-940.5 -2658.5 -866.49 0
-953.5 -2658.5 -866.49 0

-940.5 -2658.5 -883.48 0
-940.5 -2658.5 -866.49 0

-953.5 -2658.5 -883.48 0
-953.5 -2658.5 -866.49 0

-940.5 2658.5 -866.49 0
-953.5 2658.5 -866.49 0

-940.5 2658.5 -883.48 0
-953.5 2658.5 -883.48 0

-940.5 2658.5 -866.49 0
-940.5 2658.5 -883.48 0

-953.5 2658.5 -866.49 0
-953.5 2658.5 -883.48 0

-940.5 -2658.5 -866.49 0
-940.5 0 -866.49 0

-940.5 0 -866.49 0
-940.5 1329.25 -866.49 0
-940.5 2658.5 -866.49 0

-940.5 2658.5 -866.49 0

-953.5 -2658.5 -866.49 0
-953.5 2658.5 -866.49 0

-940.5 -2658.5 -866.49 0
-953.5 -2658.5 -866.49 0

-940.5 2658.5 -866.49 0
-953.5 2658.5 -866.49 0

-953.5 -2658.5 -849.5 0
-953.5 2658.5 -849.5 0

-940.5 -2658.5 -849.5 0
-940.5 2658.5 -849.5 0

-953.5 -2658.5 -849.5 0
-940.5 -2658.5 -849.5 0

-953.5 2658.5 -849.5 0
-940.5 2658.5 -849.5 0

-953.5 -2658.5 -866.49 0
-953.5 2658.5 -866.49 0

-953.5 -2658.5 -849.5 0
-953.5 2658.5 -849.5 0

-953.5 -2658.5 -866.49 0
-953.5 -2658.5 -849.5 0

-953.5 2658.5 -866.49 0
-953.5 2658.5 -849.5 0

-940.5 -2658.5 -849.5 0
-940.5 2658.5 -849.5 0

-940.5 -2658.5 -866.49 0
-940.5 2658.5 -866.49 0

-940.5 -2658.5 -849.5 0
-940.5 -2658.5 -866.49 0

-940.5 2658.5 -849.5 0
-940.5 2658.5 -866.49 0

-940.5 -2658.5 -866.49 0
-953.5 -2658.5 -866.49 0

-940.5 -2658.5 -849.5 0
-953.5 -2658.5 -849.5 0

-940.5 -2658.5 -866.49 0
-940.5 -2658.5 -849.5 0

-953.5 -2658.5 -866.49 0
-953.5 -2658.5 -849.5 0

-940.5 2658.5 -849.5 0
-953.5 2658.5 -849.5 0

-940.5 2658.5 -866.49 0
-953.5 2658.5 -866.49 0

-940.5 2658.5 -849.5 0
-940.5 2658.5 -866.49 0

-953.5 2658.5 -849.5 0
-953.5 2658.5 -866.49 0

-940.5 -2658.5 -849.5 0
-940.5 0 -849.5 0

-940.5 0 -849.5 0
-940.5 1329.25 -849.5 0
-940.5 2658.5 -849.5 0

-940.5 2658.5 -849.5 0

-953.5 -2658.5 -849.5 0
-953.5 2658.5 -849.5 0

-940.5 -2658.5 -849.5 0
-953.5 -2658.5 -849.5 0

-940.5 2658.5 -849.5 0
-953.5 2658.5 -849.5 0

-953.5 -2658.5 -832.51 0
-953.5 2658.5 -832.51 0

-940.5 -2658.5 -832.51 0
-940.5 2658.5 -832.51 0

-953.5 -2658.5 -832.51 0
-940.5 -2658.5 -832.51 0

-953.5 2658.5 -832.51 0
-940.5 2658.5 -832.51 0

-953.5 -2658.5 -849.5 0
-953.5 2658.5 -849.5 0

-953.5 -2658.5 -832.51 0
-953.5 2658.5 -832.51 0

-953.5 -2658.5 -849.5 0
-953.5 -2658.5 -832.51 0

-953.5 2658.5 -849.5 0
-953.5 2658.5 -832.51 0

-940.5 -2658.5 -832.51 0
-940.5 2658.5 -832.51 0

-940.5 -2658.5 -849.5 0
-940.5 2658.5 -849.5 0

-940.5 -2658.5 -832.51 0
-940.5 -2658.5 -849.5 0

-940.5 2658.5 -832.51 0
-940.5 2658.5 -849.5 0

-940.5 -2658.5 -849.5 0
-953.5 -2658.5 -849.5 0

-940.5 -2658.5 -832.51 0
-953.5 -2658.5 -832.51 0

-940.5 -2658.5 -849.5 0
-940.5 -2658.5 -832.51 0

-953.5 -2658.5 -849.5 0
-953.5 -2658.5 -832.51 0

-940.5 2658.5 -832.51 0
-953.5 2658.5 -832.51 0

-940.5 2658.5 -849.5 0
-953.5 2658.5 -849.5 0

-940.5 2658.5 -832.51 0
-940.5 2658.5 -849.5 0

-953.5 2658.5 -832.51 0
-953.5 2658.5 -849.5 0

-940.5 -2658.5 -832.51 0
-940.5 0 -832.51 0

-940.5 0 -832.51 0
-940.5 1329.25 -832.51 0
-940.5 2658.5 -832.51 0

-940.5 2658.5 -832.51 0

-953.5 -2658.5 -832.51 0
-953.5 2658.5 -832.51 0

-940.5 -2658.5 -832.51 0
-953.5 -2658.5 -832.51 0

-940.5 2658.5 -832.51 0
-953.5 2658.5 -832.51 0

-953.5 -2658.5 -815.52 0
-953.5 2658.5 -815.52 0

-940.5 -2658.5 -815.52 0
-940.5 2658.5 -815.52 0

-953.5 -2658.5 -815.52 0
-940.5 -2658.5 -815.52 0

-953.5 2658.5 -815.52 0
-940.5 2658.5 -815.52 0

-953.5 -2658.5 -832.51 0
-953.5 2658.5 -832.51 0

-953.5 -2658.5 -815.52 0
-953.5 2658.5 -815.52 0

-953.5 -2658.5 -832.51 0
-953.5 -2658.5 -815.52 0

-953.5 2658.5 -832.51 0
-953.5 2658.5 -815.52 0

-940.5 -2658.5 -815.52 0
-940.5 2658.5 -815.52 0

-940.5 -2658.5 -832.51 0
-940.5 2658.5 -832.51 0

-940.5 -2658.5 -815.52 0
-940.5 -2658.5 -832.51 0

-940.5 2658.5 -815.52 0
-940.5 2658.5 -832.51 0

-940.5 -2658.5 -832.51 0
-953.5 -2658.5 -832.51 0

-940.5 -2658.5 -815.52 0
-953.5 -2658.5 -815.52 0

-940.5 -2658.5 -832.51 0
-940.5 -2658.5 -815.52 0

-953.5 -2658.5 -832.51 0
-953.5 -2658.5 -815.52 0

-940.5 2658.5 -815.52 0
-953.5 2658.5 -815.52 0

-940.5 2658.5 -832.51 0
-953.5 2658.5 -832.51 0

-940.5 2658.5 -815.52 0
-940.5 2658.5 -832.51 0

-953.5 2658.5 -815.52 0
-953.5 2658.5 -832.51 0

-940.5 -2658.5 -815.52 0
-940.5 0 -815.52 0

-940.5 0 -815.52 0
-940.5 1329.25 -815.52 0
-940.5 2658.5 -815.52 0

-940.5 2658.5 -815.52 0

-953.5 -2658.5 -815.52 0
-953.5 2658.5 -815.52 0

-940.5 -2658.5 -815.52 0
-953.5 -2658.5 -815.52 0

-940.5 2658.5 -815.52 0
-953.5 2658.5 -815.52 0

-953.5 -2658.5 -798.53 0
-953.5 2658.5 -798.53 0

-940.5 -2658.5 -798.53 0
-940.5 2658.5 -798.53 0

-953.5 -2658.5 -798.53 0
-940.5 -2658.5 -798.53 0

-953.5 2658.5 -798.53 0
-940.5 2658.5 -798.53 0

-953.5 -2658.5 -815.52 0
-953.5 2658.5 -815.52 0

-953.5 -2658.5 -798.53 0
-953.5 2658.5 -798.53 0

-953.5 -2658.5 -815.52 0
-953.5 -2658.5 -798.53 0

-953.5 2658.5 -815.52 0
-953.5 2658.5 -798.53 0

-940.5 -2658.5 -798.53 0
-940.5 2658.5 -798.53 0

-940.5 -2658.5 -815.52 0
-940.5 2658.5 -815.52 0

-940.5 -2658.5 -798.53 0
-940.5 -2658.5 -815.52 0

-940.5 2658.5 -798.53 0
-940.5 2658.5 -815.52 0

-940.5 -2658.5 -815.52 0
-953.5 -2658.5 -815.52 0

-940.5 -2658.5 -798.53 0
-953.5 -2658.5 -798.53 0

-940.5 -2658.5 -815.52 0
-940.5 -2658.5 -798.53 0

-953.5 -2658.5 -815.52 0
-953.5 -2658.5 -798.53 0

-940.5 2658.5 -798.53 0
-953.5 2658.5 -798.53 0

-940.5 2658.5 -815.52 0
-953.5 2658.5 -815.52 0

-940.5 2658.5 -798.53 0
-940.5 2658.5 -815.52 0

-953.5 2658.5 -798.53 0
-953.5 2658.5 -815.52 0

-940.5 -2658.5 -798.53 0
-940.5 0 -798.53 0

-940.5 0 -798.53 0
-940.5 1329.25 -798.53 0
-940.5 2658.5 -798.53 0

-940.5 2658.5 -798.53 0

-953.5 -2658.5 -798.53 0
-953.5 2658.5 -798.53 0

-940.5 -2658.5 -798.53 0
-953.5 -2658.5 -798.53 0

-940.5 2658.5 -798.53 0
-953.5 2658.5 -798.53 0

-953.5 -2658.5 -781.54 0
-953.5 2658.5 -781.54 0

-940.5 -2658.5 -781.54 0
-940.5 2658.5 -781.54 0

-953.5 -2658.5 -781.54 0
-940.5 -2658.5 -781.54 0

-953.5 2658.5 -781.54 0
-940.5 2658.5 -781.54 0

-953.5 -2658.5 -798.53 0
-953.5 2658.5 -798.53 0

-953.5 -2658.5 -781.54 0
-953.5 2658.5 -781.54 0

-953.5 -2658.5 -798.53 0
-953.5 -2658.5 -781.54 0

-953.5 2658.5 -798.53 0
-953.5 2658.5 -781.54 0

-940.5 -2658.5 -781.54 0
-940.5 2658.5 -781.54 0

-940.5 -2658.5 -798.53 0
-940.5 2658.5 -798.53 0

-940.5 -2658.5 -781.54 0
-940.5 -2658.5 -798.53 0

-940.5 2658.5 -781.54 0
-940.5 2658.5 -798.53 0

-940.5 -2658.5 -798.53 0
-953.5 -2658.5 -798.53 0

-940.5 -2658.5 -781.54 0
-953.5 -2658.5 -781.54 0

-940.5 -2658.5 -798.53 0
-940.5 -2658.5 -781.54 0

-953.5 -2658.5 -798.53 0
-953.5 -2658.5 -781.54 0

-940.5 2658.5 -781.54 0
-953.5 2658.5 -781.54 0

-940.5 2658.5 -798.53 0
-953.5 2658.5 -798.53 0

-940.5 2658.5 -781.54 0
-940.5 2658.5 -798.53 0

-953.5 2658.5 -781.54 0
-953.5 2658.5 -798.53 0

-940.5 -2658.5 -781.54 0
-940.5 0 -781.54 0

-940.5 0 -781.54 0
-940.5 1329.25 -781.54 0
-940.5 2658.5 -781.54 0

-940.5 2658.5 -781.54 0

-953.5 -2658.5 -781.54 0
-953.5 2658.5 -781.54 0

-940.5 -2658.5 -781.54 0
-953.5 -2658.5 -781.54 0

-940.5 2658.5 -781.54 0
-953.5 2658.5 -781.54 0

-953.5 -2658.5 -764.55 0
-953.5 2658.5 -764.55 0

-940.5 -2658.5 -764.55 0
-940.5 2658.5 -764.55 0

-953.5 -2658.5 -764.55 0
-940.5 -2658.5 -764.55 0

-953.5 2658.5 -764.55 0
-940.5 2658.5 -764.55 0

-953.5 -2658.5 -781.54 0
-953.5 2658.5 -781.54 0

-953.5 -2658.5 -764.55 0
-953.5 2658.5 -764.55 0

-953.5 -2658.5 -781.54 0
-953.5 -2658.5 -764.55 0

-953.5 2658.5 -781.54 0
-953.5 2658.5 -764.55 0

-940.5 -2658.5 -764.55 0
-940.5 2658.5 -764.55 0

-940.5 -2658.5 -781.54 0
-940.5 2658.5 -781.54 0

-940.5 -2658.5 -764.55 0
-940.5 -2658.5 -781.54 0

-940.5 2658.5 -764.55 0
-940.5 2658.5 -781.54 0

-940.5 -2658.5 -781.54 0
-953.5 -2658.5 -781.54 0

-940.5 -2658.5 -764.55 0
-953.5 -2658.5 -764.55 0

-940.5 -2658.5 -781.54 0
-940.5 -2658.5 -764.55 0

-953.5 -2658.5 -781.54 0
-953.5 -2658.5 -764.55 0

-940.5 2658.5 -764.55 0
-953.5 2658.5 -764.55 0

-940.5 2658.5 -781.54 0
-953.5 2658.5 -781.54 0

-940.5 2658.5 -764.55 0
-940.5 2658.5 -781.54 0

-953.5 2658.5 -764.55 0
-953.5 2658.5 -781.54 0

-940.5 -2658.5 -764.55 0
-940.5 0 -764.55 0

-940.5 0 -764.55 0
-940.5 1329.25 -764.55 0
-940.5 2658.5 -764.55 0

-940.5 2658.5 -764.55 0

-953.5 -2658.5 -764.55 0
-953.5 2658.5 -764.55 0

-940.5 -2658.5 -764.55 0
-953.5 -2658.5 -764.55 0

-940.5 2658.5 -764.55 0
-953.5 2658.5 -764.55 0

-953.5 -2658.5 -747.56 0
-953.5 2658.5 -747.56 0

-940.5 -2658.5 -747.56 0
-940.5 2658.5 -747.56 0

-953.5 -2658.5 -747.56 0
-940.5 -2658.5 -747.56 0

-953.5 2658.5 -747.56 0
-940.5 2658.5 -747.56 0

-953.5 -2658.5 -764.55 0
-953.5 2658.5 -764.55 0

-953.5 -2658.5 -747.56 0
-953.5 2658.5 -747.56 0

-953.5 -2658.5 -764.55 0
-953.5 -2658.5 -747.56 0

-953.5 2658.5 -764.55 0
-953.5 2658.5 -747.56 0

-940.5 -2658.5 -747.56 0
-940.5 2658.5 -747.56 0

-940.5 -2658.5 -764.55 0
-940.5 2658.5 -764.55 0

-940.5 -2658.5 -747.56 0
-940.5 -2658.5 -764.55 0

-940.5 2658.5 -747.56 0
-940.5 2658.5 -764.55 0

-940.5 -2658.5 -764.55 0
-953.5 -2658.5 -764.55 0

-940.5 -2658.5 -747.56 0
-953.5 -2658.5 -747.56 0

-940.5 -2658.5 -764.55 0
-940.5 -2658.5 -747.56 0

-953.5 -2658.5 -764.55 0
-953.5 -2658.5 -747.56 0

-940.5 2658.5 -747.56 0
-953.5 2658.5 -747.56 0

-940.5 2658.5 -764.55 0
-953.5 2658.5 -764.55 0

-940.5 2658.5 -747.56 0
-940.5 2658.5 -764.55 0

-953.5 2658.5 -747.56 0
-953.5 2658.5 -764.55 0

-940.5 -2658.5 -747.56 0
-940.5 0 -747.56 0

-940.5 0 -747.56 0
-940.5 1329.25 -747.56 0
-940.5 2658.5 -747.56 0

-940.5 2658.5 -747.56 0

-953.5 -2658.5 -747.56 0
-953.5 2658.5 -747.56 0

-940.5 -2658.5 -747.56 0
-953.5 -2658.5 -747.56 0

-940.5 2658.5 -747.56 0
-953.5 2658.5 -747.56 0

-953.5 -2658.5 -730.57 0
-953.5 2658.5 -730.57 0

-940.5 -2658.5 -730.57 0
-940.5 2658.5 -730.57 0

-953.5 -2658.5 -730.57 0
-940.5 -2658.5 -730.57 0

-953.5 2658.5 -730.57 0
-940.5 2658.5 -730.57 0

-953.5 -2658.5 -747.56 0
-953.5 2658.5 -747.56 0

-953.5 -2658.5 -730.57 0
-953.5 2658.5 -730.57 0

-953.5 -2658.5 -747.56 0
-953.5 -2658.5 -730.57 0

-953.5 2658.5 -747.56 0
-953.5 2658.5 -730.57 0

-940.5 -2658.5 -730.57 0
-940.5 2658.5 -730.57 0

-940.5 -2658.5 -747.56 0
-940.5 2658.5 -747.56 0

-940.5 -2658.5 -730.57 0
-940.5 -2658.5 -747.56 0

-940.5 2658.5 -730.57 0
-940.5 2658.5 -747.56 0

-940.5 -2658.5 -747.56 0
-953.5 -2658.5 -747.56 0

-940.5 -2658.5 -730.57 0
-953.5 -2658.5 -730.57 0

-940.5 -2658.5 -747.56 0
-940.5 -2658.5 -730.57 0

-953.5 -2658.5 -747.56 0
-953.5 -2658.5 -730.57 0

-940.5 2658.5 -730.57 0
-953.5 2658.5 -730.57 0

-940.5 2658.5 -747.56 0
-953.5 2658.5 -747.56 0

-940.5 2658.5 -730.57 0
-940.5 2658.5 -747.56 0

-953.5 2658.5 -730.57 0
-953.5 2658.5 -747.56 0

-940.5 -2658.5 -730.57 0
-940.5 0 -730.57 0

-940.5 0 -730.57 0
-940.5 1329.25 -730.57 0
-940.5 2658.5 -730.57 0

-940.5 2658.5 -730.57 0

-953.5 -2658.5 -730.57 0
-953.5 2658.5 -730.57 0

-940.5 -2658.5 -730.57 0
-953.5 -2658.5 -730.57 0

-940.5 2658.5 -730.57 0
-953.5 2658.5 -730.57 0

-953.5 -2658.5 -713.58 0
-953.5 2658.5 -713.58 0

-940.5 -2658.5 -713.58 0
-940.5 2658.5 -713.58 0

-953.5 -2658.5 -713.58 0
-940.5 -2658.5 -713.58 0

-953.5 2658.5 -713.58 0
-940.5 2658.5 -713.58 0

-953.5 -2658.5 -730.57 0
-953.5 2658.5 -730.57 0

-953.5 -2658.5 -713.58 0
-953.5 2658.5 -713.58 0

-953.5 -2658.5 -730.57 0
-953.5 -2658.5 -713.58 0

-953.5 2658.5 -730.57 0
-953.5 2658.5 -713.58 0

-940.5 -2658.5 -713.58 0
-940.5 2658.5 -713.58 0

-940.5 -2658.5 -730.57 0
-940.5 2658.5 -730.57 0

-940.5 -2658.5 -713.58 0
-940.5 -2658.5 -730.57 0

-940.5 2658.5 -713.58 0
-940.5 2658.5 -730.57 0

-940.5 -2658.5 -730.57 0
-953.5 -2658.5 -730.57 0

-940.5 -2658.5 -713.58 0
-953.5 -2658.5 -713.58 0

-940.5 -2658.5 -730.57 0
-940.5 -2658.5 -713.58 0

-953.5 -2658.5 -730.57 0
-953.5 -2658.5 -713.58 0

-940.5 2658.5 -713.58 0
-953.5 2658.5 -713.58 0

-940.5 2658.5 -730.57 0
-953.5 2658.5 -730.57 0

-940.5 2658.5 -713.58 0
-940.5 2658.5 -730.57 0

-953.5 2658.5 -713.58 0
-953.5 2658.5 -730.57 0

-940.5 -2658.5 -713.58 0
-940.5 0 -713.58 0

-940.5 0 -713.58 0
-940.5 1329.25 -713.58 0
-940.5 2658.5 -713.58 0

-940.5 2658.5 -713.58 0

-953.5 -2658.5 -713.58 0
-953.5 2658.5 -713.58 0

-940.5 -2658.5 -713.58 0
-953.5 -2658.5 -713.58 0

-940.5 2658.5 -713.58 0
-953.5 2658.5 -713.58 0

-953.5 -2658.5 -696.59 0
-953.5 2658.5 -696.59 0

-940.5 -2658.5 -696.59 0
-940.5 2658.5 -696.59 0

-953.5 -2658.5 -696.59 0
-940.5 -2658.5 -696.59 0

-953.5 2658.5 -696.59 0
-940.5 2658.5 -696.59 0

-953.5 -2658.5 -713.58 0
-953.5 2658.5 -713.58 0

-953.5 -2658.5 -696.59 0
-953.5 2658.5 -696.59 0

-953.5 -2658.5 -713.58 0
-953.5 -2658.5 -696.59 0

-953.5 2658.5 -713.58 0
-953.5 2658.5 -696.59 0

-940.5 -2658.5 -696.59 0
-940.5 2658.5 -696.59 0

-940.5 -2658.5 -713.58 0
-940.5 2658.5 -713.58 0

-940.5 -2658.5 -696.59 0
-940.5 -2658.5 -713.58 0

-940.5 2658.5 -696.59 0
-940.5 2658.5 -713.58 0

-940.5 -2658.5 -713.58 0
-953.5 -2658.5 -713.58 0

-940.5 -2658.5 -696.59 0
-953.5 -2658.5 -696.59 0

-940.5 -2658.5 -713.58 0
-940.5 -2658.5 -696.59 0

-953.5 -2658.5 -713.58 0
-953.5 -2658.5 -696.59 0

-940.5 2658.5 -696.59 0
-953.5 2658.5 -696.59 0

-940.5 2658.5 -713.58 0
-953.5 2658.5 -713.58 0

-940.5 2658.5 -696.59 0
-940.5 2658.5 -713.58 0

-953.5 2658.5 -696.59 0
-953.5 2658.5 -713.58 0

-940.5 -2658.5 -696.59 0
-940.5 0 -696.59 0

-940.5 0 -696.59 0
-940.5 1329.25 -696.59 0
-940.5 2658.5 -696.59 0

-940.5 2658.5 -696.59 0

-953.5 -2658.5 -696.59 0
-953.5 2658.5 -696.59 0

-940.5 -2658.5 -696.59 0
-953.5 -2658.5 -696.59 0

-940.5 2658.5 -696.59 0
-953.5 2658.5 -696.59 0

-953.5 -2658.5 -679.6 0
-953.5 2658.5 -679.6 0

-940.5 -2658.5 -679.6 0
-940.5 2658.5 -679.6 0

-953.5 -2658.5 -679.6 0
-940.5 -2658.5 -679.6 0

-953.5 2658.5 -679.6 0
-940.5 2658.5 -679.6 0

-953.5 -2658.5 -696.59 0
-953.5 2658.5 -696.59 0

-953.5 -2658.5 -679.6 0
-953.5 2658.5 -679.6 0

-953.5 -2658.5 -696.59 0
-953.5 -2658.5 -679.6 0

-953.5 2658.5 -696.59 0
-953.5 2658.5 -679.6 0

-940.5 -2658.5 -679.6 0
-940.5 2658.5 -679.6 0

-940.5 -2658.5 -696.59 0
-940.5 2658.5 -696.59 0

-940.5 -2658.5 -679.6 0
-940.5 -2658.5 -696.59 0

-940.5 2658.5 -679.6 0
-940.5 2658.5 -696.59 0

-940.5 -2658.5 -696.59 0
-953.5 -2658.5 -696.59 0

-940.5 -2658.5 -679.6 0
-953.5 -2658.5 -679.6 0

-940.5 -2658.5 -696.59 0
-940.5 -2658.5 -679.6 0

-953.5 -2658.5 -696.59 0
-953.5 -2658.5 -679.6 0

-940.5 2658.5 -679.6 0
-953.5 2658.5 -679.6 0

-940.5 2658.5 -696.59 0
-953.5 2658.5 -696.59 0

-940.5 2658.5 -679.6 0
-940.5 2658.5 -696.59 0

-953.5 2658.5 -679.6 0
-953.5 2658.5 -696.59 0

-940.5 -2658.5 -679.6 0
-940.5 0 -679.6 0

-940.5 0 -679.6 0
-940.5 1329.25 -679.6 0
-940.5 2658.5 -679.6 0

-940.5 2658.5 -679.6 0

-953.5 -2658.5 -679.6 0
-953.5 2658.5 -679.6 0

-940.5 -2658.5 -679.6 0
-953.5 -2658.5 -679.6 0

-940.5 2658.5 -679.6 0
-953.5 2658.5 -679.6 0

-953.5 -2658.5 -662.61 0
-953.5 2658.5 -662.61 0

-940.5 -2658.5 -662.61 0
-940.5 2658.5 -662.61 0

-953.5 -2658.5 -662.61 0
-940.5 -2658.5 -662.61 0

-953.5 2658.5 -662.61 0
-940.5 2658.5 -662.61 0

-953.5 -2658.5 -679.6 0
-953.5 2658.5 -679.6 0

-953.5 -2658.5 -662.61 0
-953.5 2658.5 -662.61 0

-953.5 -2658.5 -679.6 0
-953.5 -2658.5 -662.61 0

-953.5 2658.5 -679.6 0
-953.5 2658.5 -662.61 0

-940.5 -2658.5 -662.61 0
-940.5 2658.5 -662.61 0

-940.5 -2658.5 -679.6 0
-940.5 2658.5 -679.6 0

-940.5 -2658.5 -662.61 0
-940.5 -2658.5 -679.6 0

-940.5 2658.5 -662.61 0
-940.5 2658.5 -679.6 0

-940.5 -2658.5 -679.6 0
-953.5 -2658.5 -679.6 0

-940.5 -2658.5 -662.61 0
-953.5 -2658.5 -662.61 0

-940.5 -2658.5 -679.6 0
-940.5 -2658.5 -662.61 0

-953.5 -2658.5 -679.6 0
-953.5 -2658.5 -662.61 0

-940.5 2658.5 -662.61 0
-953.5 2658.5 -662.61 0

-940.5 2658.5 -679.6 0
-953.5 2658.5 -679.6 0

-940.5 2658.5 -662.61 0
-940.5 2658.5 -679.6 0

-953.5 2658.5 -662.61 0
-953.5 2658.5 -679.6 0

-940.5 -2658.5 -662.61 0
-940.5 0 -662.61 0

-940.5 0 -662.61 0
-940.5 1329.25 -662.61 0
-940.5 2658.5 -662.61 0

-940.5 2658.5 -662.61 0

-953.5 -2658.5 -662.61 0
-953.5 2658.5 -662.61 0

-940.5 -2658.5 -662.61 0
-953.5 -2658.5 -662.61 0

-940.5 2658.5 -662.61 0
-953.5 2658.5 -662.61 0

-953.5 -2658.5 -645.62 0
-953.5 2658.5 -645.62 0

-940.5 -2658.5 -645.62 0
-940.5 2658.5 -645.62 0

-953.5 -2658.5 -645.62 0
-940.5 -2658.5 -645.62 0

-953.5 2658.5 -645.62 0
-940.5 2658.5 -645.62 0

-953.5 -2658.5 -662.61 0
-953.5 2658.5 -662.61 0

-953.5 -2658.5 -645.62 0
-953.5 2658.5 -645.62 0

-953.5 -2658.5 -662.61 0
-953.5 -2658.5 -645.62 0

-953.5 2658.5 -662.61 0
-953.5 2658.5 -645.62 0

-940.5 -2658.5 -645.62 0
-940.5 2658.5 -645.62 0

-940.5 -2658.5 -662.61 0
-940.5 2658.5 -662.61 0

-940.5 -2658.5 -645.62 0
-940.5 -2658.5 -662.61 0

-940.5 2658.5 -645.62 0
-940.5 2658.5 -662.61 0

-940.5 -2658.5 -662.61 0
-953.5 -2658.5 -662.61 0

-940.5 -2658.5 -645.62 0
-953.5 -2658.5 -645.62 0

-940.5 -2658.5 -662.61 0
-940.5 -2658.5 -645.62 0

-953.5 -2658.5 -662.61 0
-953.5 -2658.5 -645.62 0

-940.5 2658.5 -645.62 0
-953.5 2658.5 -645.62 0

-940.5 2658.5 -662.61 0
-953.5 2658.5 -662.61 0

-940.5 2658.5 -645.62 0
-940.5 2658.5 -662.61 0

-953.5 2658.5 -645.62 0
-953.5 2658.5 -662.61 0

-940.5 -2658.5 -645.62 0
-940.5 0 -645.62 0

-940.5 0 -645.62 0
-940.5 1329.25 -645.62 0
-940.5 2658.5 -645.62 0

-940.5 2658.5 -645.62 0

-953.5 -2658.5 -645.62 0
-953.5 2658.5 -645.62 0

-940.5 -2658.5 -645.62 0
-953.5 -2658.5 -645.62 0

-940.5 2658.5 -645.62 0
-953.5 2658.5 -645.62 0

-953.5 -2658.5 -628.63 0
-953.5 2658.5 -628.63 0

-940.5 -2658.5 -628.63 0
-940.5 2658.5 -628.63 0

-953.5 -2658.5 -628.63 0
-940.5 -2658.5 -628.63 0

-953.5 2658.5 -628.63 0
-940.5 2658.5 -628.63 0

-953.5 -2658.5 -645.62 0
-953.5 2658.5 -645.62 0

-953.5 -2658.5 -628.63 0
-953.5 2658.5 -628.63 0

-953.5 -2658.5 -645.62 0
-953.5 -2658.5 -628.63 0

-953.5 2658.5 -645.62 0
-953.5 2658.5 -628.63 0

-940.5 -2658.5 -628.63 0
-940.5 2658.5 -628.63 0

-940.5 -2658.5 -645.62 0
-940.5 2658.5 -645.62 0

-940.5 -2658.5 -628.63 0
-940.5 -2658.5 -645.62 0

-940.5 2658.5 -628.63 0
-940.5 2658.5 -645.62 0

-940.5 -2658.5 -645.62 0
-953.5 -2658.5 -645.62 0

-940.5 -2658.5 -628.63 0
-953.5 -2658.5 -628.63 0

-940.5 -2658.5 -645.62 0
-940.5 -2658.5 -628.63 0

-953.5 -2658.5 -645.62 0
-953.5 -2658.5 -628.63 0

-940.5 2658.5 -628.63 0
-953.5 2658.5 -628.63 0

-940.5 2658.5 -645.62 0
-953.5 2658.5 -645.62 0

-940.5 2658.5 -628.63 0
-940.5 2658.5 -645.62 0

-953.5 2658.5 -628.63 0
-953.5 2658.5 -645.62 0

-940.5 -2658.5 -628.63 0
-940.5 0 -628.63 0

-940.5 0 -628.63 0
-940.5 1329.25 -628.63 0
-940.5 2658.5 -628.63 0

-940.5 2658.5 -628.63 0

-953.5 -2658.5 -628.63 0
-953.5 2658.5 -628.63 0

-940.5 -2658.5 -628.63 0
-953.5 -2658.5 -628.63 0

-940.5 2658.5 -628.63 0
-953.5 2658.5 -628.63 0

-953.5 -2658.5 -611.64 0
-953.5 2658.5 -611.64 0

-940.5 -2658.5 -611.64 0
-940.5 2658.5 -611.64 0

-953.5 -2658.5 -611.64 0
-940.5 -2658.5 -611.64 0

-953.5 2658.5 -611.64 0
-940.5 2658.5 -611.64 0

-953.5 -2658.5 -628.63 0
-953.5 2658.5 -628.63 0

-953.5 -2658.5 -611.64 0
-953.5 2658.5 -611.64 0

-953.5 -2658.5 -628.63 0
-953.5 -2658.5 -611.64 0

-953.5 2658.5 -628.63 0
-953.5 2658.5 -611.64 0

-940.5 -2658.5 -611.64 0
-940.5 2658.5 -611.64 0

-940.5 -2658.5 -628.63 0
-940.5 2658.5 -628.63 0

-940.5 -2658.5 -611.64 0
-940.5 -2658.5 -628.63 0

-940.5 2658.5 -611.64 0
-940.5 2658.5 -628.63 0

-940.5 -2658.5 -628.63 0
-953.5 -2658.5 -628.63 0

-940.5 -2658.5 -611.64 0
-953.5 -2658.5 -611.64 0

-940.5 -2658.5 -628.63 0
-940.5 -2658.5 -611.64 0

-953.5 -2658.5 -628.63 0
-953.5 -2658.5 -611.64 0

-940.5 2658.5 -611.64 0
-953.5 2658.5 -611.64 0

-940.5 2658.5 -628.63 0
-953.5 2658.5 -628.63 0

-940.5 2658.5 -611.64 0
-940.5 2658.5 -628.63 0

-953.5 2658.5 -611.64 0
-953.5 2658.5 -628.63 0

-940.5 -2658.5 -611.64 0
-940.5 0 -611.64 0

-940.5 0 -611.64 0
-940.5 1329.25 -611.64 0
-940.5 2658.5 -611.64 0

-940.5 2658.5 -611.64 0

-953.5 -2658.5 -611.64 0
-953.5 2658.5 -611.64 0

-940.5 -2658.5 -611.64 0
-953.5 -2658.5 -611.64 0

-940.5 2658.5 -611.64 0
-953.5 2658.5 -611.64 0

-953.5 -2658.5 -594.65 0
-953.5 2658.5 -594.65 0

-940.5 -2658.5 -594.65 0
-940.5 2658.5 -594.65 0

-953.5 -2658.5 -594.65 0
-940.5 -2658.5 -594.65 0

-953.5 2658.5 -594.65 0
-940.5 2658.5 -594.65 0

-953.5 -2658.5 -611.64 0
-953.5 2658.5 -611.64 0

-953.5 -2658.5 -594.65 0
-953.5 2658.5 -594.65 0

-953.5 -2658.5 -611.64 0
-953.5 -2658.5 -594.65 0

-953.5 2658.5 -611.64 0
-953.5 2658.5 -594.65 0

-940.5 -2658.5 -594.65 0
-940.5 2658.5 -594.65 0

-940.5 -2658.5 -611.64 0
-940.5 2658.5 -611.64 0

-940.5 -2658.5 -594.65 0
-940.5 -2658.5 -611.64 0

-940.5 2658.5 -594.65 0
-940.5 2658.5 -611.64 0

-940.5 -2658.5 -611.64 0
-953.5 -2658.5 -611.64 0

-940.5 -2658.5 -594.65 0
-953.5 -2658.5 -594.65 0

-940.5 -2658.5 -611.64 0
-940.5 -2658.5 -594.65 0

-953.5 -2658.5 -611.64 0
-953.5 -2658.5 -594.65 0

-940.5 2658.5 -594.65 0
-953.5 2658.5 -594.65 0

-940.5 2658.5 -611.64 0
-953.5 2658.5 -611.64 0

-940.5 2658.5 -594.65 0
-940.5 2658.5 -611.64 0

-953.5 2658.5 -594.65 0
-953.5 2658.5 -611.64 0

-940.5 -2658.5 -594.65 0
-940.5 0 -594.65 0

-940.5 0 -594.65 0
-940.5 1329.25 -594.65 0
-940.5 2658.5 -594.65 0

-940.5 2658.5 -594.65 0

-953.5 -2658.5 -594.65 0
-953.5 2658.5 -594.65 0

-940.5 -2658.5 -594.65 0
-953.5 -2658.5 -594.65 0

-940.5 2658.5 -594.65 0
-953.5 2658.5 -594.65 0

-953.5 -2658.5 -577.66 0
-953.5 2658.5 -577.66 0

-940.5 -2658.5 -577.66 0
-940.5 2658.5 -577.66 0

-953.5 -2658.5 -577.66 0
-940.5 -2658.5 -577.66 0

-953.5 2658.5 -577.66 0
-940.5 2658.5 -577.66 0

-953.5 -2658.5 -594.65 0
-953.5 2658.5 -594.65 0

-953.5 -2658.5 -577.66 0
-953.5 2658.5 -577.66 0

-953.5 -2658.5 -594.65 0
-953.5 -2658.5 -577.66 0

-953.5 2658.5 -594.65 0
-953.5 2658.5 -577.66 0

-940.5 -2658.5 -577.66 0
-940.5 2658.5 -577.66 0

-940.5 -2658.5 -594.65 0
-940.5 2658.5 -594.65 0

-940.5 -2658.5 -577.66 0
-940.5 -2658.5 -594.65 0

-940.5 2658.5 -577.66 0
-940.5 2658.5 -594.65 0

-940.5 -2658.5 -594.65 0
-953.5 -2658.5 -594.65 0

-940.5 -2658.5 -577.66 0
-953.5 -2658.5 -577.66 0

-940.5 -2658.5 -594.65 0
-940.5 -2658.5 -577.66 0

-953.5 -2658.5 -594.65 0
-953.5 -2658.5 -577.66 0

-940.5 2658.5 -577.66 0
-953.5 2658.5 -577.66 0

-940.5 2658.5 -594.65 0
-953.5 2658.5 -594.65 0

-940.5 2658.5 -577.66 0
-940.5 2658.5 -594.65 0

-953.5 2658.5 -577.66 0
-953.5 2658.5 -594.65 0

-940.5 -2658.5 -577.66 0
-940.5 0 -577.66 0

-940.5 0 -577.66 0
-940.5 1329.25 -577.66 0
-940.5 2658.5 -577.66 0

-940.5 2658.5 -577.66 0

-953.5 -2658.5 -577.66 0
-953.5 2658.5 -577.66 0

-940.5 -2658.5 -577.66 0
-953.5 -2658.5 -577.66 0

-940.5 2658.5 -577.66 0
-953.5 2658.5 -577.66 0

-953.5 -2658.5 -560.67 0
-953.5 2658.5 -560.67 0

-940.5 -2658.5 -560.67 0
-940.5 2658.5 -560.67 0

-953.5 -2658.5 -560.67 0
-940.5 -2658.5 -560.67 0

-953.5 2658.5 -560.67 0
-940.5 2658.5 -560.67 0

-953.5 -2658.5 -577.66 0
-953.5 2658.5 -577.66 0

-953.5 -2658.5 -560.67 0
-953.5 2658.5 -560.67 0

-953.5 -2658.5 -577.66 0
-953.5 -2658.5 -560.67 0

-953.5 2658.5 -577.66 0
-953.5 2658.5 -560.67 0

-940.5 -2658.5 -560.67 0
-940.5 2658.5 -560.67 0

-940.5 -2658.5 -577.66 0
-940.5 2658.5 -577.66 0

-940.5 -2658.5 -560.67 0
-940.5 -2658.5 -577.66 0

-940.5 2658.5 -560.67 0
-940.5 2658.5 -577.66 0

-940.5 -2658.5 -577.66 0
-953.5 -2658.5 -577.66 0

-940.5 -2658.5 -560.67 0
-953.5 -2658.5 -560.67 0

-940.5 -2658.5 -577.66 0
-940.5 -2658.5 -560.67 0

-953.5 -2658.5 -577.66 0
-953.5 -2658.5 -560.67 0

-940.5 2658.5 -560.67 0
-953.5 2658.5 -560.67 0

-940.5 2658.5 -577.66 0
-953.5 2658.5 -577.66 0

-940.5 2658.5 -560.67 0
-940.5 2658.5 -577.66 0

-953.5 2658.5 -560.67 0
-953.5 2658.5 -577.66 0

-940.5 -2658.5 -560.67 0
-940.5 0 -560.67 0

-940.5 0 -560.67 0
-940.5 1329.25 -560.67 0
-940.5 2658.5 -560.67 0

-940.5 2658.5 -560.67 0

-953.5 -2658.5 -560.67 0
-953.5 2658.5 -560.67 0

-940.5 -2658.5 -560.67 0
-953.5 -2658.5 -560.67 0

-940.5 2658.5 -560.67 0
-953.5 2658.5 -560.67 0

-953.5 -2658.5 -543.68 0
-953.5 2658.5 -543.68 0

-940.5 -2658.5 -543.68 0
-940.5 2658.5 -543.68 0

-953.5 -2658.5 -543.68 0
-940.5 -2658.5 -543.68 0

-953.5 2658.5 -543.68 0
-940.5 2658.5 -543.68 0

-953.5 -2658.5 -560.67 0
-953.5 2658.5 -560.67 0

-953.5 -2658.5 -543.68 0
-953.5 2658.5 -543.68 0

-953.5 -2658.5 -560.67 0
-953.5 -2658.5 -543.68 0

-953.5 2658.5 -560.67 0
-953.5 2658.5 -543.68 0

-940.5 -2658.5 -543.68 0
-940.5 2658.5 -543.68 0

-940.5 -2658.5 -560.67 0
-940.5 2658.5 -560.67 0

-940.5 -2658.5 -543.68 0
-940.5 -2658.5 -560.67 0

-940.5 2658.5 -543.68 0
-940.5 2658.5 -560.67 0

-940.5 -2658.5 -560.67 0
-953.5 -2658.5 -560.67 0

-940.5 -2658.5 -543.68 0
-953.5 -2658.5 -543.68 0

-940.5 -2658.5 -560.67 0
-940.5 -2658.5 -543.68 0

-953.5 -2658.5 -560.67 0
-953.5 -2658.5 -543.68 0

-940.5 2658.5 -543.68 0
-953.5 2658.5 -543.68 0

-940.5 2658.5 -560.67 0
-953.5 2658.5 -560.67 0

-940.5 2658.5 -543.68 0
-940.5 2658.5 -560.67 0

-953.5 2658.5 -543.68 0
-953.5 2658.5 -560.67 0

-940.5 -2658.5 -543.68 0
-940.5 0 -543.68 0

-940.5 0 -543.68 0
-940.5 1329.25 -543.68 0
-940.5 2658.5 -543.68 0

-940.5 2658.5 -543.68 0

-953.5 -2658.5 -543.68 0
-953.5 2658.5 -543.68 0

-940.5 -2658.5 -543.68 0
-953.5 -2658.5 -543.68 0

-940.5 2658.5 -543.68 0
-953.5 2658.5 -543.68 0

-953.5 -2658.5 -526.69 0
-953.5 2658.5 -526.69 0

-940.5 -2658.5 -526.69 0
-940.5 2658.5 -526.69 0

-953.5 -2658.5 -526.69 0
-940.5 -2658.5 -526.69 0

-953.5 2658.5 -526.69 0
-940.5 2658.5 -526.69 0

-953.5 -2658.5 -543.68 0
-953.5 2658.5 -543.68 0

-953.5 -2658.5 -526.69 0
-953.5 2658.5 -526.69 0

-953.5 -2658.5 -543.68 0
-953.5 -2658.5 -526.69 0

-953.5 2658.5 -543.68 0
-953.5 2658.5 -526.69 0

-940.5 -2658.5 -526.69 0
-940.5 2658.5 -526.69 0

-940.5 -2658.5 -543.68 0
-940.5 2658.5 -543.68 0

-940.5 -2658.5 -526.69 0
-940.5 -2658.5 -543.68 0

-940.5 2658.5 -526.69 0
-940.5 2658.5 -543.68 0

-940.5 -2658.5 -543.68 0
-953.5 -2658.5 -543.68 0

-940.5 -2658.5 -526.69 0
-953.5 -2658.5 -526.69 0

-940.5 -2658.5 -543.68 0
-940.5 -2658.5 -526.69 0

-953.5 -2658.5 -543.68 0
-953.5 -2658.5 -526.69 0

-940.5 2658.5 -526.69 0
-953.5 2658.5 -526.69 0

-940.5 2658.5 -543.68 0
-953.5 2658.5 -543.68 0

-940.5 2658.5 -526.69 0
-940.5 2658.5 -543.68 0

-953.5 2658.5 -526.69 0
-953.5 2658.5 -543.68 0

-940.5 -2658.5 -526.69 0
-940.5 0 -526.69 0

-940.5 0 -526.69 0
-940.5 1329.25 -526.69 0
-940.5 2658.5 -526.69 0

-940.5 2658.5 -526.69 0

-953.5 -2658.5 -526.69 0
-953.5 2658.5 -526.69 0

-940.5 -2658.5 -526.69 0
-953.5 -2658.5 -526.69 0

-940.5 2658.5 -526.69 0
-953.5 2658.5 -526.69 0

-953.5 -2658.5 -509.7 0
-953.5 2658.5 -509.7 0

-940.5 -2658.5 -509.7 0
-940.5 2658.5 -509.7 0

-953.5 -2658.5 -509.7 0
-940.5 -2658.5 -509.7 0

-953.5 2658.5 -509.7 0
-940.5 2658.5 -509.7 0

-953.5 -2658.5 -526.69 0
-953.5 2658.5 -526.69 0

-953.5 -2658.5 -509.7 0
-953.5 2658.5 -509.7 0

-953.5 -2658.5 -526.69 0
-953.5 -2658.5 -509.7 0

-953.5 2658.5 -526.69 0
-953.5 2658.5 -509.7 0

-940.5 -2658.5 -509.7 0
-940.5 2658.5 -509.7 0

-940.5 -2658.5 -526.69 0
-940.5 2658.5 -526.69 0

-940.5 -2658.5 -509.7 0
-940.5 -2658.5 -526.69 0

-940.5 2658.5 -509.7 0
-940.5 2658.5 -526.69 0

-940.5 -2658.5 -526.69 0
-953.5 -2658.5 -526.69 0

-940.5 -2658.5 -509.7 0
-953.5 -2658.5 -509.7 0

-940.5 -2658.5 -526.69 0
-940.5 -2658.5 -509.7 0

-953.5 -2658.5 -526.69 0
-953.5 -2658.5 -509.7 0

-940.5 2658.5 -509.7 0
-953.5 2658.5 -509.7 0

-940.5 2658.5 -526.69 0
-953.5 2658.5 -526.69 0

-940.5 2658.5 -509.7 0
-940.5 2658.5 -526.69 0

-953.5 2658.5 -509.7 0
-953.5 2658.5 -526.69 0

-940.5 -2658.5 -509.7 0
-940.5 0 -509.7 0

-940.5 0 -509.7 0
-940.5 1329.25 -509.7 0
-940.5 2658.5 -509.7 0

-940.5 2658.5 -509.7 0

-953.5 -2658.5 -509.7 0
-953.5 2658.5 -509.7 0

-940.5 -2658.5 -509.7 0
-953.5 -2658.5 -509.7 0

-940.5 2658.5 -509.7 0
-953.5 2658.5 -509.7 0

-953.5 -2658.5 -492.71 0
-953.5 2658.5 -492.71 0

-940.5 -2658.5 -492.71 0
-940.5 2658.5 -492.71 0

-953.5 -2658.5 -492.71 0
-940.5 -2658.5 -492.71 0

-953.5 2658.5 -492.71 0
-940.5 2658.5 -492.71 0

-953.5 -2658.5 -509.7 0
-953.5 2658.5 -509.7 0

-953.5 -2658.5 -492.71 0
-953.5 2658.5 -492.71 0

-953.5 -2658.5 -509.7 0
-953.5 -2658.5 -492.71 0

-953.5 2658.5 -509.7 0
-953.5 2658.5 -492.71 0

-940.5 -2658.5 -492.71 0
-940.5 2658.5 -492.71 0

-940.5 -2658.5 -509.7 0
-940.5 2658.5 -509.7 0

-940.5 -2658.5 -492.71 0
-940.5 -2658.5 -509.7 0

-940.5 2658.5 -492.71 0
-940.5 2658.5 -509.7 0

-940.5 -2658.5 -509.7 0
-953.5 -2658.5 -509.7 0

-940.5 -2658.5 -492.71 0
-953.5 -2658.5 -492.71 0

-940.5 -2658.5 -509.7 0
-940.5 -2658.5 -492.71 0

-953.5 -2658.5 -509.7 0
-953.5 -2658.5 -492.71 0

-940.5 2658.5 -492.71 0
-953.5 2658.5 -492.71 0

-940.5 2658.5 -509.7 0
-953.5 2658.5 -509.7 0

-940.5 2658.5 -492.71 0
-940.5 2658.5 -509.7 0

-953.5 2658.5 -492.71 0
-953.5 2658.5 -509.7 0

-940.5 -2658.5 -492.71 0
-940.5 0 -492.71 0

-940.5 0 -492.71 0
-940.5 1329.25 -492.71 0
-940.5 2658.5 -492.71 0

-940.5 2658.5 -492.71 0

-953.5 -2658.5 -492.71 0
-953.5 2658.5 -492.71 0

-940.5 -2658.5 -492.71 0
-953.5 -2658.5 -492.71 0

-940.5 2658.5 -492.71 0
-953.5 2658.5 -492.71 0

-953.5 -2658.5 -475.72 0
-953.5 2658.5 -475.72 0

-940.5 -2658.5 -475.72 0
-940.5 2658.5 -475.72 0

-953.5 -2658.5 -475.72 0
-940.5 -2658.5 -475.72 0

-953.5 2658.5 -475.72 0
-940.5 2658.5 -475.72 0

-953.5 -2658.5 -492.71 0
-953.5 2658.5 -492.71 0

-953.5 -2658.5 -475.72 0
-953.5 2658.5 -475.72 0

-953.5 -2658.5 -492.71 0
-953.5 -2658.5 -475.72 0

-953.5 2658.5 -492.71 0
-953.5 2658.5 -475.72 0

-940.5 -2658.5 -475.72 0
-940.5 2658.5 -475.72 0

-940.5 -2658.5 -492.71 0
-940.5 2658.5 -492.71 0

-940.5 -2658.5 -475.72 0
-940.5 -2658.5 -492.71 0

-940.5 2658.5 -475.72 0
-940.5 2658.5 -492.71 0

-940.5 -2658.5 -492.71 0
-953.5 -2658.5 -492.71 0

-940.5 -2658.5 -475.72 0
-953.5 -2658.5 -475.72 0

-940.5 -2658.5 -492.71 0
-940.5 -2658.5 -475.72 0

-953.5 -2658.5 -492.71 0
-953.5 -2658.5 -475.72 0

-940.5 2658.5 -475.72 0
-953.5 2658.5 -475.72 0

-940.5 2658.5 -492.71 0
-953.5 2658.5 -492.71 0

-940.5 2658.5 -475.72 0
-940.5 2658.5 -492.71 0

-953.5 2658.5 -475.72 0
-953.5 2658.5 -492.71 0

-940.5 -2658.5 -475.72 0
-940.5 0 -475.72 0

-940.5 0 -475.72 0
-940.5 1329.25 -475.72 0
-940.5 2658.5 -475.72 0

-940.5 2658.5 -475.72 0

-953.5 -2658.5 -475.72 0
-953.5 2658.5 -475.72 0

-940.5 -2658.5 -475.72 0
-953.5 -2658.5 -475.72 0

-940.5 2658.5 -475.72 0
-953.5 2658.5 -475.72 0

-953.5 -2658.5 -458.73 0
-953.5 2658.5 -458.73 0

-940.5 -2658.5 -458.73 0
-940.5 2658.5 -458.73 0

-953.5 -2658.5 -458.73 0
-940.5 -2658.5 -458.73 0

-953.5 2658.5 -458.73 0
-940.5 2658.5 -458.73 0

-953.5 -2658.5 -475.72 0
-953.5 2658.5 -475.72 0

-953.5 -2658.5 -458.73 0
-953.5 2658.5 -458.73 0

-953.5 -2658.5 -475.72 0
-953.5 -2658.5 -458.73 0

-953.5 2658.5 -475.72 0
-953.5 2658.5 -458.73 0

-940.5 -2658.5 -458.73 0
-940.5 2658.5 -458.73 0

-940.5 -2658.5 -475.72 0
-940.5 2658.5 -475.72 0

-940.5 -2658.5 -458.73 0
-940.5 -2658.5 -475.72 0

-940.5 2658.5 -458.73 0
-940.5 2658.5 -475.72 0

-940.5 -2658.5 -475.72 0
-953.5 -2658.5 -475.72 0

-940.5 -2658.5 -458.73 0
-953.5 -2658.5 -458.73 0

-940.5 -2658.5 -475.72 0
-940.5 -2658.5 -458.73 0

-953.5 -2658.5 -475.72 0
-953.5 -2658.5 -458.73 0

-940.5 2658.5 -458.73 0
-953.5 2658.5 -458.73 0

-940.5 2658.5 -475.72 0
-953.5 2658.5 -475.72 0

-940.5 2658.5 -458.73 0
-940.5 2658.5 -475.72 0

-953.5 2658.5 -458.73 0
-953.5 2658.5 -475.72 0

-940.5 -2658.5 -458.73 0
-940.5 0 -458.73 0

-940.5 0 -458.73 0
-940.5 1329.25 -458.73 0
-940.5 2658.5 -458.73 0

-940.5 2658.5 -458.73 0

-953.5 -2658.5 -458.73 0
-953.5 2658.5 -458.73 0

-940.5 -2658.5 -458.73 0
-953.5 -2658.5 -458.73 0

-940.5 2658.5 -458.73 0
-953.5 2658.5 -458.73 0

-953.5 -2658.5 -441.74 0
-953.5 2658.5 -441.74 0

-940.5 -2658.5 -441.74 0
-940.5 2658.5 -441.74 0

-953.5 -2658.5 -441.74 0
-940.5 -2658.5 -441.74 0

-953.5 2658.5 -441.74 0
-940.5 2658.5 -441.74 0

-953.5 -2658.5 -458.73 0
-953.5 2658.5 -458.73 0

-953.5 -2658.5 -441.74 0
-953.5 2658.5 -441.74 0

-953.5 -2658.5 -458.73 0
-953.5 -2658.5 -441.74 0

-953.5 2658.5 -458.73 0
-953.5 2658.5 -441.74 0

-940.5 -2658.5 -441.74 0
-940.5 2658.5 -441.74 0

-940.5 -2658.5 -458.73 0
-940.5 2658.5 -458.73 0

-940.5 -2658.5 -441.74 0
-940.5 -2658.5 -458.73 0

-940.5 2658.5 -441.74 0
-940.5 2658.5 -458.73 0

-940.5 -2658.5 -458.73 0
-953.5 -2658.5 -458.73 0

-940.5 -2658.5 -441.74 0
-953.5 -2658.5 -441.74 0

-940.5 -2658.5 -458.73 0
-940.5 -2658.5 -441.74 0

-953.5 -2658.5 -458.73 0
-953.5 -2658.5 -441.74 0

-940.5 2658.5 -441.74 0
-953.5 2658.5 -441.74 0

-940.5 2658.5 -458.73 0
-953.5 2658.5 -458.73 0

-940.5 2658.5 -441.74 0
-940.5 2658.5 -458.73 0

-953.5 2658.5 -441.74 0
-953.5 2658.5 -458.73 0

-940.5 -2658.5 -441.74 0
-940.5 0 -441.74 0

-940.5 0 -441.74 0
-940.5 1329.25 -441.74 0
-940.5 2658.5 -441.74 0

-940.5 2658.5 -441.74 0

-953.5 -2658.5 -441.74 0
-953.5 2658.5 -441.74 0

-940.5 -2658.5 -441.74 0
-953.5 -2658.5 -441.74 0

-940.5 2658.5 -441.74 0
-953.5 2658.5 -441.74 0

-953.5 -2658.5 -424.75 0
-953.5 2658.5 -424.75 0

-940.5 -2658.5 -424.75 0
-940.5 2658.5 -424.75 0

-953.5 -2658.5 -424.75 0
-940.5 -2658.5 -424.75 0

-953.5 2658.5 -424.75 0
-940.5 2658.5 -424.75 0

-953.5 -2658.5 -441.74 0
-953.5 2658.5 -441.74 0

-953.5 -2658.5 -424.75 0
-953.5 2658.5 -424.75 0

-953.5 -2658.5 -441.74 0
-953.5 -2658.5 -424.75 0

-953.5 2658.5 -441.74 0
-953.5 2658.5 -424.75 0

-940.5 -2658.5 -424.75 0
-940.5 2658.5 -424.75 0

-940.5 -2658.5 -441.74 0
-940.5 2658.5 -441.74 0

-940.5 -2658.5 -424.75 0
-940.5 -2658.5 -441.74 0

-940.5 2658.5 -424.75 0
-940.5 2658.5 -441.74 0

-940.5 -2658.5 -441.74 0
-953.5 -2658.5 -441.74 0

-940.5 -2658.5 -424.75 0
-953.5 -2658.5 -424.75 0

-940.5 -2658.5 -441.74 0
-940.5 -2658.5 -424.75 0

-953.5 -2658.5 -441.74 0
-953.5 -2658.5 -424.75 0

-940.5 2658.5 -424.75 0
-953.5 2658.5 -424.75 0

-940.5 2658.5 -441.74 0
-953.5 2658.5 -441.74 0

-940.5 2658.5 -424.75 0
-940.5 2658.5 -441.74 0

-953.5 2658.5 -424.75 0
-953.5 2658.5 -441.74 0

-940.5 -2658.5 -424.75 0
-940.5 0 -424.75 0

-940.5 0 -424.75 0
-940.5 1329.25 -424.75 0
-940.5 2658.5 -424.75 0

-940.5 2658.5 -424.75 0

-953.5 -2658.5 -424.75 0
-953.5 2658.5 -424.75 0

-940.5 -2658.5 -424.75 0
-953.5 -2658.5 -424.75 0

-940.5 2658.5 -424.75 0
-953.5 2658.5 -424.75 0

-953.5 -2658.5 -407.76 0
-953.5 2658.5 -407.76 0

-940.5 -2658.5 -407.76 0
-940.5 2658.5 -407.76 0

-953.5 -2658.5 -407.76 0
-940.5 -2658.5 -407.76 0

-953.5 2658.5 -407.76 0
-940.5 2658.5 -407.76 0

-953.5 -2658.5 -424.75 0
-953.5 2658.5 -424.75 0

-953.5 -2658.5 -407.76 0
-953.5 2658.5 -407.76 0

-953.5 -2658.5 -424.75 0
-953.5 -2658.5 -407.76 0

-953.5 2658.5 -424.75 0
-953.5 2658.5 -407.76 0

-940.5 -2658.5 -407.76 0
-940.5 2658.5 -407.76 0

-940.5 -2658.5 -424.75 0
-940.5 2658.5 -424.75 0

-940.5 -2658.5 -407.76 0
-940.5 -2658.5 -424.75 0

-940.5 2658.5 -407.76 0
-940.5 2658.5 -424.75 0

-940.5 -2658.5 -424.75 0
-953.5 -2658.5 -424.75 0

-940.5 -2658.5 -407.76 0
-953.5 -2658.5 -407.76 0

-940.5 -2658.5 -424.75 0
-940.5 -2658.5 -407.76 0

-953.5 -2658.5 -424.75 0
-953.5 -2658.5 -407.76 0

-940.5 2658.5 -407.76 0
-953.5 2658.5 -407.76 0

-940.5 2658.5 -424.75 0
-953.5 2658.5 -424.75 0

-940.5 2658.5 -407.76 0
-940.5 2658.5 -424.75 0

-953.5 2658.5 -407.76 0
-953.5 2658.5 -424.75 0

-940.5 -2658.5 -407.76 0
-940.5 0 -407.76 0

-940.5 0 -407.76 0
-940.5 1329.25 -407.76 0
-940.5 2658.5 -407.76 0

-940.5 2658.5 -407.76 0

-953.5 -2658.5 -407.76 0
-953.5 2658.5 -407.76 0

-940.5 -2658.5 -407.76 0
-953.5 -2658.5 -407.76 0

-940.5 2658.5 -407.76 0
-953.5 2658.5 -407.76 0

-953.5 -2658.5 -390.77 0
-953.5 2658.5 -390.77 0

-940.5 -2658.5 -390.77 0
-940.5 2658.5 -390.77 0

-953.5 -2658.5 -390.77 0
-940.5 -2658.5 -390.77 0

-953.5 2658.5 -390.77 0
-940.5 2658.5 -390.77 0

-953.5 -2658.5 -407.76 0
-953.5 2658.5 -407.76 0

-953.5 -2658.5 -390.77 0
-953.5 2658.5 -390.77 0

-953.5 -2658.5 -407.76 0
-953.5 -2658.5 -390.77 0

-953.5 2658.5 -407.76 0
-953.5 2658.5 -390.77 0

-940.5 -2658.5 -390.77 0
-940.5 2658.5 -390.77 0

-940.5 -2658.5 -407.76 0
-940.5 2658.5 -407.76 0

-940.5 -2658.5 -390.77 0
-940.5 -2658.5 -407.76 0

-940.5 2658.5 -390.77 0
-940.5 2658.5 -407.76 0

-940.5 -2658.5 -407.76 0
-953.5 -2658.5 -407.76 0

-940.5 -2658.5 -390.77 0
-953.5 -2658.5 -390.77 0

-940.5 -2658.5 -407.76 0
-940.5 -2658.5 -390.77 0

-953.5 -2658.5 -407.76 0
-953.5 -2658.5 -390.77 0

-940.5 2658.5 -390.77 0
-953.5 2658.5 -390.77 0

-940.5 2658.5 -407.76 0
-953.5 2658.5 -407.76 0

-940.5 2658.5 -390.77 0
-940.5 2658.5 -407.76 0

-953.5 2658.5 -390.77 0
-953.5 2658.5 -407.76 0

-940.5 -2658.5 -390.77 0
-940.5 0 -390.77 0

-940.5 0 -390.77 0
-940.5 1329.25 -390.77 0
-940.5 2658.5 -390.77 0

-940.5 2658.5 -390.77 0

-953.5 -2658.5 -390.77 0
-953.5 2658.5 -390.77 0

-940.5 -2658.5 -390.77 0
-953.5 -2658.5 -390.77 0

-940.5 2658.5 -390.77 0
-953.5 2658.5 -390.77 0

-953.5 -2658.5 -373.78 0
-953.5 2658.5 -373.78 0

-940.5 -2658.5 -373.78 0
-940.5 2658.5 -373.78 0

-953.5 -2658.5 -373.78 0
-940.5 -2658.5 -373.78 0

-953.5 2658.5 -373.78 0
-940.5 2658.5 -373.78 0

-953.5 -2658.5 -390.77 0
-953.5 2658.5 -390.77 0

-953.5 -2658.5 -373.78 0
-953.5 2658.5 -373.78 0

-953.5 -2658.5 -390.77 0
-953.5 -2658.5 -373.78 0

-953.5 2658.5 -390.77 0
-953.5 2658.5 -373.78 0

-940.5 -2658.5 -373.78 0
-940.5 2658.5 -373.78 0

-940.5 -2658.5 -390.77 0
-940.5 2658.5 -390.77 0

-940.5 -2658.5 -373.78 0
-940.5 -2658.5 -390.77 0

-940.5 2658.5 -373.78 0
-940.5 2658.5 -390.77 0

-940.5 -2658.5 -390.77 0
-953.5 -2658.5 -390.77 0

-940.5 -2658.5 -373.78 0
-953.5 -2658.5 -373.78 0

-940.5 -2658.5 -390.77 0
-940.5 -2658.5 -373.78 0

-953.5 -2658.5 -390.77 0
-953.5 -2658.5 -373.78 0

-940.5 2658.5 -373.78 0
-953.5 2658.5 -373.78 0

-940.5 2658.5 -390.77 0
-953.5 2658.5 -390.77 0

-940.5 2658.5 -373.78 0
-940.5 2658.5 -390.77 0

-953.5 2658.5 -373.78 0
-953.5 2658.5 -390.77 0

-940.5 -2658.5 -373.78 0
-940.5 0 -373.78 0

-940.5 0 -373.78 0
-940.5 1329.25 -373.78 0
-940.5 2658.5 -373.78 0

-940.5 2658.5 -373.78 0

-953.5 -2658.5 -373.78 0
-953.5 2658.5 -373.78 0

-940.5 -2658.5 -373.78 0
-953.5 -2658.5 -373.78 0

-940.5 2658.5 -373.78 0
-953.5 2658.5 -373.78 0

-953.5 -2658.5 -356.79 0
-953.5 2658.5 -356.79 0

-940.5 -2658.5 -356.79 0
-940.5 2658.5 -356.79 0

-953.5 -2658.5 -356.79 0
-940.5 -2658.5 -356.79 0

-953.5 2658.5 -356.79 0
-940.5 2658.5 -356.79 0

-953.5 -2658.5 -373.78 0
-953.5 2658.5 -373.78 0

-953.5 -2658.5 -356.79 0
-953.5 2658.5 -356.79 0

-953.5 -2658.5 -373.78 0
-953.5 -2658.5 -356.79 0

-953.5 2658.5 -373.78 0
-953.5 2658.5 -356.79 0

-940.5 -2658.5 -356.79 0
-940.5 2658.5 -356.79 0

-940.5 -2658.5 -373.78 0
-940.5 2658.5 -373.78 0

-940.5 -2658.5 -356.79 0
-940.5 -2658.5 -373.78 0

-940.5 2658.5 -356.79 0
-940.5 2658.5 -373.78 0

-940.5 -2658.5 -373.78 0
-953.5 -2658.5 -373.78 0

-940.5 -2658.5 -356.79 0
-953.5 -2658.5 -356.79 0

-940.5 -2658.5 -373.78 0
-940.5 -2658.5 -356.79 0

-953.5 -2658.5 -373.78 0
-953.5 -2658.5 -356.79 0

-940.5 2658.5 -356.79 0
-953.5 2658.5 -356.79 0

-940.5 2658.5 -373.78 0
-953.5 2658.5 -373.78 0

-940.5 2658.5 -356.79 0
-940.5 2658.5 -373.78 0

-953.5 2658.5 -356.79 0
-953.5 2658.5 -373.78 0

-940.5 -2658.5 -356.79 0
-940.5 0 -356.79 0

-940.5 0 -356.79 0
-940.5 1329.25 -356.79 0
-940.5 2658.5 -356.79 0

-940.5 2658.5 -356.79 0

-953.5 -2658.5 -356.79 0
-953.5 2658.5 -356.79 0

-940.5 -2658.5 -356.79 0
-953.5 -2658.5 -356.79 0

-940.5 2658.5 -356.79 0
-953.5 2658.5 -356.79 0

-953.5 -2658.5 -339.8 0
-953.5 2658.5 -339.8 0

-940.5 -2658.5 -339.8 0
-940.5 2658.5 -339.8 0

-953.5 -2658.5 -339.8 0
-940.5 -2658.5 -339.8 0

-953.5 2658.5 -339.8 0
-940.5 2658.5 -339.8 0

-953.5 -2658.5 -356.79 0
-953.5 2658.5 -356.79 0

-953.5 -2658.5 -339.8 0
-953.5 2658.5 -339.8 0

-953.5 -2658.5 -356.79 0
-953.5 -2658.5 -339.8 0

-953.5 2658.5 -356.79 0
-953.5 2658.5 -339.8 0

-940.5 -2658.5 -339.8 0
-940.5 2658.5 -339.8 0

-940.5 -2658.5 -356.79 0
-940.5 2658.5 -356.79 0

-940.5 -2658.5 -339.8 0
-940.5 -2658.5 -356.79 0

-940.5 2658.5 -339.8 0
-940.5 2658.5 -356.79 0

-940.5 -2658.5 -356.79 0
-953.5 -2658.5 -356.79 0

-940.5 -2658.5 -339.8 0
-953.5 -2658.5 -339.8 0

-940.5 -2658.5 -356.79 0
-940.5 -2658.5 -339.8 0

-953.5 -2658.5 -356.79 0
-953.5 -2658.5 -339.8 0

-940.5 2658.5 -339.8 0
-953.5 2658.5 -339.8 0

-940.5 2658.5 -356.79 0
-953.5 2658.5 -356.79 0

-940.5 2658.5 -339.8 0
-940.5 2658.5 -356.79 0

-953.5 2658.5 -339.8 0
-953.5 2658.5 -356.79 0

-940.5 -2658.5 -339.8 0
-940.5 0 -339.8 0

-940.5 0 -339.8 0
-940.5 1329.25 -339.8 0
-940.5 2658.5 -339.8 0

-940.5 2658.5 -339.8 0

-953.5 -2658.5 -339.8 0
-953.5 2658.5 -339.8 0

-940.5 -2658.5 -339.8 0
-953.5 -2658.5 -339.8 0

-940.5 2658.5 -339.8 0
-953.5 2658.5 -339.8 0

-953.5 -2658.5 -322.81 0
-953.5 2658.5 -322.81 0

-940.5 -2658.5 -322.81 0
-940.5 2658.5 -322.81 0

-953.5 -2658.5 -322.81 0
-940.5 -2658.5 -322.81 0

-953.5 2658.5 -322.81 0
-940.5 2658.5 -322.81 0

-953.5 -2658.5 -339.8 0
-953.5 2658.5 -339.8 0

-953.5 -2658.5 -322.81 0
-953.5 2658.5 -322.81 0

-953.5 -2658.5 -339.8 0
-953.5 -2658.5 -322.81 0

-953.5 2658.5 -339.8 0
-953.5 2658.5 -322.81 0

-940.5 -2658.5 -322.81 0
-940.5 2658.5 -322.81 0

-940.5 -2658.5 -339.8 0
-940.5 2658.5 -339.8 0

-940.5 -2658.5 -322.81 0
-940.5 -2658.5 -339.8 0

-940.5 2658.5 -322.81 0
-940.5 2658.5 -339.8 0

-940.5 -2658.5 -339.8 0
-953.5 -2658.5 -339.8 0

-940.5 -2658.5 -322.81 0
-953.5 -2658.5 -322.81 0

-940.5 -2658.5 -339.8 0
-940.5 -2658.5 -322.81 0

-953.5 -2658.5 -339.8 0
-953.5 -2658.5 -322.81 0

-940.5 2658.5 -322.81 0
-953.5 2658.5 -322.81 0

-940.5 2658.5 -339.8 0
-953.5 2658.5 -339.8 0

-940.5 2658.5 -322.81 0
-940.5 2658.5 -339.8 0

-953.5 2658.5 -322.81 0
-953.5 2658.5 -339.8 0

-940.5 -2658.5 -322.81 0
-940.5 0 -322.81 0

-940.5 0 -322.81 0
-940.5 1329.25 -322.81 0
-940.5 2658.5 -322.81 0

-940.5 2658.5 -322.81 0

-953.5 -2658.5 -322.81 0
-953.5 2658.5 -322.81 0

-940.5 -2658.5 -322.81 0
-953.5 -2658.5 -322.81 0

-940.5 2658.5 -322.81 0
-953.5 2658.5 -322.81 0

-953.5 -2658.5 -305.82 0
-953.5 2658.5 -305.82 0

-940.5 -2658.5 -305.82 0
-940.5 2658.5 -305.82 0

-953.5 -2658.5 -305.82 0
-940.5 -2658.5 -305.82 0

-953.5 2658.5 -305.82 0
-940.5 2658.5 -305.82 0

-953.5 -2658.5 -322.81 0
-953.5 2658.5 -322.81 0

-953.5 -2658.5 -305.82 0
-953.5 2658.5 -305.82 0

-953.5 -2658.5 -322.81 0
-953.5 -2658.5 -305.82 0

-953.5 2658.5 -322.81 0
-953.5 2658.5 -305.82 0

-940.5 -2658.5 -305.82 0
-940.5 2658.5 -305.82 0

-940.5 -2658.5 -322.81 0
-940.5 2658.5 -322.81 0

-940.5 -2658.5 -305.82 0
-940.5 -2658.5 -322.81 0

-940.5 2658.5 -305.82 0
-940.5 2658.5 -322.81 0

-940.5 -2658.5 -322.81 0
-953.5 -2658.5 -322.81 0

-940.5 -2658.5 -305.82 0
-953.5 -2658.5 -305.82 0

-940.5 -2658.5 -322.81 0
-940.5 -2658.5 -305.82 0

-953.5 -2658.5 -322.81 0
-953.5 -2658.5 -305.82 0

-940.5 2658.5 -305.82 0
-953.5 2658.5 -305.82 0

-940.5 2658.5 -322.81 0
-953.5 2658.5 -322.81 0

-940.5 2658.5 -305.82 0
-940.5 2658.5 -322.81 0

-953.5 2658.5 -305.82 0
-953.5 2658.5 -322.81 0

-940.5 -2658.5 -305.82 0
-940.5 0 -305.82 0

-940.5 0 -305.82 0
-940.5 1329.25 -305.82 0
-940.5 2658.5 -305.82 0

-940.5 2658.5 -305.82 0

-953.5 -2658.5 -305.82 0
-953.5 2658.5 -305.82 0

-940.5 -2658.5 -305.82 0
-953.5 -2658.5 -305.82 0

-940.5 2658.5 -305.82 0
-953.5 2658.5 -305.82 0

-953.5 -2658.5 -288.83 0
-953.5 2658.5 -288.83 0

-940.5 -2658.5 -288.83 0
-940.5 2658.5 -288.83 0

-953.5 -2658.5 -288.83 0
-940.5 -2658.5 -288.83 0

-953.5 2658.5 -288.83 0
-940.5 2658.5 -288.83 0

-953.5 -2658.5 -305.82 0
-953.5 2658.5 -305.82 0

-953.5 -2658.5 -288.83 0
-953.5 2658.5 -288.83 0

-953.5 -2658.5 -305.82 0
-953.5 -2658.5 -288.83 0

-953.5 2658.5 -305.82 0
-953.5 2658.5 -288.83 0

-940.5 -2658.5 -288.83 0
-940.5 2658.5 -288.83 0

-940.5 -2658.5 -305.82 0
-940.5 2658.5 -305.82 0

-940.5 -2658.5 -288.83 0
-940.5 -2658.5 -305.82 0

-940.5 2658.5 -288.83 0
-940.5 2658.5 -305.82 0

-940.5 -2658.5 -305.82 0
-953.5 -2658.5 -305.82 0

-940.5 -2658.5 -288.83 0
-953.5 -2658.5 -288.83 0

-940.5 -2658.5 -305.82 0
-940.5 -2658.5 -288.83 0

-953.5 -2658.5 -305.82 0
-953.5 -2658.5 -288.83 0

-940.5 2658.5 -288.83 0
-953.5 2658.5 -288.83 0

-940.5 2658.5 -305.82 0
-953.5 2658.5 -305.82 0

-940.5 2658.5 -288.83 0
-940.5 2658.5 -305.82 0

-953.5 2658.5 -288.83 0
-953.5 2658.5 -305.82 0

-940.5 -2658.5 -288.83 0
-940.5 0 -288.83 0

-940.5 0 -288.83 0
-940.5 1329.25 -288.83 0
-940.5 2658.5 -288.83 0

-940.5 2658.5 -288.83 0

-953.5 -2658.5 -288.83 0
-953.5 2658.5 -288.83 0

-940.5 -2658.5 -288.83 0
-953.5 -2658.5 -288.83 0

-940.5 2658.5 -288.83 0
-953.5 2658.5 -288.83 0

-953.5 -2658.5 -271.84 0
-953.5 2658.5 -271.84 0

-940.5 -2658.5 -271.84 0
-940.5 2658.5 -271.84 0

-953.5 -2658.5 -271.84 0
-940.5 -2658.5 -271.84 0

-953.5 2658.5 -271.84 0
-940.5 2658.5 -271.84 0

-953.5 -2658.5 -288.83 0
-953.5 2658.5 -288.83 0

-953.5 -2658.5 -271.84 0
-953.5 2658.5 -271.84 0

-953.5 -2658.5 -288.83 0
-953.5 -2658.5 -271.84 0

-953.5 2658.5 -288.83 0
-953.5 2658.5 -271.84 0

-940.5 -2658.5 -271.84 0
-940.5 2658.5 -271.84 0

-940.5 -2658.5 -288.83 0
-940.5 2658.5 -288.83 0

-940.5 -2658.5 -271.84 0
-940.5 -2658.5 -288.83 0

-940.5 2658.5 -271.84 0
-940.5 2658.5 -288.83 0

-940.5 -2658.5 -288.83 0
-953.5 -2658.5 -288.83 0

-940.5 -2658.5 -271.84 0
-953.5 -2658.5 -271.84 0

-940.5 -2658.5 -288.83 0
-940.5 -2658.5 -271.84 0

-953.5 -2658.5 -288.83 0
-953.5 -2658.5 -271.84 0

-940.5 2658.5 -271.84 0
-953.5 2658.5 -271.84 0

-940.5 2658.5 -288.83 0
-953.5 2658.5 -288.83 0

-940.5 2658.5 -271.84 0
-940.5 2658.5 -288.83 0

-953.5 2658.5 -271.84 0
-953.5 2658.5 -288.83 0

-940.5 -2658.5 -271.84 0
-940.5 0 -271.84 0

-940.5 0 -271.84 0
-940.5 1329.25 -271.84 0
-940.5 2658.5 -271.84 0

-940.5 2658.5 -271.84 0

-953.5 -2658.5 -271.84 0
-953.5 2658.5 -271.84 0

-940.5 -2658.5 -271.84 0
-953.5 -2658.5 -271.84 0

-940.5 2658.5 -271.84 0
-953.5 2658.5 -271.84 0

-953.5 -2658.5 -254.85 0
-953.5 2658.5 -254.85 0

-940.5 -2658.5 -254.85 0
-940.5 2658.5 -254.85 0

-953.5 -2658.5 -254.85 0
-940.5 -2658.5 -254.85 0

-953.5 2658.5 -254.85 0
-940.5 2658.5 -254.85 0

-953.5 -2658.5 -271.84 0
-953.5 2658.5 -271.84 0

-953.5 -2658.5 -254.85 0
-953.5 2658.5 -254.85 0

-953.5 -2658.5 -271.84 0
-953.5 -2658.5 -254.85 0

-953.5 2658.5 -271.84 0
-953.5 2658.5 -254.85 0

-940.5 -2658.5 -254.85 0
-940.5 2658.5 -254.85 0

-940.5 -2658.5 -271.84 0
-940.5 2658.5 -271.84 0

-940.5 -2658.5 -254.85 0
-940.5 -2658.5 -271.84 0

-940.5 2658.5 -254.85 0
-940.5 2658.5 -271.84 0

-940.5 -2658.5 -271.84 0
-953.5 -2658.5 -271.84 0

-940.5 -2658.5 -254.85 0
-953.5 -2658.5 -254.85 0

-940.5 -2658.5 -271.84 0
-940.5 -2658.5 -254.85 0

-953.5 -2658.5 -271.84 0
-953.5 -2658.5 -254.85 0

-940.5 2658.5 -254.85 0
-953.5 2658.5 -254.85 0

-940.5 2658.5 -271.84 0
-953.5 2658.5 -271.84 0

-940.5 2658.5 -254.85 0
-940.5 2658.5 -271.84 0

-953.5 2658.5 -254.85 0
-953.5 2658.5 -271.84 0

-940.5 -2658.5 -254.85 0
-940.5 0 -254.85 0

-940.5 0 -254.85 0
-940.5 1329.25 -254.85 0
-940.5 2658.5 -254.85 0

-940.5 2658.5 -254.85 0

-953.5 -2658.5 -254.85 0
-953.5 2658.5 -254.85 0

-940.5 -2658.5 -254.85 0
-953.5 -2658.5 -254.85 0

-940.5 2658.5 -254.85 0
-953.5 2658.5 -254.85 0

-953.5 -2658.5 -237.86 0
-953.5 2658.5 -237.86 0

-940.5 -2658.5 -237.86 0
-940.5 2658.5 -237.86 0

-953.5 -2658.5 -237.86 0
-940.5 -2658.5 -237.86 0

-953.5 2658.5 -237.86 0
-940.5 2658.5 -237.86 0

-953.5 -2658.5 -254.85 0
-953.5 2658.5 -254.85 0

-953.5 -2658.5 -237.86 0
-953.5 2658.5 -237.86 0

-953.5 -2658.5 -254.85 0
-953.5 -2658.5 -237.86 0

-953.5 2658.5 -254.85 0
-953.5 2658.5 -237.86 0

-940.5 -2658.5 -237.86 0
-940.5 2658.5 -237.86 0

-940.5 -2658.5 -254.85 0
-940.5 2658.5 -254.85 0

-940.5 -2658.5 -237.86 0
-940.5 -2658.5 -254.85 0

-940.5 2658.5 -237.86 0
-940.5 2658.5 -254.85 0

-940.5 -2658.5 -254.85 0
-953.5 -2658.5 -254.85 0

-940.5 -2658.5 -237.86 0
-953.5 -2658.5 -237.86 0

-940.5 -2658.5 -254.85 0
-940.5 -2658.5 -237.86 0

-953.5 -2658.5 -254.85 0
-953.5 -2658.5 -237.86 0

-940.5 2658.5 -237.86 0
-953.5 2658.5 -237.86 0

-940.5 2658.5 -254.85 0
-953.5 2658.5 -254.85 0

-940.5 2658.5 -237.86 0
-940.5 2658.5 -254.85 0

-953.5 2658.5 -237.86 0
-953.5 2658.5 -254.85 0

-940.5 -2658.5 -237.86 0
-940.5 0 -237.86 0

-940.5 0 -237.86 0
-940.5 1329.25 -237.86 0
-940.5 2658.5 -237.86 0

-940.5 2658.5 -237.86 0

-953.5 -2658.5 -237.86 0
-953.5 2658.5 -237.86 0

-940.5 -2658.5 -237.86 0
-953.5 -2658.5 -237.86 0

-940.5 2658.5 -237.86 0
-953.5 2658.5 -237.86 0

-953.5 -2658.5 -220.87 0
-953.5 2658.5 -220.87 0

-940.5 -2658.5 -220.87 0
-940.5 2658.5 -220.87 0

-953.5 -2658.5 -220.87 0
-940.5 -2658.5 -220.87 0

-953.5 2658.5 -220.87 0
-940.5 2658.5 -220.87 0

-953.5 -2658.5 -237.86 0
-953.5 2658.5 -237.86 0

-953.5 -2658.5 -220.87 0
-953.5 2658.5 -220.87 0

-953.5 -2658.5 -237.86 0
-953.5 -2658.5 -220.87 0

-953.5 2658.5 -237.86 0
-953.5 2658.5 -220.87 0

-940.5 -2658.5 -220.87 0
-940.5 2658.5 -220.87 0

-940.5 -2658.5 -237.86 0
-940.5 2658.5 -237.86 0

-940.5 -2658.5 -220.87 0
-940.5 -2658.5 -237.86 0

-940.5 2658.5 -220.87 0
-940.5 2658.5 -237.86 0

-940.5 -2658.5 -237.86 0
-953.5 -2658.5 -237.86 0

-940.5 -2658.5 -220.87 0
-953.5 -2658.5 -220.87 0

-940.5 -2658.5 -237.86 0
-940.5 -2658.5 -220.87 0

-953.5 -2658.5 -237.86 0
-953.5 -2658.5 -220.87 0

-940.5 2658.5 -220.87 0
-953.5 2658.5 -220.87 0

-940.5 2658.5 -237.86 0
-953.5 2658.5 -237.86 0

-940.5 2658.5 -220.87 0
-940.5 2658.5 -237.86 0

-953.5 2658.5 -220.87 0
-953.5 2658.5 -237.86 0

-940.5 -2658.5 -220.87 0
-940.5 0 -220.87 0

-940.5 0 -220.87 0
-940.5 1329.25 -220.87 0
-940.5 2658.5 -220.87 0

-940.5 2658.5 -220.87 0

-953.5 -2658.5 -220.87 0
-953.5 2658.5 -220.87 0

-940.5 -2658.5 -220.87 0
-953.5 -2658.5 -220.87 0

-940.5 2658.5 -220.87 0
-953.5 2658.5 -220.87 0

-953.5 -2658.5 -203.88 0
-953.5 2658.5 -203.88 0

-940.5 -2658.5 -203.88 0
-940.5 2658.5 -203.88 0

-953.5 -2658.5 -203.88 0
-940.5 -2658.5 -203.88 0

-953.5 2658.5 -203.88 0
-940.5 2658.5 -203.88 0

-953.5 -2658.5 -220.87 0
-953.5 2658.5 -220.87 0

-953.5 -2658.5 -203.88 0
-953.5 2658.5 -203.88 0

-953.5 -2658.5 -220.87 0
-953.5 -2658.5 -203.88 0

-953.5 2658.5 -220.87 0
-953.5 2658.5 -203.88 0

-940.5 -2658.5 -203.88 0
-940.5 2658.5 -203.88 0

-940.5 -2658.5 -220.87 0
-940.5 2658.5 -220.87 0

-940.5 -2658.5 -203.88 0
-940.5 -2658.5 -220.87 0

-940.5 2658.5 -203.88 0
-940.5 2658.5 -220.87 0

-940.5 -2658.5 -220.87 0
-953.5 -2658.5 -220.87 0

-940.5 -2658.5 -203.88 0
-953.5 -2658.5 -203.88 0

-940.5 -2658.5 -220.87 0
-940.5 -2658.5 -203.88 0

-953.5 -2658.5 -220.87 0
-953.5 -2658.5 -203.88 0

-940.5 2658.5 -203.88 0
-953.5 2658.5 -203.88 0

-940.5 2658.5 -220.87 0
-953.5 2658.5 -220.87 0

-940.5 2658.5 -203.88 0
-940.5 2658.5 -220.87 0

-953.5 2658.5 -203.88 0
-953.5 2658.5 -220.87 0

-940.5 -2658.5 -203.88 0
-940.5 0 -203.88 0

-940.5 0 -203.88 0
-940.5 1329.25 -203.88 0
-940.5 2658.5 -203.88 0

-940.5 2658.5 -203.88 0

-953.5 -2658.5 -203.88 0
-953.5 2658.5 -203.88 0

-940.5 -2658.5 -203.88 0
-953.5 -2658.5 -203.88 0

-940.5 2658.5 -203.88 0
-953.5 2658.5 -203.88 0

-953.5 -2658.5 -186.89 0
-953.5 2658.5 -186.89 0

-940.5 -2658.5 -186.89 0
-940.5 2658.5 -186.89 0

-953.5 -2658.5 -186.89 0
-940.5 -2658.5 -186.89 0

-953.5 2658.5 -186.89 0
-940.5 2658.5 -186.89 0

-953.5 -2658.5 -203.88 0
-953.5 2658.5 -203.88 0

-953.5 -2658.5 -186.89 0
-953.5 2658.5 -186.89 0

-953.5 -2658.5 -203.88 0
-953.5 -2658.5 -186.89 0

-953.5 2658.5 -203.88 0
-953.5 2658.5 -186.89 0

-940.5 -2658.5 -186.89 0
-940.5 2658.5 -186.89 0

-940.5 -2658.5 -203.88 0
-940.5 2658.5 -203.88 0

-940.5 -2658.5 -186.89 0
-940.5 -2658.5 -203.88 0

-940.5 2658.5 -186.89 0
-940.5 2658.5 -203.88 0

-940.5 -2658.5 -203.88 0
-953.5 -2658.5 -203.88 0

-940.5 -2658.5 -186.89 0
-953.5 -2658.5 -186.89 0

-940.5 -2658.5 -203.88 0
-940.5 -2658.5 -186.89 0

-953.5 -2658.5 -203.88 0
-953.5 -2658.5 -186.89 0

-940.5 2658.5 -186.89 0
-953.5 2658.5 -186.89 0

-940.5 2658.5 -203.88 0
-953.5 2658.5 -203.88 0

-940.5 2658.5 -186.89 0
-940.5 2658.5 -203.88 0

-953.5 2658.5 -186.89 0
-953.5 2658.5 -203.88 0

-940.5 -2658.5 -186.89 0
-940.5 0 -186.89 0

-940.5 0 -186.89 0
-940.5 1329.25 -186.89 0
-940.5 2658.5 -186.89 0

-940.5 2658.5 -186.89 0

-953.5 -2658.5 -186.89 0
-953.5 2658.5 -186.89 0

-940.5 -2658.5 -186.89 0
-953.5 -2658.5 -186.89 0

-940.5 2658.5 -186.89 0
-953.5 2658.5 -186.89 0

-953.5 -2658.5 -169.9 0
-953.5 2658.5 -169.9 0

-940.5 -2658.5 -169.9 0
-940.5 2658.5 -169.9 0

-953.5 -2658.5 -169.9 0
-940.5 -2658.5 -169.9 0

-953.5 2658.5 -169.9 0
-940.5 2658.5 -169.9 0

-953.5 -2658.5 -186.89 0
-953.5 2658.5 -186.89 0

-953.5 -2658.5 -169.9 0
-953.5 2658.5 -169.9 0

-953.5 -2658.5 -186.89 0
-953.5 -2658.5 -169.9 0

-953.5 2658.5 -186.89 0
-953.5 2658.5 -169.9 0

-940.5 -2658.5 -169.9 0
-940.5 2658.5 -169.9 0

-940.5 -2658.5 -186.89 0
-940.5 2658.5 -186.89 0

-940.5 -2658.5 -169.9 0
-940.5 -2658.5 -186.89 0

-940.5 2658.5 -169.9 0
-940.5 2658.5 -186.89 0

-940.5 -2658.5 -186.89 0
-953.5 -2658.5 -186.89 0

-940.5 -2658.5 -169.9 0
-953.5 -2658.5 -169.9 0

-940.5 -2658.5 -186.89 0
-940.5 -2658.5 -169.9 0

-953.5 -2658.5 -186.89 0
-953.5 -2658.5 -169.9 0

-940.5 2658.5 -169.9 0
-953.5 2658.5 -169.9 0

-940.5 2658.5 -186.89 0
-953.5 2658.5 -186.89 0

-940.5 2658.5 -169.9 0
-940.5 2658.5 -186.89 0

-953.5 2658.5 -169.9 0
-953.5 2658.5 -186.89 0

-940.5 -2658.5 -169.9 0
-940.5 0 -169.9 0

-940.5 0 -169.9 0
-940.5 1329.25 -169.9 0
-940.5 2658.5 -169.9 0

-940.5 2658.5 -169.9 0

-953.5 -2658.5 -169.9 0
-953.5 2658.5 -169.9 0

-940.5 -2658.5 -169.9 0
-953.5 -2658.5 -169.9 0

-940.5 2658.5 -169.9 0
-953.5 2658.5 -169.9 0

-953.5 -2658.5 -152.91 0
-953.5 2658.5 -152.91 0

-940.5 -2658.5 -152.91 0
-940.5 2658.5 -152.91 0

-953.5 -2658.5 -152.91 0
-940.5 -2658.5 -152.91 0

-953.5 2658.5 -152.91 0
-940.5 2658.5 -152.91 0

-953.5 -2658.5 -169.9 0
-953.5 2658.5 -169.9 0

-953.5 -2658.5 -152.91 0
-953.5 2658.5 -152.91 0

-953.5 -2658.5 -169.9 0
-953.5 -2658.5 -152.91 0

-953.5 2658.5 -169.9 0
-953.5 2658.5 -152.91 0

-940.5 -2658.5 -152.91 0
-940.5 2658.5 -152.91 0

-940.5 -2658.5 -169.9 0
-940.5 2658.5 -169.9 0

-940.5 -2658.5 -152.91 0
-940.5 -2658.5 -169.9 0

-940.5 2658.5 -152.91 0
-940.5 2658.5 -169.9 0

-940.5 -2658.5 -169.9 0
-953.5 -2658.5 -169.9 0

-940.5 -2658.5 -152.91 0
-953.5 -2658.5 -152.91 0

-940.5 -2658.5 -169.9 0
-940.5 -2658.5 -152.91 0

-953.5 -2658.5 -169.9 0
-953.5 -2658.5 -152.91 0

-940.5 2658.5 -152.91 0
-953.5 2658.5 -152.91 0

-940.5 2658.5 -169.9 0
-953.5 2658.5 -169.9 0

-940.5 2658.5 -152.91 0
-940.5 2658.5 -169.9 0

-953.5 2658.5 -152.91 0
-953.5 2658.5 -169.9 0

-940.5 -2658.5 -152.91 0
-940.5 0 -152.91 0

-940.5 0 -152.91 0
-940.5 1329.25 -152.91 0
-940.5 2658.5 -152.91 0

-940.5 2658.5 -152.91 0

-953.5 -2658.5 -152.91 0
-953.5 2658.5 -152.91 0

-940.5 -2658.5 -152.91 0
-953.5 -2658.5 -152.91 0

-940.5 2658.5 -152.91 0
-953.5 2658.5 -152.91 0

-953.5 -2658.5 -135.92 0
-953.5 2658.5 -135.92 0

-940.5 -2658.5 -135.92 0
-940.5 2658.5 -135.92 0

-953.5 -2658.5 -135.92 0
-940.5 -2658.5 -135.92 0

-953.5 2658.5 -135.92 0
-940.5 2658.5 -135.92 0

-953.5 -2658.5 -152.91 0
-953.5 2658.5 -152.91 0

-953.5 -2658.5 -135.92 0
-953.5 2658.5 -135.92 0

-953.5 -2658.5 -152.91 0
-953.5 -2658.5 -135.92 0

-953.5 2658.5 -152.91 0
-953.5 2658.5 -135.92 0

-940.5 -2658.5 -135.92 0
-940.5 2658.5 -135.92 0

-940.5 -2658.5 -152.91 0
-940.5 2658.5 -152.91 0

-940.5 -2658.5 -135.92 0
-940.5 -2658.5 -152.91 0

-940.5 2658.5 -135.92 0
-940.5 2658.5 -152.91 0

-940.5 -2658.5 -152.91 0
-953.5 -2658.5 -152.91 0

-940.5 -2658.5 -135.92 0
-953.5 -2658.5 -135.92 0

-940.5 -2658.5 -152.91 0
-940.5 -2658.5 -135.92 0

-953.5 -2658.5 -152.91 0
-953.5 -2658.5 -135.92 0

-940.5 2658.5 -135.92 0
-953.5 2658.5 -135.92 0

-940.5 2658.5 -152.91 0
-953.5 2658.5 -152.91 0

-940.5 2658.5 -135.92 0
-940.5 2658.5 -152.91 0

-953.5 2658.5 -135.92 0
-953.5 2658.5 -152.91 0

-940.5 -2658.5 -135.92 0
-940.5 0 -135.92 0

-940.5 0 -135.92 0
-940.5 1329.25 -135.92 0
-940.5 2658.5 -135.92 0

-940.5 2658.5 -135.92 0

-953.5 -2658.5 -135.92 0
-953.5 2658.5 -135.92 0

-940.5 -2658.5 -135.92 0
-953.5 -2658.5 -135.92 0

-940.5 2658.5 -135.92 0
-953.5 2658.5 -135.92 0

-953.5 -2658.5 -118.93 0
-953.5 2658.5 -118.93 0

-940.5 -2658.5 -118.93 0
-940.5 2658.5 -118.93 0

-953.5 -2658.5 -118.93 0
-940.5 -2658.5 -118.93 0

-953.5 2658.5 -118.93 0
-940.5 2658.5 -118.93 0

-953.5 -2658.5 -135.92 0
-953.5 2658.5 -135.92 0

-953.5 -2658.5 -118.93 0
-953.5 2658.5 -118.93 0

-953.5 -2658.5 -135.92 0
-953.5 -2658.5 -118.93 0

-953.5 2658.5 -135.92 0
-953.5 2658.5 -118.93 0

-940.5 -2658.5 -118.93 0
-940.5 2658.5 -118.93 0

-940.5 -2658.5 -135.92 0
-940.5 2658.5 -135.92 0

-940.5 -2658.5 -118.93 0
-940.5 -2658.5 -135.92 0

-940.5 2658.5 -118.93 0
-940.5 2658.5 -135.92 0

-940.5 -2658.5 -135.92 0
-953.5 -2658.5 -135.92 0

-940.5 -2658.5 -118.93 0
-953.5 -2658.5 -118.93 0

-940.5 -2658.5 -135.92 0
-940.5 -2658.5 -118.93 0

-953.5 -2658.5 -135.92 0
-953.5 -2658.5 -118.93 0

-940.5 2658.5 -118.93 0
-953.5 2658.5 -118.93 0

-940.5 2658.5 -135.92 0
-953.5 2658.5 -135.92 0

-940.5 2658.5 -118.93 0
-940.5 2658.5 -135.92 0

-953.5 2658.5 -118.93 0
-953.5 2658.5 -135.92 0

-940.5 -2658.5 -118.93 0
-940.5 0 -118.93 0

-940.5 0 -118.93 0
-940.5 1329.25 -118.93 0
-940.5 2658.5 -118.93 0

-940.5 2658.5 -118.93 0

-953.5 -2658.5 -118.93 0
-953.5 2658.5 -118.93 0

-940.5 -2658.5 -118.93 0
-953.5 -2658.5 -118.93 0

-940.5 2658.5 -118.93 0
-953.5 2658.5 -118.93 0

-953.5 -2658.5 -101.94 0
-953.5 2658.5 -101.94 0

-940.5 -2658.5 -101.94 0
-940.5 2658.5 -101.94 0

-953.5 -2658.5 -101.94 0
-940.5 -2658.5 -101.94 0

-953.5 2658.5 -101.94 0
-940.5 2658.5 -101.94 0

-953.5 -2658.5 -118.93 0
-953.5 2658.5 -118.93 0

-953.5 -2658.5 -101.94 0
-953.5 2658.5 -101.94 0

-953.5 -2658.5 -118.93 0
-953.5 -2658.5 -101.94 0

-953.5 2658.5 -118.93 0
-953.5 2658.5 -101.94 0

-940.5 -2658.5 -101.94 0
-940.5 2658.5 -101.94 0

-940.5 -2658.5 -118.93 0
-940.5 2658.5 -118.93 0

-940.5 -2658.5 -101.94 0
-940.5 -2658.5 -118.93 0

-940.5 2658.5 -101.94 0
-940.5 2658.5 -118.93 0

-940.5 -2658.5 -118.93 0
-953.5 -2658.5 -118.93 0

-940.5 -2658.5 -101.94 0
-953.5 -2658.5 -101.94 0

-940.5 -2658.5 -118.93 0
-940.5 -2658.5 -101.94 0

-953.5 -2658.5 -118.93 0
-953.5 -2658.5 -101.94 0

-940.5 2658.5 -101.94 0
-953.5 2658.5 -101.94 0

-940.5 2658.5 -118.93 0
-953.5 2658.5 -118.93 0

-940.5 2658.5 -101.94 0
-940.5 2658.5 -118.93 0

-953.5 2658.5 -101.94 0
-953.5 2658.5 -118.93 0

-940.5 -2658.5 -101.94 0
-940.5 0 -101.94 0

-940.5 0 -101.94 0
-940.5 1329.25 -101.94 0
-940.5 2658.5 -101.94 0

-940.5 2658.5 -101.94 0

-953.5 -2658.5 -101.94 0
-953.5 2658.5 -101.94 0

-940.5 -2658.5 -101.94 0
-953.5 -2658.5 -101.94 0

-940.5 2658.5 -101.94 0
-953.5 2658.5 -101.94 0

-953.5 -2658.5 -84.9500000000002 0
-953.5 2658.5 -84.9500000000002 0

-940.5 -2658.5 -84.9500000000002 0
-940.5 2658.5 -84.9500000000002 0

-953.5 -2658.5 -84.9500000000002 0
-940.5 -2658.5 -84.9500000000002 0

-953.5 2658.5 -84.9500000000002 0
-940.5 2658.5 -84.9500000000002 0

-953.5 -2658.5 -101.94 0
-953.5 2658.5 -101.94 0

-953.5 -2658.5 -84.9500000000002 0
-953.5 2658.5 -84.9500000000002 0

-953.5 -2658.5 -101.94 0
-953.5 -2658.5 -84.9500000000002 0

-953.5 2658.5 -101.94 0
-953.5 2658.5 -84.9500000000002 0

-940.5 -2658.5 -84.9500000000002 0
-940.5 2658.5 -84.9500000000002 0

-940.5 -2658.5 -101.94 0
-940.5 2658.5 -101.94 0

-940.5 -2658.5 -84.9500000000002 0
-940.5 -2658.5 -101.94 0

-940.5 2658.5 -84.9500000000002 0
-940.5 2658.5 -101.94 0

-940.5 -2658.5 -101.94 0
-953.5 -2658.5 -101.94 0

-940.5 -2658.5 -84.9500000000002 0
-953.5 -2658.5 -84.9500000000002 0

-940.5 -2658.5 -101.94 0
-940.5 -2658.5 -84.9500000000002 0

-953.5 -2658.5 -101.94 0
-953.5 -2658.5 -84.9500000000002 0

-940.5 2658.5 -84.9500000000002 0
-953.5 2658.5 -84.9500000000002 0

-940.5 2658.5 -101.94 0
-953.5 2658.5 -101.94 0

-940.5 2658.5 -84.9500000000002 0
-940.5 2658.5 -101.94 0

-953.5 2658.5 -84.9500000000002 0
-953.5 2658.5 -101.94 0

-940.5 -2658.5 -84.9500000000002 0
-940.5 0 -84.9500000000002 0

-940.5 0 -84.9500000000002 0
-940.5 1329.25 -84.9500000000002 0
-940.5 2658.5 -84.9500000000002 0

-940.5 2658.5 -84.9500000000002 0

-953.5 -2658.5 -84.9500000000002 0
-953.5 2658.5 -84.9500000000002 0

-940.5 -2658.5 -84.9500000000002 0
-953.5 -2658.5 -84.9500000000002 0

-940.5 2658.5 -84.9500000000002 0
-953.5 2658.5 -84.9500000000002 0

-953.5 -2658.5 -67.9600000000002 0
-953.5 2658.5 -67.9600000000002 0

-940.5 -2658.5 -67.9600000000002 0
-940.5 2658.5 -67.9600000000002 0

-953.5 -2658.5 -67.9600000000002 0
-940.5 -2658.5 -67.9600000000002 0

-953.5 2658.5 -67.9600000000002 0
-940.5 2658.5 -67.9600000000002 0

-953.5 -2658.5 -84.9500000000002 0
-953.5 2658.5 -84.9500000000002 0

-953.5 -2658.5 -67.9600000000002 0
-953.5 2658.5 -67.9600000000002 0

-953.5 -2658.5 -84.9500000000002 0
-953.5 -2658.5 -67.9600000000002 0

-953.5 2658.5 -84.9500000000002 0
-953.5 2658.5 -67.9600000000002 0

-940.5 -2658.5 -67.9600000000002 0
-940.5 2658.5 -67.9600000000002 0

-940.5 -2658.5 -84.9500000000002 0
-940.5 2658.5 -84.9500000000002 0

-940.5 -2658.5 -67.9600000000002 0
-940.5 -2658.5 -84.9500000000002 0

-940.5 2658.5 -67.9600000000002 0
-940.5 2658.5 -84.9500000000002 0

-940.5 -2658.5 -84.9500000000002 0
-953.5 -2658.5 -84.9500000000002 0

-940.5 -2658.5 -67.9600000000002 0
-953.5 -2658.5 -67.9600000000002 0

-940.5 -2658.5 -84.9500000000002 0
-940.5 -2658.5 -67.9600000000002 0

-953.5 -2658.5 -84.9500000000002 0
-953.5 -2658.5 -67.9600000000002 0

-940.5 2658.5 -67.9600000000002 0
-953.5 2658.5 -67.9600000000002 0

-940.5 2658.5 -84.9500000000002 0
-953.5 2658.5 -84.9500000000002 0

-940.5 2658.5 -67.9600000000002 0
-940.5 2658.5 -84.9500000000002 0

-953.5 2658.5 -67.9600000000002 0
-953.5 2658.5 -84.9500000000002 0

-940.5 -2658.5 -67.9600000000002 0
-940.5 0 -67.9600000000002 0

-940.5 0 -67.9600000000002 0
-940.5 1329.25 -67.9600000000002 0
-940.5 2658.5 -67.9600000000002 0

-940.5 2658.5 -67.9600000000002 0

-953.5 -2658.5 -67.9600000000002 0
-953.5 2658.5 -67.9600000000002 0

-940.5 -2658.5 -67.9600000000002 0
-953.5 -2658.5 -67.9600000000002 0

-940.5 2658.5 -67.9600000000002 0
-953.5 2658.5 -67.9600000000002 0

-953.5 -2658.5 -50.9700000000001 0
-953.5 2658.5 -50.9700000000001 0

-940.5 -2658.5 -50.9700000000001 0
-940.5 2658.5 -50.9700000000001 0

-953.5 -2658.5 -50.9700000000001 0
-940.5 -2658.5 -50.9700000000001 0

-953.5 2658.5 -50.9700000000001 0
-940.5 2658.5 -50.9700000000001 0

-953.5 -2658.5 -67.9600000000002 0
-953.5 2658.5 -67.9600000000002 0

-953.5 -2658.5 -50.9700000000001 0
-953.5 2658.5 -50.9700000000001 0

-953.5 -2658.5 -67.9600000000002 0
-953.5 -2658.5 -50.9700000000001 0

-953.5 2658.5 -67.9600000000002 0
-953.5 2658.5 -50.9700000000001 0

-940.5 -2658.5 -50.9700000000001 0
-940.5 2658.5 -50.9700000000001 0

-940.5 -2658.5 -67.9600000000002 0
-940.5 2658.5 -67.9600000000002 0

-940.5 -2658.5 -50.9700000000001 0
-940.5 -2658.5 -67.9600000000002 0

-940.5 2658.5 -50.9700000000001 0
-940.5 2658.5 -67.9600000000002 0

-940.5 -2658.5 -67.9600000000002 0
-953.5 -2658.5 -67.9600000000002 0

-940.5 -2658.5 -50.9700000000001 0
-953.5 -2658.5 -50.9700000000001 0

-940.5 -2658.5 -67.9600000000002 0
-940.5 -2658.5 -50.9700000000001 0

-953.5 -2658.5 -67.9600000000002 0
-953.5 -2658.5 -50.9700000000001 0

-940.5 2658.5 -50.9700000000001 0
-953.5 2658.5 -50.9700000000001 0

-940.5 2658.5 -67.9600000000002 0
-953.5 2658.5 -67.9600000000002 0

-940.5 2658.5 -50.9700000000001 0
-940.5 2658.5 -67.9600000000002 0

-953.5 2658.5 -50.9700000000001 0
-953.5 2658.5 -67.9600000000002 0

-940.5 -2658.5 -50.9700000000001 0
-940.5 0 -50.9700000000001 0

-940.5 0 -50.9700000000001 0
-940.5 1329.25 -50.9700000000001 0
-940.5 2658.5 -50.9700000000001 0

-940.5 2658.5 -50.9700000000001 0

-953.5 -2658.5 -50.9700000000001 0
-953.5 2658.5 -50.9700000000001 0

-940.5 -2658.5 -50.9700000000001 0
-953.5 -2658.5 -50.9700000000001 0

-940.5 2658.5 -50.9700000000001 0
-953.5 2658.5 -50.9700000000001 0

-953.5 -2658.5 -33.9800000000001 0
-953.5 2658.5 -33.9800000000001 0

-940.5 -2658.5 -33.9800000000001 0
-940.5 2658.5 -33.9800000000001 0

-953.5 -2658.5 -33.9800000000001 0
-940.5 -2658.5 -33.9800000000001 0

-953.5 2658.5 -33.9800000000001 0
-940.5 2658.5 -33.9800000000001 0

-953.5 -2658.5 -50.9700000000001 0
-953.5 2658.5 -50.9700000000001 0

-953.5 -2658.5 -33.9800000000001 0
-953.5 2658.5 -33.9800000000001 0

-953.5 -2658.5 -50.9700000000001 0
-953.5 -2658.5 -33.9800000000001 0

-953.5 2658.5 -50.9700000000001 0
-953.5 2658.5 -33.9800000000001 0

-940.5 -2658.5 -33.9800000000001 0
-940.5 2658.5 -33.9800000000001 0

-940.5 -2658.5 -50.9700000000001 0
-940.5 2658.5 -50.9700000000001 0

-940.5 -2658.5 -33.9800000000001 0
-940.5 -2658.5 -50.9700000000001 0

-940.5 2658.5 -33.9800000000001 0
-940.5 2658.5 -50.9700000000001 0

-940.5 -2658.5 -50.9700000000001 0
-953.5 -2658.5 -50.9700000000001 0

-940.5 -2658.5 -33.9800000000001 0
-953.5 -2658.5 -33.9800000000001 0

-940.5 -2658.5 -50.9700000000001 0
-940.5 -2658.5 -33.9800000000001 0

-953.5 -2658.5 -50.9700000000001 0
-953.5 -2658.5 -33.9800000000001 0

-940.5 2658.5 -33.9800000000001 0
-953.5 2658.5 -33.9800000000001 0

-940.5 2658.5 -50.9700000000001 0
-953.5 2658.5 -50.9700000000001 0

-940.5 2658.5 -33.9800000000001 0
-940.5 2658.5 -50.9700000000001 0

-953.5 2658.5 -33.9800000000001 0
-953.5 2658.5 -50.9700000000001 0

-940.5 -2658.5 -33.9800000000001 0
-940.5 0 -33.9800000000001 0

-940.5 0 -33.9800000000001 0
-940.5 1329.25 -33.9800000000001 0
-940.5 2658.5 -33.9800000000001 0

-940.5 2658.5 -33.9800000000001 0

-953.5 -2658.5 -33.9800000000001 0
-953.5 2658.5 -33.9800000000001 0

-940.5 -2658.5 -33.9800000000001 0
-953.5 -2658.5 -33.9800000000001 0

-940.5 2658.5 -33.9800000000001 0
-953.5 2658.5 -33.9800000000001 0

-953.5 -2658.5 -16.9900000000001 0
-953.5 2658.5 -16.9900000000001 0

-940.5 -2658.5 -16.9900000000001 0
-940.5 2658.5 -16.9900000000001 0

-953.5 -2658.5 -16.9900000000001 0
-940.5 -2658.5 -16.9900000000001 0

-953.5 2658.5 -16.9900000000001 0
-940.5 2658.5 -16.9900000000001 0

-953.5 -2658.5 -33.9800000000001 0
-953.5 2658.5 -33.9800000000001 0

-953.5 -2658.5 -16.9900000000001 0
-953.5 2658.5 -16.9900000000001 0

-953.5 -2658.5 -33.9800000000001 0
-953.5 -2658.5 -16.9900000000001 0

-953.5 2658.5 -33.9800000000001 0
-953.5 2658.5 -16.9900000000001 0

-940.5 -2658.5 -16.9900000000001 0
-940.5 2658.5 -16.9900000000001 0

-940.5 -2658.5 -33.9800000000001 0
-940.5 2658.5 -33.9800000000001 0

-940.5 -2658.5 -16.9900000000001 0
-940.5 -2658.5 -33.9800000000001 0

-940.5 2658.5 -16.9900000000001 0
-940.5 2658.5 -33.9800000000001 0

-940.5 -2658.5 -33.9800000000001 0
-953.5 -2658.5 -33.9800000000001 0

-940.5 -2658.5 -16.9900000000001 0
-953.5 -2658.5 -16.9900000000001 0

-940.5 -2658.5 -33.9800000000001 0
-940.5 -2658.5 -16.9900000000001 0

-953.5 -2658.5 -33.9800000000001 0
-953.5 -2658.5 -16.9900000000001 0

-940.5 2658.5 -16.9900000000001 0
-953.5 2658.5 -16.9900000000001 0

-940.5 2658.5 -33.9800000000001 0
-953.5 2658.5 -33.9800000000001 0

-940.5 2658.5 -16.9900000000001 0
-940.5 2658.5 -33.9800000000001 0

-953.5 2658.5 -16.9900000000001 0
-953.5 2658.5 -33.9800000000001 0

-940.5 -2658.5 -16.9900000000001 0
-940.5 0 -16.9900000000001 0

-940.5 0 -16.9900000000001 0
-940.5 1329.25 -16.9900000000001 0
-940.5 2658.5 -16.9900000000001 0

-940.5 2658.5 -16.9900000000001 0

-953.5 -2658.5 -16.9900000000001 0
-953.5 2658.5 -16.9900000000001 0

-940.5 -2658.5 -16.9900000000001 0
-953.5 -2658.5 -16.9900000000001 0

-940.5 2658.5 -16.9900000000001 0
-953.5 2658.5 -16.9900000000001 0

-953.5 -2658.5 -1.17239551400417e-13 0
-953.5 2658.5 -1.17239551400417e-13 0

-940.5 -2658.5 -1.17239551400417e-13 0
-940.5 2658.5 -1.17239551400417e-13 0

-953.5 -2658.5 -1.17239551400417e-13 0
-940.5 -2658.5 -1.17239551400417e-13 0

-953.5 2658.5 -1.17239551400417e-13 0
-940.5 2658.5 -1.17239551400417e-13 0

-953.5 -2658.5 -16.9900000000001 0
-953.5 2658.5 -16.9900000000001 0

-953.5 -2658.5 -1.17239551400417e-13 0
-953.5 2658.5 -1.17239551400417e-13 0

-953.5 -2658.5 -16.9900000000001 0
-953.5 -2658.5 -1.17239551400417e-13 0

-953.5 2658.5 -16.9900000000001 0
-953.5 2658.5 -1.17239551400417e-13 0

-940.5 -2658.5 -1.17239551400417e-13 0
-940.5 2658.5 -1.17239551400417e-13 0

-940.5 -2658.5 -16.9900000000001 0
-940.5 2658.5 -16.9900000000001 0

-940.5 -2658.5 -1.17239551400417e-13 0
-940.5 -2658.5 -16.9900000000001 0

-940.5 2658.5 -1.17239551400417e-13 0
-940.5 2658.5 -16.9900000000001 0

-940.5 -2658.5 -16.9900000000001 0
-953.5 -2658.5 -16.9900000000001 0

-940.5 -2658.5 -1.17239551400417e-13 0
-953.5 -2658.5 -1.17239551400417e-13 0

-940.5 -2658.5 -16.9900000000001 0
-940.5 -2658.5 -1.17239551400417e-13 0

-953.5 -2658.5 -16.9900000000001 0
-953.5 -2658.5 -1.17239551400417e-13 0

-940.5 2658.5 -1.17239551400417e-13 0
-953.5 2658.5 -1.17239551400417e-13 0

-940.5 2658.5 -16.9900000000001 0
-953.5 2658.5 -16.9900000000001 0

-940.5 2658.5 -1.17239551400417e-13 0
-940.5 2658.5 -16.9900000000001 0

-953.5 2658.5 -1.17239551400417e-13 0
-953.5 2658.5 -16.9900000000001 0

-940.5 -2658.5 -1.10134124042816e-13 0
-940.5 0 -1.10134124042816e-13 0

-940.5 0 -1.10134124042816e-13 0
-940.5 1329.25 -1.10134124042816e-13 0
-940.5 2658.5 -1.10134124042816e-13 0

-940.5 2658.5 -1.10134124042816e-13 0

-953.5 -2658.5 -1.10134124042816e-13 0
-953.5 2658.5 -1.10134124042816e-13 0

-940.5 -2658.5 -1.10134124042816e-13 0
-953.5 -2658.5 -1.10134124042816e-13 0

-940.5 2658.5 -1.10134124042816e-13 0
-953.5 2658.5 -1.10134124042816e-13 0

-953.5 -2658.5 16.9899999999999 0
-953.5 2658.5 16.9899999999999 0

-940.5 -2658.5 16.9899999999999 0
-940.5 2658.5 16.9899999999999 0

-953.5 -2658.5 16.9899999999999 0
-940.5 -2658.5 16.9899999999999 0

-953.5 2658.5 16.9899999999999 0
-940.5 2658.5 16.9899999999999 0

-953.5 -2658.5 -1.10134124042816e-13 0
-953.5 2658.5 -1.10134124042816e-13 0

-953.5 -2658.5 16.9899999999999 0
-953.5 2658.5 16.9899999999999 0

-953.5 -2658.5 -1.10134124042816e-13 0
-953.5 -2658.5 16.9899999999999 0

-953.5 2658.5 -1.10134124042816e-13 0
-953.5 2658.5 16.9899999999999 0

-940.5 -2658.5 16.9899999999999 0
-940.5 2658.5 16.9899999999999 0

-940.5 -2658.5 -1.10134124042816e-13 0
-940.5 2658.5 -1.10134124042816e-13 0

-940.5 -2658.5 16.9899999999999 0
-940.5 -2658.5 -1.10134124042816e-13 0

-940.5 2658.5 16.9899999999999 0
-940.5 2658.5 -1.10134124042816e-13 0

-940.5 -2658.5 -1.10134124042816e-13 0
-953.5 -2658.5 -1.10134124042816e-13 0

-940.5 -2658.5 16.9899999999999 0
-953.5 -2658.5 16.9899999999999 0

-940.5 -2658.5 -1.10134124042816e-13 0
-940.5 -2658.5 16.9899999999999 0

-953.5 -2658.5 -1.10134124042816e-13 0
-953.5 -2658.5 16.9899999999999 0

-940.5 2658.5 16.9899999999999 0
-953.5 2658.5 16.9899999999999 0

-940.5 2658.5 -1.10134124042816e-13 0
-953.5 2658.5 -1.10134124042816e-13 0

-940.5 2658.5 16.9899999999999 0
-940.5 2658.5 -1.10134124042816e-13 0

-953.5 2658.5 16.9899999999999 0
-953.5 2658.5 -1.10134124042816e-13 0

-940.5 -2658.5 16.9899999999999 0
-940.5 0 16.9899999999999 0

-940.5 0 16.9899999999999 0
-940.5 1329.25 16.9899999999999 0
-940.5 2658.5 16.9899999999999 0

-940.5 2658.5 16.9899999999999 0

-953.5 -2658.5 16.9899999999999 0
-953.5 2658.5 16.9899999999999 0

-940.5 -2658.5 16.9899999999999 0
-953.5 -2658.5 16.9899999999999 0

-940.5 2658.5 16.9899999999999 0
-953.5 2658.5 16.9899999999999 0

-953.5 -2658.5 33.9799999999999 0
-953.5 2658.5 33.9799999999999 0

-940.5 -2658.5 33.9799999999999 0
-940.5 2658.5 33.9799999999999 0

-953.5 -2658.5 33.9799999999999 0
-940.5 -2658.5 33.9799999999999 0

-953.5 2658.5 33.9799999999999 0
-940.5 2658.5 33.9799999999999 0

-953.5 -2658.5 16.9899999999999 0
-953.5 2658.5 16.9899999999999 0

-953.5 -2658.5 33.9799999999999 0
-953.5 2658.5 33.9799999999999 0

-953.5 -2658.5 16.9899999999999 0
-953.5 -2658.5 33.9799999999999 0

-953.5 2658.5 16.9899999999999 0
-953.5 2658.5 33.9799999999999 0

-940.5 -2658.5 33.9799999999999 0
-940.5 2658.5 33.9799999999999 0

-940.5 -2658.5 16.9899999999999 0
-940.5 2658.5 16.9899999999999 0

-940.5 -2658.5 33.9799999999999 0
-940.5 -2658.5 16.9899999999999 0

-940.5 2658.5 33.9799999999999 0
-940.5 2658.5 16.9899999999999 0

-940.5 -2658.5 16.9899999999999 0
-953.5 -2658.5 16.9899999999999 0

-940.5 -2658.5 33.9799999999999 0
-953.5 -2658.5 33.9799999999999 0

-940.5 -2658.5 16.9899999999999 0
-940.5 -2658.5 33.9799999999999 0

-953.5 -2658.5 16.9899999999999 0
-953.5 -2658.5 33.9799999999999 0

-940.5 2658.5 33.9799999999999 0
-953.5 2658.5 33.9799999999999 0

-940.5 2658.5 16.9899999999999 0
-953.5 2658.5 16.9899999999999 0

-940.5 2658.5 33.9799999999999 0
-940.5 2658.5 16.9899999999999 0

-953.5 2658.5 33.9799999999999 0
-953.5 2658.5 16.9899999999999 0

-940.5 -2658.5 33.9799999999999 0
-940.5 0 33.9799999999999 0

-940.5 0 33.9799999999999 0
-940.5 1329.25 33.9799999999999 0
-940.5 2658.5 33.9799999999999 0

-940.5 2658.5 33.9799999999999 0

-953.5 -2658.5 33.9799999999999 0
-953.5 2658.5 33.9799999999999 0

-940.5 -2658.5 33.9799999999999 0
-953.5 -2658.5 33.9799999999999 0

-940.5 2658.5 33.9799999999999 0
-953.5 2658.5 33.9799999999999 0

-953.5 -2658.5 50.9699999999999 0
-953.5 2658.5 50.9699999999999 0

-940.5 -2658.5 50.9699999999999 0
-940.5 2658.5 50.9699999999999 0

-953.5 -2658.5 50.9699999999999 0
-940.5 -2658.5 50.9699999999999 0

-953.5 2658.5 50.9699999999999 0
-940.5 2658.5 50.9699999999999 0

-953.5 -2658.5 33.9799999999999 0
-953.5 2658.5 33.9799999999999 0

-953.5 -2658.5 50.9699999999999 0
-953.5 2658.5 50.9699999999999 0

-953.5 -2658.5 33.9799999999999 0
-953.5 -2658.5 50.9699999999999 0

-953.5 2658.5 33.9799999999999 0
-953.5 2658.5 50.9699999999999 0

-940.5 -2658.5 50.9699999999999 0
-940.5 2658.5 50.9699999999999 0

-940.5 -2658.5 33.9799999999999 0
-940.5 2658.5 33.9799999999999 0

-940.5 -2658.5 50.9699999999999 0
-940.5 -2658.5 33.9799999999999 0

-940.5 2658.5 50.9699999999999 0
-940.5 2658.5 33.9799999999999 0

-940.5 -2658.5 33.9799999999999 0
-953.5 -2658.5 33.9799999999999 0

-940.5 -2658.5 50.9699999999999 0
-953.5 -2658.5 50.9699999999999 0

-940.5 -2658.5 33.9799999999999 0
-940.5 -2658.5 50.9699999999999 0

-953.5 -2658.5 33.9799999999999 0
-953.5 -2658.5 50.9699999999999 0

-940.5 2658.5 50.9699999999999 0
-953.5 2658.5 50.9699999999999 0

-940.5 2658.5 33.9799999999999 0
-953.5 2658.5 33.9799999999999 0

-940.5 2658.5 50.9699999999999 0
-940.5 2658.5 33.9799999999999 0

-953.5 2658.5 50.9699999999999 0
-953.5 2658.5 33.9799999999999 0

-940.5 -2658.5 50.9699999999999 0
-940.5 0 50.9699999999999 0

-940.5 0 50.9699999999999 0
-940.5 1329.25 50.9699999999999 0
-940.5 2658.5 50.9699999999999 0

-940.5 2658.5 50.9699999999999 0

-953.5 -2658.5 50.9699999999999 0
-953.5 2658.5 50.9699999999999 0

-940.5 -2658.5 50.9699999999999 0
-953.5 -2658.5 50.9699999999999 0

-940.5 2658.5 50.9699999999999 0
-953.5 2658.5 50.9699999999999 0

-953.5 -2658.5 67.9599999999999 0
-953.5 2658.5 67.9599999999999 0

-940.5 -2658.5 67.9599999999999 0
-940.5 2658.5 67.9599999999999 0

-953.5 -2658.5 67.9599999999999 0
-940.5 -2658.5 67.9599999999999 0

-953.5 2658.5 67.9599999999999 0
-940.5 2658.5 67.9599999999999 0

-953.5 -2658.5 50.9699999999999 0
-953.5 2658.5 50.9699999999999 0

-953.5 -2658.5 67.9599999999999 0
-953.5 2658.5 67.9599999999999 0

-953.5 -2658.5 50.9699999999999 0
-953.5 -2658.5 67.9599999999999 0

-953.5 2658.5 50.9699999999999 0
-953.5 2658.5 67.9599999999999 0

-940.5 -2658.5 67.9599999999999 0
-940.5 2658.5 67.9599999999999 0

-940.5 -2658.5 50.9699999999999 0
-940.5 2658.5 50.9699999999999 0

-940.5 -2658.5 67.9599999999999 0
-940.5 -2658.5 50.9699999999999 0

-940.5 2658.5 67.9599999999999 0
-940.5 2658.5 50.9699999999999 0

-940.5 -2658.5 50.9699999999999 0
-953.5 -2658.5 50.9699999999999 0

-940.5 -2658.5 67.9599999999999 0
-953.5 -2658.5 67.9599999999999 0

-940.5 -2658.5 50.9699999999999 0
-940.5 -2658.5 67.9599999999999 0

-953.5 -2658.5 50.9699999999999 0
-953.5 -2658.5 67.9599999999999 0

-940.5 2658.5 67.9599999999999 0
-953.5 2658.5 67.9599999999999 0

-940.5 2658.5 50.9699999999999 0
-953.5 2658.5 50.9699999999999 0

-940.5 2658.5 67.9599999999999 0
-940.5 2658.5 50.9699999999999 0

-953.5 2658.5 67.9599999999999 0
-953.5 2658.5 50.9699999999999 0

-940.5 -2658.5 67.9599999999999 0
-940.5 0 67.9599999999999 0

-940.5 0 67.9599999999999 0
-940.5 1329.25 67.9599999999999 0
-940.5 2658.5 67.9599999999999 0

-940.5 2658.5 67.9599999999999 0

-953.5 -2658.5 67.9599999999999 0
-953.5 2658.5 67.9599999999999 0

-940.5 -2658.5 67.9599999999999 0
-953.5 -2658.5 67.9599999999999 0

-940.5 2658.5 67.9599999999999 0
-953.5 2658.5 67.9599999999999 0

-953.5 -2658.5 84.9499999999999 0
-953.5 2658.5 84.9499999999999 0

-940.5 -2658.5 84.9499999999999 0
-940.5 2658.5 84.9499999999999 0

-953.5 -2658.5 84.9499999999999 0
-940.5 -2658.5 84.9499999999999 0

-953.5 2658.5 84.9499999999999 0
-940.5 2658.5 84.9499999999999 0

-953.5 -2658.5 67.9599999999999 0
-953.5 2658.5 67.9599999999999 0

-953.5 -2658.5 84.9499999999999 0
-953.5 2658.5 84.9499999999999 0

-953.5 -2658.5 67.9599999999999 0
-953.5 -2658.5 84.9499999999999 0

-953.5 2658.5 67.9599999999999 0
-953.5 2658.5 84.9499999999999 0

-940.5 -2658.5 84.9499999999999 0
-940.5 2658.5 84.9499999999999 0

-940.5 -2658.5 67.9599999999999 0
-940.5 2658.5 67.9599999999999 0

-940.5 -2658.5 84.9499999999999 0
-940.5 -2658.5 67.9599999999999 0

-940.5 2658.5 84.9499999999999 0
-940.5 2658.5 67.9599999999999 0

-940.5 -2658.5 67.9599999999999 0
-953.5 -2658.5 67.9599999999999 0

-940.5 -2658.5 84.9499999999999 0
-953.5 -2658.5 84.9499999999999 0

-940.5 -2658.5 67.9599999999999 0
-940.5 -2658.5 84.9499999999999 0

-953.5 -2658.5 67.9599999999999 0
-953.5 -2658.5 84.9499999999999 0

-940.5 2658.5 84.9499999999999 0
-953.5 2658.5 84.9499999999999 0

-940.5 2658.5 67.9599999999999 0
-953.5 2658.5 67.9599999999999 0

-940.5 2658.5 84.9499999999999 0
-940.5 2658.5 67.9599999999999 0

-953.5 2658.5 84.9499999999999 0
-953.5 2658.5 67.9599999999999 0

-940.5 -2658.5 84.9499999999999 0
-940.5 0 84.9499999999999 0

-940.5 0 84.9499999999999 0
-940.5 1329.25 84.9499999999999 0
-940.5 2658.5 84.9499999999999 0

-940.5 2658.5 84.9499999999999 0

-953.5 -2658.5 84.9499999999999 0
-953.5 2658.5 84.9499999999999 0

-940.5 -2658.5 84.9499999999999 0
-953.5 -2658.5 84.9499999999999 0

-940.5 2658.5 84.9499999999999 0
-953.5 2658.5 84.9499999999999 0

-953.5 -2658.5 101.94 0
-953.5 2658.5 101.94 0

-940.5 -2658.5 101.94 0
-940.5 2658.5 101.94 0

-953.5 -2658.5 101.94 0
-940.5 -2658.5 101.94 0

-953.5 2658.5 101.94 0
-940.5 2658.5 101.94 0

-953.5 -2658.5 84.9499999999999 0
-953.5 2658.5 84.9499999999999 0

-953.5 -2658.5 101.94 0
-953.5 2658.5 101.94 0

-953.5 -2658.5 84.9499999999999 0
-953.5 -2658.5 101.94 0

-953.5 2658.5 84.9499999999999 0
-953.5 2658.5 101.94 0

-940.5 -2658.5 101.94 0
-940.5 2658.5 101.94 0

-940.5 -2658.5 84.9499999999999 0
-940.5 2658.5 84.9499999999999 0

-940.5 -2658.5 101.94 0
-940.5 -2658.5 84.9499999999999 0

-940.5 2658.5 101.94 0
-940.5 2658.5 84.9499999999999 0

-940.5 -2658.5 84.9499999999999 0
-953.5 -2658.5 84.9499999999999 0

-940.5 -2658.5 101.94 0
-953.5 -2658.5 101.94 0

-940.5 -2658.5 84.9499999999999 0
-940.5 -2658.5 101.94 0

-953.5 -2658.5 84.9499999999999 0
-953.5 -2658.5 101.94 0

-940.5 2658.5 101.94 0
-953.5 2658.5 101.94 0

-940.5 2658.5 84.9499999999999 0
-953.5 2658.5 84.9499999999999 0

-940.5 2658.5 101.94 0
-940.5 2658.5 84.9499999999999 0

-953.5 2658.5 101.94 0
-953.5 2658.5 84.9499999999999 0

-940.5 -2658.5 101.94 0
-940.5 0 101.94 0

-940.5 0 101.94 0
-940.5 1329.25 101.94 0
-940.5 2658.5 101.94 0

-940.5 2658.5 101.94 0

-953.5 -2658.5 101.94 0
-953.5 2658.5 101.94 0

-940.5 -2658.5 101.94 0
-953.5 -2658.5 101.94 0

-940.5 2658.5 101.94 0
-953.5 2658.5 101.94 0

-953.5 -2658.5 118.93 0
-953.5 2658.5 118.93 0

-940.5 -2658.5 118.93 0
-940.5 2658.5 118.93 0

-953.5 -2658.5 118.93 0
-940.5 -2658.5 118.93 0

-953.5 2658.5 118.93 0
-940.5 2658.5 118.93 0

-953.5 -2658.5 101.94 0
-953.5 2658.5 101.94 0

-953.5 -2658.5 118.93 0
-953.5 2658.5 118.93 0

-953.5 -2658.5 101.94 0
-953.5 -2658.5 118.93 0

-953.5 2658.5 101.94 0
-953.5 2658.5 118.93 0

-940.5 -2658.5 118.93 0
-940.5 2658.5 118.93 0

-940.5 -2658.5 101.94 0
-940.5 2658.5 101.94 0

-940.5 -2658.5 118.93 0
-940.5 -2658.5 101.94 0

-940.5 2658.5 118.93 0
-940.5 2658.5 101.94 0

-940.5 -2658.5 101.94 0
-953.5 -2658.5 101.94 0

-940.5 -2658.5 118.93 0
-953.5 -2658.5 118.93 0

-940.5 -2658.5 101.94 0
-940.5 -2658.5 118.93 0

-953.5 -2658.5 101.94 0
-953.5 -2658.5 118.93 0

-940.5 2658.5 118.93 0
-953.5 2658.5 118.93 0

-940.5 2658.5 101.94 0
-953.5 2658.5 101.94 0

-940.5 2658.5 118.93 0
-940.5 2658.5 101.94 0

-953.5 2658.5 118.93 0
-953.5 2658.5 101.94 0

-940.5 -2658.5 118.93 0
-940.5 0 118.93 0

-940.5 0 118.93 0
-940.5 1329.25 118.93 0
-940.5 2658.5 118.93 0

-940.5 2658.5 118.93 0

-953.5 -2658.5 118.93 0
-953.5 2658.5 118.93 0

-940.5 -2658.5 118.93 0
-953.5 -2658.5 118.93 0

-940.5 2658.5 118.93 0
-953.5 2658.5 118.93 0

-953.5 -2658.5 135.92 0
-953.5 2658.5 135.92 0

-940.5 -2658.5 135.92 0
-940.5 2658.5 135.92 0

-953.5 -2658.5 135.92 0
-940.5 -2658.5 135.92 0

-953.5 2658.5 135.92 0
-940.5 2658.5 135.92 0

-953.5 -2658.5 118.93 0
-953.5 2658.5 118.93 0

-953.5 -2658.5 135.92 0
-953.5 2658.5 135.92 0

-953.5 -2658.5 118.93 0
-953.5 -2658.5 135.92 0

-953.5 2658.5 118.93 0
-953.5 2658.5 135.92 0

-940.5 -2658.5 135.92 0
-940.5 2658.5 135.92 0

-940.5 -2658.5 118.93 0
-940.5 2658.5 118.93 0

-940.5 -2658.5 135.92 0
-940.5 -2658.5 118.93 0

-940.5 2658.5 135.92 0
-940.5 2658.5 118.93 0

-940.5 -2658.5 118.93 0
-953.5 -2658.5 118.93 0

-940.5 -2658.5 135.92 0
-953.5 -2658.5 135.92 0

-940.5 -2658.5 118.93 0
-940.5 -2658.5 135.92 0

-953.5 -2658.5 118.93 0
-953.5 -2658.5 135.92 0

-940.5 2658.5 135.92 0
-953.5 2658.5 135.92 0

-940.5 2658.5 118.93 0
-953.5 2658.5 118.93 0

-940.5 2658.5 135.92 0
-940.5 2658.5 118.93 0

-953.5 2658.5 135.92 0
-953.5 2658.5 118.93 0

-940.5 -2658.5 135.92 0
-940.5 0 135.92 0

-940.5 0 135.92 0
-940.5 1329.25 135.92 0
-940.5 2658.5 135.92 0

-940.5 2658.5 135.92 0

-953.5 -2658.5 135.92 0
-953.5 2658.5 135.92 0

-940.5 -2658.5 135.92 0
-953.5 -2658.5 135.92 0

-940.5 2658.5 135.92 0
-953.5 2658.5 135.92 0

-953.5 -2658.5 152.91 0
-953.5 2658.5 152.91 0

-940.5 -2658.5 152.91 0
-940.5 2658.5 152.91 0

-953.5 -2658.5 152.91 0
-940.5 -2658.5 152.91 0

-953.5 2658.5 152.91 0
-940.5 2658.5 152.91 0

-953.5 -2658.5 135.92 0
-953.5 2658.5 135.92 0

-953.5 -2658.5 152.91 0
-953.5 2658.5 152.91 0

-953.5 -2658.5 135.92 0
-953.5 -2658.5 152.91 0

-953.5 2658.5 135.92 0
-953.5 2658.5 152.91 0

-940.5 -2658.5 152.91 0
-940.5 2658.5 152.91 0

-940.5 -2658.5 135.92 0
-940.5 2658.5 135.92 0

-940.5 -2658.5 152.91 0
-940.5 -2658.5 135.92 0

-940.5 2658.5 152.91 0
-940.5 2658.5 135.92 0

-940.5 -2658.5 135.92 0
-953.5 -2658.5 135.92 0

-940.5 -2658.5 152.91 0
-953.5 -2658.5 152.91 0

-940.5 -2658.5 135.92 0
-940.5 -2658.5 152.91 0

-953.5 -2658.5 135.92 0
-953.5 -2658.5 152.91 0

-940.5 2658.5 152.91 0
-953.5 2658.5 152.91 0

-940.5 2658.5 135.92 0
-953.5 2658.5 135.92 0

-940.5 2658.5 152.91 0
-940.5 2658.5 135.92 0

-953.5 2658.5 152.91 0
-953.5 2658.5 135.92 0

-940.5 -2658.5 152.91 0
-940.5 0 152.91 0

-940.5 0 152.91 0
-940.5 1329.25 152.91 0
-940.5 2658.5 152.91 0

-940.5 2658.5 152.91 0

-953.5 -2658.5 152.91 0
-953.5 2658.5 152.91 0

-940.5 -2658.5 152.91 0
-953.5 -2658.5 152.91 0

-940.5 2658.5 152.91 0
-953.5 2658.5 152.91 0

-953.5 -2658.5 169.9 0
-953.5 2658.5 169.9 0

-940.5 -2658.5 169.9 0
-940.5 2658.5 169.9 0

-953.5 -2658.5 169.9 0
-940.5 -2658.5 169.9 0

-953.5 2658.5 169.9 0
-940.5 2658.5 169.9 0

-953.5 -2658.5 152.91 0
-953.5 2658.5 152.91 0

-953.5 -2658.5 169.9 0
-953.5 2658.5 169.9 0

-953.5 -2658.5 152.91 0
-953.5 -2658.5 169.9 0

-953.5 2658.5 152.91 0
-953.5 2658.5 169.9 0

-940.5 -2658.5 169.9 0
-940.5 2658.5 169.9 0

-940.5 -2658.5 152.91 0
-940.5 2658.5 152.91 0

-940.5 -2658.5 169.9 0
-940.5 -2658.5 152.91 0

-940.5 2658.5 169.9 0
-940.5 2658.5 152.91 0

-940.5 -2658.5 152.91 0
-953.5 -2658.5 152.91 0

-940.5 -2658.5 169.9 0
-953.5 -2658.5 169.9 0

-940.5 -2658.5 152.91 0
-940.5 -2658.5 169.9 0

-953.5 -2658.5 152.91 0
-953.5 -2658.5 169.9 0

-940.5 2658.5 169.9 0
-953.5 2658.5 169.9 0

-940.5 2658.5 152.91 0
-953.5 2658.5 152.91 0

-940.5 2658.5 169.9 0
-940.5 2658.5 152.91 0

-953.5 2658.5 169.9 0
-953.5 2658.5 152.91 0

-940.5 -2658.5 169.9 0
-940.5 0 169.9 0

-940.5 0 169.9 0
-940.5 1329.25 169.9 0
-940.5 2658.5 169.9 0

-940.5 2658.5 169.9 0

-953.5 -2658.5 169.9 0
-953.5 2658.5 169.9 0

-940.5 -2658.5 169.9 0
-953.5 -2658.5 169.9 0

-940.5 2658.5 169.9 0
-953.5 2658.5 169.9 0

-953.5 -2658.5 186.89 0
-953.5 2658.5 186.89 0

-940.5 -2658.5 186.89 0
-940.5 2658.5 186.89 0

-953.5 -2658.5 186.89 0
-940.5 -2658.5 186.89 0

-953.5 2658.5 186.89 0
-940.5 2658.5 186.89 0

-953.5 -2658.5 169.9 0
-953.5 2658.5 169.9 0

-953.5 -2658.5 186.89 0
-953.5 2658.5 186.89 0

-953.5 -2658.5 169.9 0
-953.5 -2658.5 186.89 0

-953.5 2658.5 169.9 0
-953.5 2658.5 186.89 0

-940.5 -2658.5 186.89 0
-940.5 2658.5 186.89 0

-940.5 -2658.5 169.9 0
-940.5 2658.5 169.9 0

-940.5 -2658.5 186.89 0
-940.5 -2658.5 169.9 0

-940.5 2658.5 186.89 0
-940.5 2658.5 169.9 0

-940.5 -2658.5 169.9 0
-953.5 -2658.5 169.9 0

-940.5 -2658.5 186.89 0
-953.5 -2658.5 186.89 0

-940.5 -2658.5 169.9 0
-940.5 -2658.5 186.89 0

-953.5 -2658.5 169.9 0
-953.5 -2658.5 186.89 0

-940.5 2658.5 186.89 0
-953.5 2658.5 186.89 0

-940.5 2658.5 169.9 0
-953.5 2658.5 169.9 0

-940.5 2658.5 186.89 0
-940.5 2658.5 169.9 0

-953.5 2658.5 186.89 0
-953.5 2658.5 169.9 0

-940.5 -2658.5 186.89 0
-940.5 0 186.89 0

-940.5 0 186.89 0
-940.5 1329.25 186.89 0
-940.5 2658.5 186.89 0

-940.5 2658.5 186.89 0

-953.5 -2658.5 186.89 0
-953.5 2658.5 186.89 0

-940.5 -2658.5 186.89 0
-953.5 -2658.5 186.89 0

-940.5 2658.5 186.89 0
-953.5 2658.5 186.89 0

-953.5 -2658.5 203.88 0
-953.5 2658.5 203.88 0

-940.5 -2658.5 203.88 0
-940.5 2658.5 203.88 0

-953.5 -2658.5 203.88 0
-940.5 -2658.5 203.88 0

-953.5 2658.5 203.88 0
-940.5 2658.5 203.88 0

-953.5 -2658.5 186.89 0
-953.5 2658.5 186.89 0

-953.5 -2658.5 203.88 0
-953.5 2658.5 203.88 0

-953.5 -2658.5 186.89 0
-953.5 -2658.5 203.88 0

-953.5 2658.5 186.89 0
-953.5 2658.5 203.88 0

-940.5 -2658.5 203.88 0
-940.5 2658.5 203.88 0

-940.5 -2658.5 186.89 0
-940.5 2658.5 186.89 0

-940.5 -2658.5 203.88 0
-940.5 -2658.5 186.89 0

-940.5 2658.5 203.88 0
-940.5 2658.5 186.89 0

-940.5 -2658.5 186.89 0
-953.5 -2658.5 186.89 0

-940.5 -2658.5 203.88 0
-953.5 -2658.5 203.88 0

-940.5 -2658.5 186.89 0
-940.5 -2658.5 203.88 0

-953.5 -2658.5 186.89 0
-953.5 -2658.5 203.88 0

-940.5 2658.5 203.88 0
-953.5 2658.5 203.88 0

-940.5 2658.5 186.89 0
-953.5 2658.5 186.89 0

-940.5 2658.5 203.88 0
-940.5 2658.5 186.89 0

-953.5 2658.5 203.88 0
-953.5 2658.5 186.89 0

-940.5 -2658.5 203.88 0
-940.5 0 203.88 0

-940.5 0 203.88 0
-940.5 1329.25 203.88 0
-940.5 2658.5 203.88 0

-940.5 2658.5 203.88 0

-953.5 -2658.5 203.88 0
-953.5 2658.5 203.88 0

-940.5 -2658.5 203.88 0
-953.5 -2658.5 203.88 0

-940.5 2658.5 203.88 0
-953.5 2658.5 203.88 0

-953.5 -2658.5 220.87 0
-953.5 2658.5 220.87 0

-940.5 -2658.5 220.87 0
-940.5 2658.5 220.87 0

-953.5 -2658.5 220.87 0
-940.5 -2658.5 220.87 0

-953.5 2658.5 220.87 0
-940.5 2658.5 220.87 0

-953.5 -2658.5 203.88 0
-953.5 2658.5 203.88 0

-953.5 -2658.5 220.87 0
-953.5 2658.5 220.87 0

-953.5 -2658.5 203.88 0
-953.5 -2658.5 220.87 0

-953.5 2658.5 203.88 0
-953.5 2658.5 220.87 0

-940.5 -2658.5 220.87 0
-940.5 2658.5 220.87 0

-940.5 -2658.5 203.88 0
-940.5 2658.5 203.88 0

-940.5 -2658.5 220.87 0
-940.5 -2658.5 203.88 0

-940.5 2658.5 220.87 0
-940.5 2658.5 203.88 0

-940.5 -2658.5 203.88 0
-953.5 -2658.5 203.88 0

-940.5 -2658.5 220.87 0
-953.5 -2658.5 220.87 0

-940.5 -2658.5 203.88 0
-940.5 -2658.5 220.87 0

-953.5 -2658.5 203.88 0
-953.5 -2658.5 220.87 0

-940.5 2658.5 220.87 0
-953.5 2658.5 220.87 0

-940.5 2658.5 203.88 0
-953.5 2658.5 203.88 0

-940.5 2658.5 220.87 0
-940.5 2658.5 203.88 0

-953.5 2658.5 220.87 0
-953.5 2658.5 203.88 0

-940.5 -2658.5 220.87 0
-940.5 0 220.87 0

-940.5 0 220.87 0
-940.5 1329.25 220.87 0
-940.5 2658.5 220.87 0

-940.5 2658.5 220.87 0

-953.5 -2658.5 220.87 0
-953.5 2658.5 220.87 0

-940.5 -2658.5 220.87 0
-953.5 -2658.5 220.87 0

-940.5 2658.5 220.87 0
-953.5 2658.5 220.87 0

-953.5 -2658.5 237.86 0
-953.5 2658.5 237.86 0

-940.5 -2658.5 237.86 0
-940.5 2658.5 237.86 0

-953.5 -2658.5 237.86 0
-940.5 -2658.5 237.86 0

-953.5 2658.5 237.86 0
-940.5 2658.5 237.86 0

-953.5 -2658.5 220.87 0
-953.5 2658.5 220.87 0

-953.5 -2658.5 237.86 0
-953.5 2658.5 237.86 0

-953.5 -2658.5 220.87 0
-953.5 -2658.5 237.86 0

-953.5 2658.5 220.87 0
-953.5 2658.5 237.86 0

-940.5 -2658.5 237.86 0
-940.5 2658.5 237.86 0

-940.5 -2658.5 220.87 0
-940.5 2658.5 220.87 0

-940.5 -2658.5 237.86 0
-940.5 -2658.5 220.87 0

-940.5 2658.5 237.86 0
-940.5 2658.5 220.87 0

-940.5 -2658.5 220.87 0
-953.5 -2658.5 220.87 0

-940.5 -2658.5 237.86 0
-953.5 -2658.5 237.86 0

-940.5 -2658.5 220.87 0
-940.5 -2658.5 237.86 0

-953.5 -2658.5 220.87 0
-953.5 -2658.5 237.86 0

-940.5 2658.5 237.86 0
-953.5 2658.5 237.86 0

-940.5 2658.5 220.87 0
-953.5 2658.5 220.87 0

-940.5 2658.5 237.86 0
-940.5 2658.5 220.87 0

-953.5 2658.5 237.86 0
-953.5 2658.5 220.87 0

-940.5 -2658.5 237.86 0
-940.5 0 237.86 0

-940.5 0 237.86 0
-940.5 1329.25 237.86 0
-940.5 2658.5 237.86 0

-940.5 2658.5 237.86 0

-953.5 -2658.5 237.86 0
-953.5 2658.5 237.86 0

-940.5 -2658.5 237.86 0
-953.5 -2658.5 237.86 0

-940.5 2658.5 237.86 0
-953.5 2658.5 237.86 0

-953.5 -2658.5 254.85 0
-953.5 2658.5 254.85 0

-940.5 -2658.5 254.85 0
-940.5 2658.5 254.85 0

-953.5 -2658.5 254.85 0
-940.5 -2658.5 254.85 0

-953.5 2658.5 254.85 0
-940.5 2658.5 254.85 0

-953.5 -2658.5 237.86 0
-953.5 2658.5 237.86 0

-953.5 -2658.5 254.85 0
-953.5 2658.5 254.85 0

-953.5 -2658.5 237.86 0
-953.5 -2658.5 254.85 0

-953.5 2658.5 237.86 0
-953.5 2658.5 254.85 0

-940.5 -2658.5 254.85 0
-940.5 2658.5 254.85 0

-940.5 -2658.5 237.86 0
-940.5 2658.5 237.86 0

-940.5 -2658.5 254.85 0
-940.5 -2658.5 237.86 0

-940.5 2658.5 254.85 0
-940.5 2658.5 237.86 0

-940.5 -2658.5 237.86 0
-953.5 -2658.5 237.86 0

-940.5 -2658.5 254.85 0
-953.5 -2658.5 254.85 0

-940.5 -2658.5 237.86 0
-940.5 -2658.5 254.85 0

-953.5 -2658.5 237.86 0
-953.5 -2658.5 254.85 0

-940.5 2658.5 254.85 0
-953.5 2658.5 254.85 0

-940.5 2658.5 237.86 0
-953.5 2658.5 237.86 0

-940.5 2658.5 254.85 0
-940.5 2658.5 237.86 0

-953.5 2658.5 254.85 0
-953.5 2658.5 237.86 0

-940.5 -2658.5 254.85 0
-940.5 0 254.85 0

-940.5 0 254.85 0
-940.5 1329.25 254.85 0
-940.5 2658.5 254.85 0

-940.5 2658.5 254.85 0

-953.5 -2658.5 254.85 0
-953.5 2658.5 254.85 0

-940.5 -2658.5 254.85 0
-953.5 -2658.5 254.85 0

-940.5 2658.5 254.85 0
-953.5 2658.5 254.85 0

-953.5 -2658.5 271.84 0
-953.5 2658.5 271.84 0

-940.5 -2658.5 271.84 0
-940.5 2658.5 271.84 0

-953.5 -2658.5 271.84 0
-940.5 -2658.5 271.84 0

-953.5 2658.5 271.84 0
-940.5 2658.5 271.84 0

-953.5 -2658.5 254.85 0
-953.5 2658.5 254.85 0

-953.5 -2658.5 271.84 0
-953.5 2658.5 271.84 0

-953.5 -2658.5 254.85 0
-953.5 -2658.5 271.84 0

-953.5 2658.5 254.85 0
-953.5 2658.5 271.84 0

-940.5 -2658.5 271.84 0
-940.5 2658.5 271.84 0

-940.5 -2658.5 254.85 0
-940.5 2658.5 254.85 0

-940.5 -2658.5 271.84 0
-940.5 -2658.5 254.85 0

-940.5 2658.5 271.84 0
-940.5 2658.5 254.85 0

-940.5 -2658.5 254.85 0
-953.5 -2658.5 254.85 0

-940.5 -2658.5 271.84 0
-953.5 -2658.5 271.84 0

-940.5 -2658.5 254.85 0
-940.5 -2658.5 271.84 0

-953.5 -2658.5 254.85 0
-953.5 -2658.5 271.84 0

-940.5 2658.5 271.84 0
-953.5 2658.5 271.84 0

-940.5 2658.5 254.85 0
-953.5 2658.5 254.85 0

-940.5 2658.5 271.84 0
-940.5 2658.5 254.85 0

-953.5 2658.5 271.84 0
-953.5 2658.5 254.85 0

-940.5 -2658.5 271.84 0
-940.5 0 271.84 0

-940.5 0 271.84 0
-940.5 1329.25 271.84 0
-940.5 2658.5 271.84 0

-940.5 2658.5 271.84 0

-953.5 -2658.5 271.84 0
-953.5 2658.5 271.84 0

-940.5 -2658.5 271.84 0
-953.5 -2658.5 271.84 0

-940.5 2658.5 271.84 0
-953.5 2658.5 271.84 0

-953.5 -2658.5 288.83 0
-953.5 2658.5 288.83 0

-940.5 -2658.5 288.83 0
-940.5 2658.5 288.83 0

-953.5 -2658.5 288.83 0
-940.5 -2658.5 288.83 0

-953.5 2658.5 288.83 0
-940.5 2658.5 288.83 0

-953.5 -2658.5 271.84 0
-953.5 2658.5 271.84 0

-953.5 -2658.5 288.83 0
-953.5 2658.5 288.83 0

-953.5 -2658.5 271.84 0
-953.5 -2658.5 288.83 0

-953.5 2658.5 271.84 0
-953.5 2658.5 288.83 0

-940.5 -2658.5 288.83 0
-940.5 2658.5 288.83 0

-940.5 -2658.5 271.84 0
-940.5 2658.5 271.84 0

-940.5 -2658.5 288.83 0
-940.5 -2658.5 271.84 0

-940.5 2658.5 288.83 0
-940.5 2658.5 271.84 0

-940.5 -2658.5 271.84 0
-953.5 -2658.5 271.84 0

-940.5 -2658.5 288.83 0
-953.5 -2658.5 288.83 0

-940.5 -2658.5 271.84 0
-940.5 -2658.5 288.83 0

-953.5 -2658.5 271.84 0
-953.5 -2658.5 288.83 0

-940.5 2658.5 288.83 0
-953.5 2658.5 288.83 0

-940.5 2658.5 271.84 0
-953.5 2658.5 271.84 0

-940.5 2658.5 288.83 0
-940.5 2658.5 271.84 0

-953.5 2658.5 288.83 0
-953.5 2658.5 271.84 0

-940.5 -2658.5 288.83 0
-940.5 0 288.83 0

-940.5 0 288.83 0
-940.5 1329.25 288.83 0
-940.5 2658.5 288.83 0

-940.5 2658.5 288.83 0

-953.5 -2658.5 288.83 0
-953.5 2658.5 288.83 0

-940.5 -2658.5 288.83 0
-953.5 -2658.5 288.83 0

-940.5 2658.5 288.83 0
-953.5 2658.5 288.83 0

-953.5 -2658.5 305.82 0
-953.5 2658.5 305.82 0

-940.5 -2658.5 305.82 0
-940.5 2658.5 305.82 0

-953.5 -2658.5 305.82 0
-940.5 -2658.5 305.82 0

-953.5 2658.5 305.82 0
-940.5 2658.5 305.82 0

-953.5 -2658.5 288.83 0
-953.5 2658.5 288.83 0

-953.5 -2658.5 305.82 0
-953.5 2658.5 305.82 0

-953.5 -2658.5 288.83 0
-953.5 -2658.5 305.82 0

-953.5 2658.5 288.83 0
-953.5 2658.5 305.82 0

-940.5 -2658.5 305.82 0
-940.5 2658.5 305.82 0

-940.5 -2658.5 288.83 0
-940.5 2658.5 288.83 0

-940.5 -2658.5 305.82 0
-940.5 -2658.5 288.83 0

-940.5 2658.5 305.82 0
-940.5 2658.5 288.83 0

-940.5 -2658.5 288.83 0
-953.5 -2658.5 288.83 0

-940.5 -2658.5 305.82 0
-953.5 -2658.5 305.82 0

-940.5 -2658.5 288.83 0
-940.5 -2658.5 305.82 0

-953.5 -2658.5 288.83 0
-953.5 -2658.5 305.82 0

-940.5 2658.5 305.82 0
-953.5 2658.5 305.82 0

-940.5 2658.5 288.83 0
-953.5 2658.5 288.83 0

-940.5 2658.5 305.82 0
-940.5 2658.5 288.83 0

-953.5 2658.5 305.82 0
-953.5 2658.5 288.83 0

-940.5 -2658.5 305.82 0
-940.5 0 305.82 0

-940.5 0 305.82 0
-940.5 1329.25 305.82 0
-940.5 2658.5 305.82 0

-940.5 2658.5 305.82 0

-953.5 -2658.5 305.82 0
-953.5 2658.5 305.82 0

-940.5 -2658.5 305.82 0
-953.5 -2658.5 305.82 0

-940.5 2658.5 305.82 0
-953.5 2658.5 305.82 0

-953.5 -2658.5 322.81 0
-953.5 2658.5 322.81 0

-940.5 -2658.5 322.81 0
-940.5 2658.5 322.81 0

-953.5 -2658.5 322.81 0
-940.5 -2658.5 322.81 0

-953.5 2658.5 322.81 0
-940.5 2658.5 322.81 0

-953.5 -2658.5 305.82 0
-953.5 2658.5 305.82 0

-953.5 -2658.5 322.81 0
-953.5 2658.5 322.81 0

-953.5 -2658.5 305.82 0
-953.5 -2658.5 322.81 0

-953.5 2658.5 305.82 0
-953.5 2658.5 322.81 0

-940.5 -2658.5 322.81 0
-940.5 2658.5 322.81 0

-940.5 -2658.5 305.82 0
-940.5 2658.5 305.82 0

-940.5 -2658.5 322.81 0
-940.5 -2658.5 305.82 0

-940.5 2658.5 322.81 0
-940.5 2658.5 305.82 0

-940.5 -2658.5 305.82 0
-953.5 -2658.5 305.82 0

-940.5 -2658.5 322.81 0
-953.5 -2658.5 322.81 0

-940.5 -2658.5 305.82 0
-940.5 -2658.5 322.81 0

-953.5 -2658.5 305.82 0
-953.5 -2658.5 322.81 0

-940.5 2658.5 322.81 0
-953.5 2658.5 322.81 0

-940.5 2658.5 305.82 0
-953.5 2658.5 305.82 0

-940.5 2658.5 322.81 0
-940.5 2658.5 305.82 0

-953.5 2658.5 322.81 0
-953.5 2658.5 305.82 0

-940.5 -2658.5 322.81 0
-940.5 0 322.81 0

-940.5 0 322.81 0
-940.5 1329.25 322.81 0
-940.5 2658.5 322.81 0

-940.5 2658.5 322.81 0

-953.5 -2658.5 322.81 0
-953.5 2658.5 322.81 0

-940.5 -2658.5 322.81 0
-953.5 -2658.5 322.81 0

-940.5 2658.5 322.81 0
-953.5 2658.5 322.81 0

-953.5 -2658.5 339.8 0
-953.5 2658.5 339.8 0

-940.5 -2658.5 339.8 0
-940.5 2658.5 339.8 0

-953.5 -2658.5 339.8 0
-940.5 -2658.5 339.8 0

-953.5 2658.5 339.8 0
-940.5 2658.5 339.8 0

-953.5 -2658.5 322.81 0
-953.5 2658.5 322.81 0

-953.5 -2658.5 339.8 0
-953.5 2658.5 339.8 0

-953.5 -2658.5 322.81 0
-953.5 -2658.5 339.8 0

-953.5 2658.5 322.81 0
-953.5 2658.5 339.8 0

-940.5 -2658.5 339.8 0
-940.5 2658.5 339.8 0

-940.5 -2658.5 322.81 0
-940.5 2658.5 322.81 0

-940.5 -2658.5 339.8 0
-940.5 -2658.5 322.81 0

-940.5 2658.5 339.8 0
-940.5 2658.5 322.81 0

-940.5 -2658.5 322.81 0
-953.5 -2658.5 322.81 0

-940.5 -2658.5 339.8 0
-953.5 -2658.5 339.8 0

-940.5 -2658.5 322.81 0
-940.5 -2658.5 339.8 0

-953.5 -2658.5 322.81 0
-953.5 -2658.5 339.8 0

-940.5 2658.5 339.8 0
-953.5 2658.5 339.8 0

-940.5 2658.5 322.81 0
-953.5 2658.5 322.81 0

-940.5 2658.5 339.8 0
-940.5 2658.5 322.81 0

-953.5 2658.5 339.8 0
-953.5 2658.5 322.81 0

-940.5 -2658.5 339.8 0
-940.5 0 339.8 0

-940.5 0 339.8 0
-940.5 1329.25 339.8 0
-940.5 2658.5 339.8 0

-940.5 2658.5 339.8 0

-953.5 -2658.5 339.8 0
-953.5 2658.5 339.8 0

-940.5 -2658.5 339.8 0
-953.5 -2658.5 339.8 0

-940.5 2658.5 339.8 0
-953.5 2658.5 339.8 0

-953.5 -2658.5 356.79 0
-953.5 2658.5 356.79 0

-940.5 -2658.5 356.79 0
-940.5 2658.5 356.79 0

-953.5 -2658.5 356.79 0
-940.5 -2658.5 356.79 0

-953.5 2658.5 356.79 0
-940.5 2658.5 356.79 0

-953.5 -2658.5 339.8 0
-953.5 2658.5 339.8 0

-953.5 -2658.5 356.79 0
-953.5 2658.5 356.79 0

-953.5 -2658.5 339.8 0
-953.5 -2658.5 356.79 0

-953.5 2658.5 339.8 0
-953.5 2658.5 356.79 0

-940.5 -2658.5 356.79 0
-940.5 2658.5 356.79 0

-940.5 -2658.5 339.8 0
-940.5 2658.5 339.8 0

-940.5 -2658.5 356.79 0
-940.5 -2658.5 339.8 0

-940.5 2658.5 356.79 0
-940.5 2658.5 339.8 0

-940.5 -2658.5 339.8 0
-953.5 -2658.5 339.8 0

-940.5 -2658.5 356.79 0
-953.5 -2658.5 356.79 0

-940.5 -2658.5 339.8 0
-940.5 -2658.5 356.79 0

-953.5 -2658.5 339.8 0
-953.5 -2658.5 356.79 0

-940.5 2658.5 356.79 0
-953.5 2658.5 356.79 0

-940.5 2658.5 339.8 0
-953.5 2658.5 339.8 0

-940.5 2658.5 356.79 0
-940.5 2658.5 339.8 0

-953.5 2658.5 356.79 0
-953.5 2658.5 339.8 0

-940.5 -2658.5 356.79 0
-940.5 0 356.79 0

-940.5 0 356.79 0
-940.5 1329.25 356.79 0
-940.5 2658.5 356.79 0

-940.5 2658.5 356.79 0

-953.5 -2658.5 356.79 0
-953.5 2658.5 356.79 0

-940.5 -2658.5 356.79 0
-953.5 -2658.5 356.79 0

-940.5 2658.5 356.79 0
-953.5 2658.5 356.79 0

-953.5 -2658.5 373.78 0
-953.5 2658.5 373.78 0

-940.5 -2658.5 373.78 0
-940.5 2658.5 373.78 0

-953.5 -2658.5 373.78 0
-940.5 -2658.5 373.78 0

-953.5 2658.5 373.78 0
-940.5 2658.5 373.78 0

-953.5 -2658.5 356.79 0
-953.5 2658.5 356.79 0

-953.5 -2658.5 373.78 0
-953.5 2658.5 373.78 0

-953.5 -2658.5 356.79 0
-953.5 -2658.5 373.78 0

-953.5 2658.5 356.79 0
-953.5 2658.5 373.78 0

-940.5 -2658.5 373.78 0
-940.5 2658.5 373.78 0

-940.5 -2658.5 356.79 0
-940.5 2658.5 356.79 0

-940.5 -2658.5 373.78 0
-940.5 -2658.5 356.79 0

-940.5 2658.5 373.78 0
-940.5 2658.5 356.79 0

-940.5 -2658.5 356.79 0
-953.5 -2658.5 356.79 0

-940.5 -2658.5 373.78 0
-953.5 -2658.5 373.78 0

-940.5 -2658.5 356.79 0
-940.5 -2658.5 373.78 0

-953.5 -2658.5 356.79 0
-953.5 -2658.5 373.78 0

-940.5 2658.5 373.78 0
-953.5 2658.5 373.78 0

-940.5 2658.5 356.79 0
-953.5 2658.5 356.79 0

-940.5 2658.5 373.78 0
-940.5 2658.5 356.79 0

-953.5 2658.5 373.78 0
-953.5 2658.5 356.79 0

-940.5 -2658.5 373.78 0
-940.5 0 373.78 0

-940.5 0 373.78 0
-940.5 1329.25 373.78 0
-940.5 2658.5 373.78 0

-940.5 2658.5 373.78 0

-953.5 -2658.5 373.78 0
-953.5 2658.5 373.78 0

-940.5 -2658.5 373.78 0
-953.5 -2658.5 373.78 0

-940.5 2658.5 373.78 0
-953.5 2658.5 373.78 0

-953.5 -2658.5 390.77 0
-953.5 2658.5 390.77 0

-940.5 -2658.5 390.77 0
-940.5 2658.5 390.77 0

-953.5 -2658.5 390.77 0
-940.5 -2658.5 390.77 0

-953.5 2658.5 390.77 0
-940.5 2658.5 390.77 0

-953.5 -2658.5 373.78 0
-953.5 2658.5 373.78 0

-953.5 -2658.5 390.77 0
-953.5 2658.5 390.77 0

-953.5 -2658.5 373.78 0
-953.5 -2658.5 390.77 0

-953.5 2658.5 373.78 0
-953.5 2658.5 390.77 0

-940.5 -2658.5 390.77 0
-940.5 2658.5 390.77 0

-940.5 -2658.5 373.78 0
-940.5 2658.5 373.78 0

-940.5 -2658.5 390.77 0
-940.5 -2658.5 373.78 0

-940.5 2658.5 390.77 0
-940.5 2658.5 373.78 0

-940.5 -2658.5 373.78 0
-953.5 -2658.5 373.78 0

-940.5 -2658.5 390.77 0
-953.5 -2658.5 390.77 0

-940.5 -2658.5 373.78 0
-940.5 -2658.5 390.77 0

-953.5 -2658.5 373.78 0
-953.5 -2658.5 390.77 0

-940.5 2658.5 390.77 0
-953.5 2658.5 390.77 0

-940.5 2658.5 373.78 0
-953.5 2658.5 373.78 0

-940.5 2658.5 390.77 0
-940.5 2658.5 373.78 0

-953.5 2658.5 390.77 0
-953.5 2658.5 373.78 0

-940.5 -2658.5 390.77 0
-940.5 0 390.77 0

-940.5 0 390.77 0
-940.5 1329.25 390.77 0
-940.5 2658.5 390.77 0

-940.5 2658.5 390.77 0

-953.5 -2658.5 390.77 0
-953.5 2658.5 390.77 0

-940.5 -2658.5 390.77 0
-953.5 -2658.5 390.77 0

-940.5 2658.5 390.77 0
-953.5 2658.5 390.77 0

-953.5 -2658.5 407.76 0
-953.5 2658.5 407.76 0

-940.5 -2658.5 407.76 0
-940.5 2658.5 407.76 0

-953.5 -2658.5 407.76 0
-940.5 -2658.5 407.76 0

-953.5 2658.5 407.76 0
-940.5 2658.5 407.76 0

-953.5 -2658.5 390.77 0
-953.5 2658.5 390.77 0

-953.5 -2658.5 407.76 0
-953.5 2658.5 407.76 0

-953.5 -2658.5 390.77 0
-953.5 -2658.5 407.76 0

-953.5 2658.5 390.77 0
-953.5 2658.5 407.76 0

-940.5 -2658.5 407.76 0
-940.5 2658.5 407.76 0

-940.5 -2658.5 390.77 0
-940.5 2658.5 390.77 0

-940.5 -2658.5 407.76 0
-940.5 -2658.5 390.77 0

-940.5 2658.5 407.76 0
-940.5 2658.5 390.77 0

-940.5 -2658.5 390.77 0
-953.5 -2658.5 390.77 0

-940.5 -2658.5 407.76 0
-953.5 -2658.5 407.76 0

-940.5 -2658.5 390.77 0
-940.5 -2658.5 407.76 0

-953.5 -2658.5 390.77 0
-953.5 -2658.5 407.76 0

-940.5 2658.5 407.76 0
-953.5 2658.5 407.76 0

-940.5 2658.5 390.77 0
-953.5 2658.5 390.77 0

-940.5 2658.5 407.76 0
-940.5 2658.5 390.77 0

-953.5 2658.5 407.76 0
-953.5 2658.5 390.77 0

-940.5 -2658.5 407.76 0
-940.5 0 407.76 0

-940.5 0 407.76 0
-940.5 1329.25 407.76 0
-940.5 2658.5 407.76 0

-940.5 2658.5 407.76 0

-953.5 -2658.5 407.76 0
-953.5 2658.5 407.76 0

-940.5 -2658.5 407.76 0
-953.5 -2658.5 407.76 0

-940.5 2658.5 407.76 0
-953.5 2658.5 407.76 0

-953.5 -2658.5 424.75 0
-953.5 2658.5 424.75 0

-940.5 -2658.5 424.75 0
-940.5 2658.5 424.75 0

-953.5 -2658.5 424.75 0
-940.5 -2658.5 424.75 0

-953.5 2658.5 424.75 0
-940.5 2658.5 424.75 0

-953.5 -2658.5 407.76 0
-953.5 2658.5 407.76 0

-953.5 -2658.5 424.75 0
-953.5 2658.5 424.75 0

-953.5 -2658.5 407.76 0
-953.5 -2658.5 424.75 0

-953.5 2658.5 407.76 0
-953.5 2658.5 424.75 0

-940.5 -2658.5 424.75 0
-940.5 2658.5 424.75 0

-940.5 -2658.5 407.76 0
-940.5 2658.5 407.76 0

-940.5 -2658.5 424.75 0
-940.5 -2658.5 407.76 0

-940.5 2658.5 424.75 0
-940.5 2658.5 407.76 0

-940.5 -2658.5 407.76 0
-953.5 -2658.5 407.76 0

-940.5 -2658.5 424.75 0
-953.5 -2658.5 424.75 0

-940.5 -2658.5 407.76 0
-940.5 -2658.5 424.75 0

-953.5 -2658.5 407.76 0
-953.5 -2658.5 424.75 0

-940.5 2658.5 424.75 0
-953.5 2658.5 424.75 0

-940.5 2658.5 407.76 0
-953.5 2658.5 407.76 0

-940.5 2658.5 424.75 0
-940.5 2658.5 407.76 0

-953.5 2658.5 424.75 0
-953.5 2658.5 407.76 0

-940.5 -2658.5 424.75 0
-940.5 0 424.75 0

-940.5 0 424.75 0
-940.5 1329.25 424.75 0
-940.5 2658.5 424.75 0

-940.5 2658.5 424.75 0

-953.5 -2658.5 424.75 0
-953.5 2658.5 424.75 0

-940.5 -2658.5 424.75 0
-953.5 -2658.5 424.75 0

-940.5 2658.5 424.75 0
-953.5 2658.5 424.75 0

-953.5 -2658.5 441.74 0
-953.5 2658.5 441.74 0

-940.5 -2658.5 441.74 0
-940.5 2658.5 441.74 0

-953.5 -2658.5 441.74 0
-940.5 -2658.5 441.74 0

-953.5 2658.5 441.74 0
-940.5 2658.5 441.74 0

-953.5 -2658.5 424.75 0
-953.5 2658.5 424.75 0

-953.5 -2658.5 441.74 0
-953.5 2658.5 441.74 0

-953.5 -2658.5 424.75 0
-953.5 -2658.5 441.74 0

-953.5 2658.5 424.75 0
-953.5 2658.5 441.74 0

-940.5 -2658.5 441.74 0
-940.5 2658.5 441.74 0

-940.5 -2658.5 424.75 0
-940.5 2658.5 424.75 0

-940.5 -2658.5 441.74 0
-940.5 -2658.5 424.75 0

-940.5 2658.5 441.74 0
-940.5 2658.5 424.75 0

-940.5 -2658.5 424.75 0
-953.5 -2658.5 424.75 0

-940.5 -2658.5 441.74 0
-953.5 -2658.5 441.74 0

-940.5 -2658.5 424.75 0
-940.5 -2658.5 441.74 0

-953.5 -2658.5 424.75 0
-953.5 -2658.5 441.74 0

-940.5 2658.5 441.74 0
-953.5 2658.5 441.74 0

-940.5 2658.5 424.75 0
-953.5 2658.5 424.75 0

-940.5 2658.5 441.74 0
-940.5 2658.5 424.75 0

-953.5 2658.5 441.74 0
-953.5 2658.5 424.75 0

-940.5 -2658.5 441.74 0
-940.5 0 441.74 0

-940.5 0 441.74 0
-940.5 1329.25 441.74 0
-940.5 2658.5 441.74 0

-940.5 2658.5 441.74 0

-953.5 -2658.5 441.74 0
-953.5 2658.5 441.74 0

-940.5 -2658.5 441.74 0
-953.5 -2658.5 441.74 0

-940.5 2658.5 441.74 0
-953.5 2658.5 441.74 0

-953.5 -2658.5 458.73 0
-953.5 2658.5 458.73 0

-940.5 -2658.5 458.73 0
-940.5 2658.5 458.73 0

-953.5 -2658.5 458.73 0
-940.5 -2658.5 458.73 0

-953.5 2658.5 458.73 0
-940.5 2658.5 458.73 0

-953.5 -2658.5 441.74 0
-953.5 2658.5 441.74 0

-953.5 -2658.5 458.73 0
-953.5 2658.5 458.73 0

-953.5 -2658.5 441.74 0
-953.5 -2658.5 458.73 0

-953.5 2658.5 441.74 0
-953.5 2658.5 458.73 0

-940.5 -2658.5 458.73 0
-940.5 2658.5 458.73 0

-940.5 -2658.5 441.74 0
-940.5 2658.5 441.74 0

-940.5 -2658.5 458.73 0
-940.5 -2658.5 441.74 0

-940.5 2658.5 458.73 0
-940.5 2658.5 441.74 0

-940.5 -2658.5 441.74 0
-953.5 -2658.5 441.74 0

-940.5 -2658.5 458.73 0
-953.5 -2658.5 458.73 0

-940.5 -2658.5 441.74 0
-940.5 -2658.5 458.73 0

-953.5 -2658.5 441.74 0
-953.5 -2658.5 458.73 0

-940.5 2658.5 458.73 0
-953.5 2658.5 458.73 0

-940.5 2658.5 441.74 0
-953.5 2658.5 441.74 0

-940.5 2658.5 458.73 0
-940.5 2658.5 441.74 0

-953.5 2658.5 458.73 0
-953.5 2658.5 441.74 0

-940.5 -2658.5 458.73 0
-940.5 0 458.73 0

-940.5 0 458.73 0
-940.5 1329.25 458.73 0
-940.5 2658.5 458.73 0

-940.5 2658.5 458.73 0

-953.5 -2658.5 458.73 0
-953.5 2658.5 458.73 0

-940.5 -2658.5 458.73 0
-953.5 -2658.5 458.73 0

-940.5 2658.5 458.73 0
-953.5 2658.5 458.73 0

-953.5 -2658.5 475.72 0
-953.5 2658.5 475.72 0

-940.5 -2658.5 475.72 0
-940.5 2658.5 475.72 0

-953.5 -2658.5 475.72 0
-940.5 -2658.5 475.72 0

-953.5 2658.5 475.72 0
-940.5 2658.5 475.72 0

-953.5 -2658.5 458.73 0
-953.5 2658.5 458.73 0

-953.5 -2658.5 475.72 0
-953.5 2658.5 475.72 0

-953.5 -2658.5 458.73 0
-953.5 -2658.5 475.72 0

-953.5 2658.5 458.73 0
-953.5 2658.5 475.72 0

-940.5 -2658.5 475.72 0
-940.5 2658.5 475.72 0

-940.5 -2658.5 458.73 0
-940.5 2658.5 458.73 0

-940.5 -2658.5 475.72 0
-940.5 -2658.5 458.73 0

-940.5 2658.5 475.72 0
-940.5 2658.5 458.73 0

-940.5 -2658.5 458.73 0
-953.5 -2658.5 458.73 0

-940.5 -2658.5 475.72 0
-953.5 -2658.5 475.72 0

-940.5 -2658.5 458.73 0
-940.5 -2658.5 475.72 0

-953.5 -2658.5 458.73 0
-953.5 -2658.5 475.72 0

-940.5 2658.5 475.72 0
-953.5 2658.5 475.72 0

-940.5 2658.5 458.73 0
-953.5 2658.5 458.73 0

-940.5 2658.5 475.72 0
-940.5 2658.5 458.73 0

-953.5 2658.5 475.72 0
-953.5 2658.5 458.73 0

-940.5 -2658.5 475.72 0
-940.5 0 475.72 0

-940.5 0 475.72 0
-940.5 1329.25 475.72 0
-940.5 2658.5 475.72 0

-940.5 2658.5 475.72 0

-953.5 -2658.5 475.72 0
-953.5 2658.5 475.72 0

-940.5 -2658.5 475.72 0
-953.5 -2658.5 475.72 0

-940.5 2658.5 475.72 0
-953.5 2658.5 475.72 0

-953.5 -2658.5 492.71 0
-953.5 2658.5 492.71 0

-940.5 -2658.5 492.71 0
-940.5 2658.5 492.71 0

-953.5 -2658.5 492.71 0
-940.5 -2658.5 492.71 0

-953.5 2658.5 492.71 0
-940.5 2658.5 492.71 0

-953.5 -2658.5 475.72 0
-953.5 2658.5 475.72 0

-953.5 -2658.5 492.71 0
-953.5 2658.5 492.71 0

-953.5 -2658.5 475.72 0
-953.5 -2658.5 492.71 0

-953.5 2658.5 475.72 0
-953.5 2658.5 492.71 0

-940.5 -2658.5 492.71 0
-940.5 2658.5 492.71 0

-940.5 -2658.5 475.72 0
-940.5 2658.5 475.72 0

-940.5 -2658.5 492.71 0
-940.5 -2658.5 475.72 0

-940.5 2658.5 492.71 0
-940.5 2658.5 475.72 0

-940.5 -2658.5 475.72 0
-953.5 -2658.5 475.72 0

-940.5 -2658.5 492.71 0
-953.5 -2658.5 492.71 0

-940.5 -2658.5 475.72 0
-940.5 -2658.5 492.71 0

-953.5 -2658.5 475.72 0
-953.5 -2658.5 492.71 0

-940.5 2658.5 492.71 0
-953.5 2658.5 492.71 0

-940.5 2658.5 475.72 0
-953.5 2658.5 475.72 0

-940.5 2658.5 492.71 0
-940.5 2658.5 475.72 0

-953.5 2658.5 492.71 0
-953.5 2658.5 475.72 0

-940.5 -2658.5 492.71 0
-940.5 0 492.71 0

-940.5 0 492.71 0
-940.5 1329.25 492.71 0
-940.5 2658.5 492.71 0

-940.5 2658.5 492.71 0

-953.5 -2658.5 492.71 0
-953.5 2658.5 492.71 0

-940.5 -2658.5 492.71 0
-953.5 -2658.5 492.71 0

-940.5 2658.5 492.71 0
-953.5 2658.5 492.71 0

-953.5 -2658.5 509.7 0
-953.5 2658.5 509.7 0

-940.5 -2658.5 509.7 0
-940.5 2658.5 509.7 0

-953.5 -2658.5 509.7 0
-940.5 -2658.5 509.7 0

-953.5 2658.5 509.7 0
-940.5 2658.5 509.7 0

-953.5 -2658.5 492.71 0
-953.5 2658.5 492.71 0

-953.5 -2658.5 509.7 0
-953.5 2658.5 509.7 0

-953.5 -2658.5 492.71 0
-953.5 -2658.5 509.7 0

-953.5 2658.5 492.71 0
-953.5 2658.5 509.7 0

-940.5 -2658.5 509.7 0
-940.5 2658.5 509.7 0

-940.5 -2658.5 492.71 0
-940.5 2658.5 492.71 0

-940.5 -2658.5 509.7 0
-940.5 -2658.5 492.71 0

-940.5 2658.5 509.7 0
-940.5 2658.5 492.71 0

-940.5 -2658.5 492.71 0
-953.5 -2658.5 492.71 0

-940.5 -2658.5 509.7 0
-953.5 -2658.5 509.7 0

-940.5 -2658.5 492.71 0
-940.5 -2658.5 509.7 0

-953.5 -2658.5 492.71 0
-953.5 -2658.5 509.7 0

-940.5 2658.5 509.7 0
-953.5 2658.5 509.7 0

-940.5 2658.5 492.71 0
-953.5 2658.5 492.71 0

-940.5 2658.5 509.7 0
-940.5 2658.5 492.71 0

-953.5 2658.5 509.7 0
-953.5 2658.5 492.71 0

-940.5 -2658.5 509.7 0
-940.5 0 509.7 0

-940.5 0 509.7 0
-940.5 1329.25 509.7 0
-940.5 2658.5 509.7 0

-940.5 2658.5 509.7 0

-953.5 -2658.5 509.7 0
-953.5 2658.5 509.7 0

-940.5 -2658.5 509.7 0
-953.5 -2658.5 509.7 0

-940.5 2658.5 509.7 0
-953.5 2658.5 509.7 0

-953.5 -2658.5 526.69 0
-953.5 2658.5 526.69 0

-940.5 -2658.5 526.69 0
-940.5 2658.5 526.69 0

-953.5 -2658.5 526.69 0
-940.5 -2658.5 526.69 0

-953.5 2658.5 526.69 0
-940.5 2658.5 526.69 0

-953.5 -2658.5 509.7 0
-953.5 2658.5 509.7 0

-953.5 -2658.5 526.69 0
-953.5 2658.5 526.69 0

-953.5 -2658.5 509.7 0
-953.5 -2658.5 526.69 0

-953.5 2658.5 509.7 0
-953.5 2658.5 526.69 0

-940.5 -2658.5 526.69 0
-940.5 2658.5 526.69 0

-940.5 -2658.5 509.7 0
-940.5 2658.5 509.7 0

-940.5 -2658.5 526.69 0
-940.5 -2658.5 509.7 0

-940.5 2658.5 526.69 0
-940.5 2658.5 509.7 0

-940.5 -2658.5 509.7 0
-953.5 -2658.5 509.7 0

-940.5 -2658.5 526.69 0
-953.5 -2658.5 526.69 0

-940.5 -2658.5 509.7 0
-940.5 -2658.5 526.69 0

-953.5 -2658.5 509.7 0
-953.5 -2658.5 526.69 0

-940.5 2658.5 526.69 0
-953.5 2658.5 526.69 0

-940.5 2658.5 509.7 0
-953.5 2658.5 509.7 0

-940.5 2658.5 526.69 0
-940.5 2658.5 509.7 0

-953.5 2658.5 526.69 0
-953.5 2658.5 509.7 0

-940.5 -2658.5 526.69 0
-940.5 0 526.69 0

-940.5 0 526.69 0
-940.5 1329.25 526.69 0
-940.5 2658.5 526.69 0

-940.5 2658.5 526.69 0

-953.5 -2658.5 526.69 0
-953.5 2658.5 526.69 0

-940.5 -2658.5 526.69 0
-953.5 -2658.5 526.69 0

-940.5 2658.5 526.69 0
-953.5 2658.5 526.69 0

-953.5 -2658.5 543.68 0
-953.5 2658.5 543.68 0

-940.5 -2658.5 543.68 0
-940.5 2658.5 543.68 0

-953.5 -2658.5 543.68 0
-940.5 -2658.5 543.68 0

-953.5 2658.5 543.68 0
-940.5 2658.5 543.68 0

-953.5 -2658.5 526.69 0
-953.5 2658.5 526.69 0

-953.5 -2658.5 543.68 0
-953.5 2658.5 543.68 0

-953.5 -2658.5 526.69 0
-953.5 -2658.5 543.68 0

-953.5 2658.5 526.69 0
-953.5 2658.5 543.68 0

-940.5 -2658.5 543.68 0
-940.5 2658.5 543.68 0

-940.5 -2658.5 526.69 0
-940.5 2658.5 526.69 0

-940.5 -2658.5 543.68 0
-940.5 -2658.5 526.69 0

-940.5 2658.5 543.68 0
-940.5 2658.5 526.69 0

-940.5 -2658.5 526.69 0
-953.5 -2658.5 526.69 0

-940.5 -2658.5 543.68 0
-953.5 -2658.5 543.68 0

-940.5 -2658.5 526.69 0
-940.5 -2658.5 543.68 0

-953.5 -2658.5 526.69 0
-953.5 -2658.5 543.68 0

-940.5 2658.5 543.68 0
-953.5 2658.5 543.68 0

-940.5 2658.5 526.69 0
-953.5 2658.5 526.69 0

-940.5 2658.5 543.68 0
-940.5 2658.5 526.69 0

-953.5 2658.5 543.68 0
-953.5 2658.5 526.69 0

-940.5 -2658.5 543.68 0
-940.5 0 543.68 0

-940.5 0 543.68 0
-940.5 1329.25 543.68 0
-940.5 2658.5 543.68 0

-940.5 2658.5 543.68 0

-953.5 -2658.5 543.68 0
-953.5 2658.5 543.68 0

-940.5 -2658.5 543.68 0
-953.5 -2658.5 543.68 0

-940.5 2658.5 543.68 0
-953.5 2658.5 543.68 0

-953.5 -2658.5 560.67 0
-953.5 2658.5 560.67 0

-940.5 -2658.5 560.67 0
-940.5 2658.5 560.67 0

-953.5 -2658.5 560.67 0
-940.5 -2658.5 560.67 0

-953.5 2658.5 560.67 0
-940.5 2658.5 560.67 0

-953.5 -2658.5 543.68 0
-953.5 2658.5 543.68 0

-953.5 -2658.5 560.67 0
-953.5 2658.5 560.67 0

-953.5 -2658.5 543.68 0
-953.5 -2658.5 560.67 0

-953.5 2658.5 543.68 0
-953.5 2658.5 560.67 0

-940.5 -2658.5 560.67 0
-940.5 2658.5 560.67 0

-940.5 -2658.5 543.68 0
-940.5 2658.5 543.68 0

-940.5 -2658.5 560.67 0
-940.5 -2658.5 543.68 0

-940.5 2658.5 560.67 0
-940.5 2658.5 543.68 0

-940.5 -2658.5 543.68 0
-953.5 -2658.5 543.68 0

-940.5 -2658.5 560.67 0
-953.5 -2658.5 560.67 0

-940.5 -2658.5 543.68 0
-940.5 -2658.5 560.67 0

-953.5 -2658.5 543.68 0
-953.5 -2658.5 560.67 0

-940.5 2658.5 560.67 0
-953.5 2658.5 560.67 0

-940.5 2658.5 543.68 0
-953.5 2658.5 543.68 0

-940.5 2658.5 560.67 0
-940.5 2658.5 543.68 0

-953.5 2658.5 560.67 0
-953.5 2658.5 543.68 0

-940.5 -2658.5 560.67 0
-940.5 0 560.67 0

-940.5 0 560.67 0
-940.5 1329.25 560.67 0
-940.5 2658.5 560.67 0

-940.5 2658.5 560.67 0

-953.5 -2658.5 560.67 0
-953.5 2658.5 560.67 0

-940.5 -2658.5 560.67 0
-953.5 -2658.5 560.67 0

-940.5 2658.5 560.67 0
-953.5 2658.5 560.67 0

-953.5 -2658.5 577.66 0
-953.5 2658.5 577.66 0

-940.5 -2658.5 577.66 0
-940.5 2658.5 577.66 0

-953.5 -2658.5 577.66 0
-940.5 -2658.5 577.66 0

-953.5 2658.5 577.66 0
-940.5 2658.5 577.66 0

-953.5 -2658.5 560.67 0
-953.5 2658.5 560.67 0

-953.5 -2658.5 577.66 0
-953.5 2658.5 577.66 0

-953.5 -2658.5 560.67 0
-953.5 -2658.5 577.66 0

-953.5 2658.5 560.67 0
-953.5 2658.5 577.66 0

-940.5 -2658.5 577.66 0
-940.5 2658.5 577.66 0

-940.5 -2658.5 560.67 0
-940.5 2658.5 560.67 0

-940.5 -2658.5 577.66 0
-940.5 -2658.5 560.67 0

-940.5 2658.5 577.66 0
-940.5 2658.5 560.67 0

-940.5 -2658.5 560.67 0
-953.5 -2658.5 560.67 0

-940.5 -2658.5 577.66 0
-953.5 -2658.5 577.66 0

-940.5 -2658.5 560.67 0
-940.5 -2658.5 577.66 0

-953.5 -2658.5 560.67 0
-953.5 -2658.5 577.66 0

-940.5 2658.5 577.66 0
-953.5 2658.5 577.66 0

-940.5 2658.5 560.67 0
-953.5 2658.5 560.67 0

-940.5 2658.5 577.66 0
-940.5 2658.5 560.67 0

-953.5 2658.5 577.66 0
-953.5 2658.5 560.67 0

-940.5 -2658.5 577.66 0
-940.5 0 577.66 0

-940.5 0 577.66 0
-940.5 1329.25 577.66 0
-940.5 2658.5 577.66 0

-940.5 2658.5 577.66 0

-953.5 -2658.5 577.66 0
-953.5 2658.5 577.66 0

-940.5 -2658.5 577.66 0
-953.5 -2658.5 577.66 0

-940.5 2658.5 577.66 0
-953.5 2658.5 577.66 0

-953.5 -2658.5 594.65 0
-953.5 2658.5 594.65 0

-940.5 -2658.5 594.65 0
-940.5 2658.5 594.65 0

-953.5 -2658.5 594.65 0
-940.5 -2658.5 594.65 0

-953.5 2658.5 594.65 0
-940.5 2658.5 594.65 0

-953.5 -2658.5 577.66 0
-953.5 2658.5 577.66 0

-953.5 -2658.5 594.65 0
-953.5 2658.5 594.65 0

-953.5 -2658.5 577.66 0
-953.5 -2658.5 594.65 0

-953.5 2658.5 577.66 0
-953.5 2658.5 594.65 0

-940.5 -2658.5 594.65 0
-940.5 2658.5 594.65 0

-940.5 -2658.5 577.66 0
-940.5 2658.5 577.66 0

-940.5 -2658.5 594.65 0
-940.5 -2658.5 577.66 0

-940.5 2658.5 594.65 0
-940.5 2658.5 577.66 0

-940.5 -2658.5 577.66 0
-953.5 -2658.5 577.66 0

-940.5 -2658.5 594.65 0
-953.5 -2658.5 594.65 0

-940.5 -2658.5 577.66 0
-940.5 -2658.5 594.65 0

-953.5 -2658.5 577.66 0
-953.5 -2658.5 594.65 0

-940.5 2658.5 594.65 0
-953.5 2658.5 594.65 0

-940.5 2658.5 577.66 0
-953.5 2658.5 577.66 0

-940.5 2658.5 594.65 0
-940.5 2658.5 577.66 0

-953.5 2658.5 594.65 0
-953.5 2658.5 577.66 0

-940.5 -2658.5 594.65 0
-940.5 0 594.65 0

-940.5 0 594.65 0
-940.5 1329.25 594.65 0
-940.5 2658.5 594.65 0

-940.5 2658.5 594.65 0

-953.5 -2658.5 594.65 0
-953.5 2658.5 594.65 0

-940.5 -2658.5 594.65 0
-953.5 -2658.5 594.65 0

-940.5 2658.5 594.65 0
-953.5 2658.5 594.65 0

-953.5 -2658.5 611.64 0
-953.5 2658.5 611.64 0

-940.5 -2658.5 611.64 0
-940.5 2658.5 611.64 0

-953.5 -2658.5 611.64 0
-940.5 -2658.5 611.64 0

-953.5 2658.5 611.64 0
-940.5 2658.5 611.64 0

-953.5 -2658.5 594.65 0
-953.5 2658.5 594.65 0

-953.5 -2658.5 611.64 0
-953.5 2658.5 611.64 0

-953.5 -2658.5 594.65 0
-953.5 -2658.5 611.64 0

-953.5 2658.5 594.65 0
-953.5 2658.5 611.64 0

-940.5 -2658.5 611.64 0
-940.5 2658.5 611.64 0

-940.5 -2658.5 594.65 0
-940.5 2658.5 594.65 0

-940.5 -2658.5 611.64 0
-940.5 -2658.5 594.65 0

-940.5 2658.5 611.64 0
-940.5 2658.5 594.65 0

-940.5 -2658.5 594.65 0
-953.5 -2658.5 594.65 0

-940.5 -2658.5 611.64 0
-953.5 -2658.5 611.64 0

-940.5 -2658.5 594.65 0
-940.5 -2658.5 611.64 0

-953.5 -2658.5 594.65 0
-953.5 -2658.5 611.64 0

-940.5 2658.5 611.64 0
-953.5 2658.5 611.64 0

-940.5 2658.5 594.65 0
-953.5 2658.5 594.65 0

-940.5 2658.5 611.64 0
-940.5 2658.5 594.65 0

-953.5 2658.5 611.64 0
-953.5 2658.5 594.65 0

-940.5 -2658.5 611.64 0
-940.5 0 611.64 0

-940.5 0 611.64 0
-940.5 1329.25 611.64 0
-940.5 2658.5 611.64 0

-940.5 2658.5 611.64 0

-953.5 -2658.5 611.64 0
-953.5 2658.5 611.64 0

-940.5 -2658.5 611.64 0
-953.5 -2658.5 611.64 0

-940.5 2658.5 611.64 0
-953.5 2658.5 611.64 0

-953.5 -2658.5 628.63 0
-953.5 2658.5 628.63 0

-940.5 -2658.5 628.63 0
-940.5 2658.5 628.63 0

-953.5 -2658.5 628.63 0
-940.5 -2658.5 628.63 0

-953.5 2658.5 628.63 0
-940.5 2658.5 628.63 0

-953.5 -2658.5 611.64 0
-953.5 2658.5 611.64 0

-953.5 -2658.5 628.63 0
-953.5 2658.5 628.63 0

-953.5 -2658.5 611.64 0
-953.5 -2658.5 628.63 0

-953.5 2658.5 611.64 0
-953.5 2658.5 628.63 0

-940.5 -2658.5 628.63 0
-940.5 2658.5 628.63 0

-940.5 -2658.5 611.64 0
-940.5 2658.5 611.64 0

-940.5 -2658.5 628.63 0
-940.5 -2658.5 611.64 0

-940.5 2658.5 628.63 0
-940.5 2658.5 611.64 0

-940.5 -2658.5 611.64 0
-953.5 -2658.5 611.64 0

-940.5 -2658.5 628.63 0
-953.5 -2658.5 628.63 0

-940.5 -2658.5 611.64 0
-940.5 -2658.5 628.63 0

-953.5 -2658.5 611.64 0
-953.5 -2658.5 628.63 0

-940.5 2658.5 628.63 0
-953.5 2658.5 628.63 0

-940.5 2658.5 611.64 0
-953.5 2658.5 611.64 0

-940.5 2658.5 628.63 0
-940.5 2658.5 611.64 0

-953.5 2658.5 628.63 0
-953.5 2658.5 611.64 0

-940.5 -2658.5 628.63 0
-940.5 0 628.63 0

-940.5 0 628.63 0
-940.5 1329.25 628.63 0
-940.5 2658.5 628.63 0

-940.5 2658.5 628.63 0

-953.5 -2658.5 628.63 0
-953.5 2658.5 628.63 0

-940.5 -2658.5 628.63 0
-953.5 -2658.5 628.63 0

-940.5 2658.5 628.63 0
-953.5 2658.5 628.63 0

-953.5 -2658.5 645.62 0
-953.5 2658.5 645.62 0

-940.5 -2658.5 645.62 0
-940.5 2658.5 645.62 0

-953.5 -2658.5 645.62 0
-940.5 -2658.5 645.62 0

-953.5 2658.5 645.62 0
-940.5 2658.5 645.62 0

-953.5 -2658.5 628.63 0
-953.5 2658.5 628.63 0

-953.5 -2658.5 645.62 0
-953.5 2658.5 645.62 0

-953.5 -2658.5 628.63 0
-953.5 -2658.5 645.62 0

-953.5 2658.5 628.63 0
-953.5 2658.5 645.62 0

-940.5 -2658.5 645.62 0
-940.5 2658.5 645.62 0

-940.5 -2658.5 628.63 0
-940.5 2658.5 628.63 0

-940.5 -2658.5 645.62 0
-940.5 -2658.5 628.63 0

-940.5 2658.5 645.62 0
-940.5 2658.5 628.63 0

-940.5 -2658.5 628.63 0
-953.5 -2658.5 628.63 0

-940.5 -2658.5 645.62 0
-953.5 -2658.5 645.62 0

-940.5 -2658.5 628.63 0
-940.5 -2658.5 645.62 0

-953.5 -2658.5 628.63 0
-953.5 -2658.5 645.62 0

-940.5 2658.5 645.62 0
-953.5 2658.5 645.62 0

-940.5 2658.5 628.63 0
-953.5 2658.5 628.63 0

-940.5 2658.5 645.62 0
-940.5 2658.5 628.63 0

-953.5 2658.5 645.62 0
-953.5 2658.5 628.63 0

-940.5 -2658.5 645.62 0
-940.5 0 645.62 0

-940.5 0 645.62 0
-940.5 1329.25 645.62 0
-940.5 2658.5 645.62 0

-940.5 2658.5 645.62 0

-953.5 -2658.5 645.62 0
-953.5 2658.5 645.62 0

-940.5 -2658.5 645.62 0
-953.5 -2658.5 645.62 0

-940.5 2658.5 645.62 0
-953.5 2658.5 645.62 0

-953.5 -2658.5 662.61 0
-953.5 2658.5 662.61 0

-940.5 -2658.5 662.61 0
-940.5 2658.5 662.61 0

-953.5 -2658.5 662.61 0
-940.5 -2658.5 662.61 0

-953.5 2658.5 662.61 0
-940.5 2658.5 662.61 0

-953.5 -2658.5 645.62 0
-953.5 2658.5 645.62 0

-953.5 -2658.5 662.61 0
-953.5 2658.5 662.61 0

-953.5 -2658.5 645.62 0
-953.5 -2658.5 662.61 0

-953.5 2658.5 645.62 0
-953.5 2658.5 662.61 0

-940.5 -2658.5 662.61 0
-940.5 2658.5 662.61 0

-940.5 -2658.5 645.62 0
-940.5 2658.5 645.62 0

-940.5 -2658.5 662.61 0
-940.5 -2658.5 645.62 0

-940.5 2658.5 662.61 0
-940.5 2658.5 645.62 0

-940.5 -2658.5 645.62 0
-953.5 -2658.5 645.62 0

-940.5 -2658.5 662.61 0
-953.5 -2658.5 662.61 0

-940.5 -2658.5 645.62 0
-940.5 -2658.5 662.61 0

-953.5 -2658.5 645.62 0
-953.5 -2658.5 662.61 0

-940.5 2658.5 662.61 0
-953.5 2658.5 662.61 0

-940.5 2658.5 645.62 0
-953.5 2658.5 645.62 0

-940.5 2658.5 662.61 0
-940.5 2658.5 645.62 0

-953.5 2658.5 662.61 0
-953.5 2658.5 645.62 0

-940.5 -2658.5 662.61 0
-940.5 0 662.61 0

-940.5 0 662.61 0
-940.5 1329.25 662.61 0
-940.5 2658.5 662.61 0

-940.5 2658.5 662.61 0

-953.5 -2658.5 662.61 0
-953.5 2658.5 662.61 0

-940.5 -2658.5 662.61 0
-953.5 -2658.5 662.61 0

-940.5 2658.5 662.61 0
-953.5 2658.5 662.61 0

-953.5 -2658.5 679.6 0
-953.5 2658.5 679.6 0

-940.5 -2658.5 679.6 0
-940.5 2658.5 679.6 0

-953.5 -2658.5 679.6 0
-940.5 -2658.5 679.6 0

-953.5 2658.5 679.6 0
-940.5 2658.5 679.6 0

-953.5 -2658.5 662.61 0
-953.5 2658.5 662.61 0

-953.5 -2658.5 679.6 0
-953.5 2658.5 679.6 0

-953.5 -2658.5 662.61 0
-953.5 -2658.5 679.6 0

-953.5 2658.5 662.61 0
-953.5 2658.5 679.6 0

-940.5 -2658.5 679.6 0
-940.5 2658.5 679.6 0

-940.5 -2658.5 662.61 0
-940.5 2658.5 662.61 0

-940.5 -2658.5 679.6 0
-940.5 -2658.5 662.61 0

-940.5 2658.5 679.6 0
-940.5 2658.5 662.61 0

-940.5 -2658.5 662.61 0
-953.5 -2658.5 662.61 0

-940.5 -2658.5 679.6 0
-953.5 -2658.5 679.6 0

-940.5 -2658.5 662.61 0
-940.5 -2658.5 679.6 0

-953.5 -2658.5 662.61 0
-953.5 -2658.5 679.6 0

-940.5 2658.5 679.6 0
-953.5 2658.5 679.6 0

-940.5 2658.5 662.61 0
-953.5 2658.5 662.61 0

-940.5 2658.5 679.6 0
-940.5 2658.5 662.61 0

-953.5 2658.5 679.6 0
-953.5 2658.5 662.61 0

-940.5 -2658.5 679.6 0
-940.5 0 679.6 0

-940.5 0 679.6 0
-940.5 1329.25 679.6 0
-940.5 2658.5 679.6 0

-940.5 2658.5 679.6 0

-953.5 -2658.5 679.6 0
-953.5 2658.5 679.6 0

-940.5 -2658.5 679.6 0
-953.5 -2658.5 679.6 0

-940.5 2658.5 679.6 0
-953.5 2658.5 679.6 0

-953.5 -2658.5 696.59 0
-953.5 2658.5 696.59 0

-940.5 -2658.5 696.59 0
-940.5 2658.5 696.59 0

-953.5 -2658.5 696.59 0
-940.5 -2658.5 696.59 0

-953.5 2658.5 696.59 0
-940.5 2658.5 696.59 0

-953.5 -2658.5 679.6 0
-953.5 2658.5 679.6 0

-953.5 -2658.5 696.59 0
-953.5 2658.5 696.59 0

-953.5 -2658.5 679.6 0
-953.5 -2658.5 696.59 0

-953.5 2658.5 679.6 0
-953.5 2658.5 696.59 0

-940.5 -2658.5 696.59 0
-940.5 2658.5 696.59 0

-940.5 -2658.5 679.6 0
-940.5 2658.5 679.6 0

-940.5 -2658.5 696.59 0
-940.5 -2658.5 679.6 0

-940.5 2658.5 696.59 0
-940.5 2658.5 679.6 0

-940.5 -2658.5 679.6 0
-953.5 -2658.5 679.6 0

-940.5 -2658.5 696.59 0
-953.5 -2658.5 696.59 0

-940.5 -2658.5 679.6 0
-940.5 -2658.5 696.59 0

-953.5 -2658.5 679.6 0
-953.5 -2658.5 696.59 0

-940.5 2658.5 696.59 0
-953.5 2658.5 696.59 0

-940.5 2658.5 679.6 0
-953.5 2658.5 679.6 0

-940.5 2658.5 696.59 0
-940.5 2658.5 679.6 0

-953.5 2658.5 696.59 0
-953.5 2658.5 679.6 0

-940.5 -2658.5 696.59 0
-940.5 0 696.59 0

-940.5 0 696.59 0
-940.5 1329.25 696.59 0
-940.5 2658.5 696.59 0

-940.5 2658.5 696.59 0

-953.5 -2658.5 696.59 0
-953.5 2658.5 696.59 0

-940.5 -2658.5 696.59 0
-953.5 -2658.5 696.59 0

-940.5 2658.5 696.59 0
-953.5 2658.5 696.59 0

-953.5 -2658.5 713.58 0
-953.5 2658.5 713.58 0

-940.5 -2658.5 713.58 0
-940.5 2658.5 713.58 0

-953.5 -2658.5 713.58 0
-940.5 -2658.5 713.58 0

-953.5 2658.5 713.58 0
-940.5 2658.5 713.58 0

-953.5 -2658.5 696.59 0
-953.5 2658.5 696.59 0

-953.5 -2658.5 713.58 0
-953.5 2658.5 713.58 0

-953.5 -2658.5 696.59 0
-953.5 -2658.5 713.58 0

-953.5 2658.5 696.59 0
-953.5 2658.5 713.58 0

-940.5 -2658.5 713.58 0
-940.5 2658.5 713.58 0

-940.5 -2658.5 696.59 0
-940.5 2658.5 696.59 0

-940.5 -2658.5 713.58 0
-940.5 -2658.5 696.59 0

-940.5 2658.5 713.58 0
-940.5 2658.5 696.59 0

-940.5 -2658.5 696.59 0
-953.5 -2658.5 696.59 0

-940.5 -2658.5 713.58 0
-953.5 -2658.5 713.58 0

-940.5 -2658.5 696.59 0
-940.5 -2658.5 713.58 0

-953.5 -2658.5 696.59 0
-953.5 -2658.5 713.58 0

-940.5 2658.5 713.58 0
-953.5 2658.5 713.58 0

-940.5 2658.5 696.59 0
-953.5 2658.5 696.59 0

-940.5 2658.5 713.58 0
-940.5 2658.5 696.59 0

-953.5 2658.5 713.58 0
-953.5 2658.5 696.59 0

-940.5 -2658.5 713.58 0
-940.5 0 713.58 0

-940.5 0 713.58 0
-940.5 1329.25 713.58 0
-940.5 2658.5 713.58 0

-940.5 2658.5 713.58 0

-953.5 -2658.5 713.58 0
-953.5 2658.5 713.58 0

-940.5 -2658.5 713.58 0
-953.5 -2658.5 713.58 0

-940.5 2658.5 713.58 0
-953.5 2658.5 713.58 0

-953.5 -2658.5 730.57 0
-953.5 2658.5 730.57 0

-940.5 -2658.5 730.57 0
-940.5 2658.5 730.57 0

-953.5 -2658.5 730.57 0
-940.5 -2658.5 730.57 0

-953.5 2658.5 730.57 0
-940.5 2658.5 730.57 0

-953.5 -2658.5 713.58 0
-953.5 2658.5 713.58 0

-953.5 -2658.5 730.57 0
-953.5 2658.5 730.57 0

-953.5 -2658.5 713.58 0
-953.5 -2658.5 730.57 0

-953.5 2658.5 713.58 0
-953.5 2658.5 730.57 0

-940.5 -2658.5 730.57 0
-940.5 2658.5 730.57 0

-940.5 -2658.5 713.58 0
-940.5 2658.5 713.58 0

-940.5 -2658.5 730.57 0
-940.5 -2658.5 713.58 0

-940.5 2658.5 730.57 0
-940.5 2658.5 713.58 0

-940.5 -2658.5 713.58 0
-953.5 -2658.5 713.58 0

-940.5 -2658.5 730.57 0
-953.5 -2658.5 730.57 0

-940.5 -2658.5 713.58 0
-940.5 -2658.5 730.57 0

-953.5 -2658.5 713.58 0
-953.5 -2658.5 730.57 0

-940.5 2658.5 730.57 0
-953.5 2658.5 730.57 0

-940.5 2658.5 713.58 0
-953.5 2658.5 713.58 0

-940.5 2658.5 730.57 0
-940.5 2658.5 713.58 0

-953.5 2658.5 730.57 0
-953.5 2658.5 713.58 0

-940.5 -2658.5 730.57 0
-940.5 0 730.57 0

-940.5 0 730.57 0
-940.5 1329.25 730.57 0
-940.5 2658.5 730.57 0

-940.5 2658.5 730.57 0

-953.5 -2658.5 730.57 0
-953.5 2658.5 730.57 0

-940.5 -2658.5 730.57 0
-953.5 -2658.5 730.57 0

-940.5 2658.5 730.57 0
-953.5 2658.5 730.57 0

-953.5 -2658.5 747.56 0
-953.5 2658.5 747.56 0

-940.5 -2658.5 747.56 0
-940.5 2658.5 747.56 0

-953.5 -2658.5 747.56 0
-940.5 -2658.5 747.56 0

-953.5 2658.5 747.56 0
-940.5 2658.5 747.56 0

-953.5 -2658.5 730.57 0
-953.5 2658.5 730.57 0

-953.5 -2658.5 747.56 0
-953.5 2658.5 747.56 0

-953.5 -2658.5 730.57 0
-953.5 -2658.5 747.56 0

-953.5 2658.5 730.57 0
-953.5 2658.5 747.56 0

-940.5 -2658.5 747.56 0
-940.5 2658.5 747.56 0

-940.5 -2658.5 730.57 0
-940.5 2658.5 730.57 0

-940.5 -2658.5 747.56 0
-940.5 -2658.5 730.57 0

-940.5 2658.5 747.56 0
-940.5 2658.5 730.57 0

-940.5 -2658.5 730.57 0
-953.5 -2658.5 730.57 0

-940.5 -2658.5 747.56 0
-953.5 -2658.5 747.56 0

-940.5 -2658.5 730.57 0
-940.5 -2658.5 747.56 0

-953.5 -2658.5 730.57 0
-953.5 -2658.5 747.56 0

-940.5 2658.5 747.56 0
-953.5 2658.5 747.56 0

-940.5 2658.5 730.57 0
-953.5 2658.5 730.57 0

-940.5 2658.5 747.56 0
-940.5 2658.5 730.57 0

-953.5 2658.5 747.56 0
-953.5 2658.5 730.57 0

-940.5 -2658.5 747.56 0
-940.5 0 747.56 0

-940.5 0 747.56 0
-940.5 1329.25 747.56 0
-940.5 2658.5 747.56 0

-940.5 2658.5 747.56 0

-953.5 -2658.5 747.56 0
-953.5 2658.5 747.56 0

-940.5 -2658.5 747.56 0
-953.5 -2658.5 747.56 0

-940.5 2658.5 747.56 0
-953.5 2658.5 747.56 0

-953.5 -2658.5 764.55 0
-953.5 2658.5 764.55 0

-940.5 -2658.5 764.55 0
-940.5 2658.5 764.55 0

-953.5 -2658.5 764.55 0
-940.5 -2658.5 764.55 0

-953.5 2658.5 764.55 0
-940.5 2658.5 764.55 0

-953.5 -2658.5 747.56 0
-953.5 2658.5 747.56 0

-953.5 -2658.5 764.55 0
-953.5 2658.5 764.55 0

-953.5 -2658.5 747.56 0
-953.5 -2658.5 764.55 0

-953.5 2658.5 747.56 0
-953.5 2658.5 764.55 0

-940.5 -2658.5 764.55 0
-940.5 2658.5 764.55 0

-940.5 -2658.5 747.56 0
-940.5 2658.5 747.56 0

-940.5 -2658.5 764.55 0
-940.5 -2658.5 747.56 0

-940.5 2658.5 764.55 0
-940.5 2658.5 747.56 0

-940.5 -2658.5 747.56 0
-953.5 -2658.5 747.56 0

-940.5 -2658.5 764.55 0
-953.5 -2658.5 764.55 0

-940.5 -2658.5 747.56 0
-940.5 -2658.5 764.55 0

-953.5 -2658.5 747.56 0
-953.5 -2658.5 764.55 0

-940.5 2658.5 764.55 0
-953.5 2658.5 764.55 0

-940.5 2658.5 747.56 0
-953.5 2658.5 747.56 0

-940.5 2658.5 764.55 0
-940.5 2658.5 747.56 0

-953.5 2658.5 764.55 0
-953.5 2658.5 747.56 0

-940.5 -2658.5 764.55 0
-940.5 0 764.55 0

-940.5 0 764.55 0
-940.5 1329.25 764.55 0
-940.5 2658.5 764.55 0

-940.5 2658.5 764.55 0

-953.5 -2658.5 764.55 0
-953.5 2658.5 764.55 0

-940.5 -2658.5 764.55 0
-953.5 -2658.5 764.55 0

-940.5 2658.5 764.55 0
-953.5 2658.5 764.55 0

-953.5 -2658.5 781.54 0
-953.5 2658.5 781.54 0

-940.5 -2658.5 781.54 0
-940.5 2658.5 781.54 0

-953.5 -2658.5 781.54 0
-940.5 -2658.5 781.54 0

-953.5 2658.5 781.54 0
-940.5 2658.5 781.54 0

-953.5 -2658.5 764.55 0
-953.5 2658.5 764.55 0

-953.5 -2658.5 781.54 0
-953.5 2658.5 781.54 0

-953.5 -2658.5 764.55 0
-953.5 -2658.5 781.54 0

-953.5 2658.5 764.55 0
-953.5 2658.5 781.54 0

-940.5 -2658.5 781.54 0
-940.5 2658.5 781.54 0

-940.5 -2658.5 764.55 0
-940.5 2658.5 764.55 0

-940.5 -2658.5 781.54 0
-940.5 -2658.5 764.55 0

-940.5 2658.5 781.54 0
-940.5 2658.5 764.55 0

-940.5 -2658.5 764.55 0
-953.5 -2658.5 764.55 0

-940.5 -2658.5 781.54 0
-953.5 -2658.5 781.54 0

-940.5 -2658.5 764.55 0
-940.5 -2658.5 781.54 0

-953.5 -2658.5 764.55 0
-953.5 -2658.5 781.54 0

-940.5 2658.5 781.54 0
-953.5 2658.5 781.54 0

-940.5 2658.5 764.55 0
-953.5 2658.5 764.55 0

-940.5 2658.5 781.54 0
-940.5 2658.5 764.55 0

-953.5 2658.5 781.54 0
-953.5 2658.5 764.55 0

-940.5 -2658.5 781.54 0
-940.5 0 781.54 0

-940.5 0 781.54 0
-940.5 1329.25 781.54 0
-940.5 2658.5 781.54 0

-940.5 2658.5 781.54 0

-953.5 -2658.5 781.54 0
-953.5 2658.5 781.54 0

-940.5 -2658.5 781.54 0
-953.5 -2658.5 781.54 0

-940.5 2658.5 781.54 0
-953.5 2658.5 781.54 0

-953.5 -2658.5 798.53 0
-953.5 2658.5 798.53 0

-940.5 -2658.5 798.53 0
-940.5 2658.5 798.53 0

-953.5 -2658.5 798.53 0
-940.5 -2658.5 798.53 0

-953.5 2658.5 798.53 0
-940.5 2658.5 798.53 0

-953.5 -2658.5 781.54 0
-953.5 2658.5 781.54 0

-953.5 -2658.5 798.53 0
-953.5 2658.5 798.53 0

-953.5 -2658.5 781.54 0
-953.5 -2658.5 798.53 0

-953.5 2658.5 781.54 0
-953.5 2658.5 798.53 0

-940.5 -2658.5 798.53 0
-940.5 2658.5 798.53 0

-940.5 -2658.5 781.54 0
-940.5 2658.5 781.54 0

-940.5 -2658.5 798.53 0
-940.5 -2658.5 781.54 0

-940.5 2658.5 798.53 0
-940.5 2658.5 781.54 0

-940.5 -2658.5 781.54 0
-953.5 -2658.5 781.54 0

-940.5 -2658.5 798.53 0
-953.5 -2658.5 798.53 0

-940.5 -2658.5 781.54 0
-940.5 -2658.5 798.53 0

-953.5 -2658.5 781.54 0
-953.5 -2658.5 798.53 0

-940.5 2658.5 798.53 0
-953.5 2658.5 798.53 0

-940.5 2658.5 781.54 0
-953.5 2658.5 781.54 0

-940.5 2658.5 798.53 0
-940.5 2658.5 781.54 0

-953.5 2658.5 798.53 0
-953.5 2658.5 781.54 0

-940.5 -2658.5 798.53 0
-940.5 0 798.53 0

-940.5 0 798.53 0
-940.5 1329.25 798.53 0
-940.5 2658.5 798.53 0

-940.5 2658.5 798.53 0

-953.5 -2658.5 798.53 0
-953.5 2658.5 798.53 0

-940.5 -2658.5 798.53 0
-953.5 -2658.5 798.53 0

-940.5 2658.5 798.53 0
-953.5 2658.5 798.53 0

-953.5 -2658.5 815.52 0
-953.5 2658.5 815.52 0

-940.5 -2658.5 815.52 0
-940.5 2658.5 815.52 0

-953.5 -2658.5 815.52 0
-940.5 -2658.5 815.52 0

-953.5 2658.5 815.52 0
-940.5 2658.5 815.52 0

-953.5 -2658.5 798.53 0
-953.5 2658.5 798.53 0

-953.5 -2658.5 815.52 0
-953.5 2658.5 815.52 0

-953.5 -2658.5 798.53 0
-953.5 -2658.5 815.52 0

-953.5 2658.5 798.53 0
-953.5 2658.5 815.52 0

-940.5 -2658.5 815.52 0
-940.5 2658.5 815.52 0

-940.5 -2658.5 798.53 0
-940.5 2658.5 798.53 0

-940.5 -2658.5 815.52 0
-940.5 -2658.5 798.53 0

-940.5 2658.5 815.52 0
-940.5 2658.5 798.53 0

-940.5 -2658.5 798.53 0
-953.5 -2658.5 798.53 0

-940.5 -2658.5 815.52 0
-953.5 -2658.5 815.52 0

-940.5 -2658.5 798.53 0
-940.5 -2658.5 815.52 0

-953.5 -2658.5 798.53 0
-953.5 -2658.5 815.52 0

-940.5 2658.5 815.52 0
-953.5 2658.5 815.52 0

-940.5 2658.5 798.53 0
-953.5 2658.5 798.53 0

-940.5 2658.5 815.52 0
-940.5 2658.5 798.53 0

-953.5 2658.5 815.52 0
-953.5 2658.5 798.53 0

-940.5 -2658.5 815.52 0
-940.5 0 815.52 0

-940.5 0 815.52 0
-940.5 1329.25 815.52 0
-940.5 2658.5 815.52 0

-940.5 2658.5 815.52 0

-953.5 -2658.5 815.52 0
-953.5 2658.5 815.52 0

-940.5 -2658.5 815.52 0
-953.5 -2658.5 815.52 0

-940.5 2658.5 815.52 0
-953.5 2658.5 815.52 0

-953.5 -2658.5 832.51 0
-953.5 2658.5 832.51 0

-940.5 -2658.5 832.51 0
-940.5 2658.5 832.51 0

-953.5 -2658.5 832.51 0
-940.5 -2658.5 832.51 0

-953.5 2658.5 832.51 0
-940.5 2658.5 832.51 0

-953.5 -2658.5 815.52 0
-953.5 2658.5 815.52 0

-953.5 -2658.5 832.51 0
-953.5 2658.5 832.51 0

-953.5 -2658.5 815.52 0
-953.5 -2658.5 832.51 0

-953.5 2658.5 815.52 0
-953.5 2658.5 832.51 0

-940.5 -2658.5 832.51 0
-940.5 2658.5 832.51 0

-940.5 -2658.5 815.52 0
-940.5 2658.5 815.52 0

-940.5 -2658.5 832.51 0
-940.5 -2658.5 815.52 0

-940.5 2658.5 832.51 0
-940.5 2658.5 815.52 0

-940.5 -2658.5 815.52 0
-953.5 -2658.5 815.52 0

-940.5 -2658.5 832.51 0
-953.5 -2658.5 832.51 0

-940.5 -2658.5 815.52 0
-940.5 -2658.5 832.51 0

-953.5 -2658.5 815.52 0
-953.5 -2658.5 832.51 0

-940.5 2658.5 832.51 0
-953.5 2658.5 832.51 0

-940.5 2658.5 815.52 0
-953.5 2658.5 815.52 0

-940.5 2658.5 832.51 0
-940.5 2658.5 815.52 0

-953.5 2658.5 832.51 0
-953.5 2658.5 815.52 0

-940.5 -2658.5 832.51 0
-940.5 0 832.51 0

-940.5 0 832.51 0
-940.5 1329.25 832.51 0
-940.5 2658.5 832.51 0

-940.5 2658.5 832.51 0

-953.5 -2658.5 832.51 0
-953.5 2658.5 832.51 0

-940.5 -2658.5 832.51 0
-953.5 -2658.5 832.51 0

-940.5 2658.5 832.51 0
-953.5 2658.5 832.51 0

-953.5 -2658.5 849.5 0
-953.5 2658.5 849.5 0

-940.5 -2658.5 849.5 0
-940.5 2658.5 849.5 0

-953.5 -2658.5 849.5 0
-940.5 -2658.5 849.5 0

-953.5 2658.5 849.5 0
-940.5 2658.5 849.5 0

-953.5 -2658.5 832.51 0
-953.5 2658.5 832.51 0

-953.5 -2658.5 849.5 0
-953.5 2658.5 849.5 0

-953.5 -2658.5 832.51 0
-953.5 -2658.5 849.5 0

-953.5 2658.5 832.51 0
-953.5 2658.5 849.5 0

-940.5 -2658.5 849.5 0
-940.5 2658.5 849.5 0

-940.5 -2658.5 832.51 0
-940.5 2658.5 832.51 0

-940.5 -2658.5 849.5 0
-940.5 -2658.5 832.51 0

-940.5 2658.5 849.5 0
-940.5 2658.5 832.51 0

-940.5 -2658.5 832.51 0
-953.5 -2658.5 832.51 0

-940.5 -2658.5 849.5 0
-953.5 -2658.5 849.5 0

-940.5 -2658.5 832.51 0
-940.5 -2658.5 849.5 0

-953.5 -2658.5 832.51 0
-953.5 -2658.5 849.5 0

-940.5 2658.5 849.5 0
-953.5 2658.5 849.5 0

-940.5 2658.5 832.51 0
-953.5 2658.5 832.51 0

-940.5 2658.5 849.5 0
-940.5 2658.5 832.51 0

-953.5 2658.5 849.5 0
-953.5 2658.5 832.51 0

-940.5 -2658.5 849.5 0
-940.5 0 849.5 0

-940.5 0 849.5 0
-940.5 1329.25 849.5 0
-940.5 2658.5 849.5 0

-940.5 2658.5 849.5 0

-953.5 -2658.5 849.5 0
-953.5 2658.5 849.5 0

-940.5 -2658.5 849.5 0
-953.5 -2658.5 849.5 0

-940.5 2658.5 849.5 0
-953.5 2658.5 849.5 0

-953.5 -2658.5 866.49 0
-953.5 2658.5 866.49 0

-940.5 -2658.5 866.49 0
-940.5 2658.5 866.49 0

-953.5 -2658.5 866.49 0
-940.5 -2658.5 866.49 0

-953.5 2658.5 866.49 0
-940.5 2658.5 866.49 0

-953.5 -2658.5 849.5 0
-953.5 2658.5 849.5 0

-953.5 -2658.5 866.49 0
-953.5 2658.5 866.49 0

-953.5 -2658.5 849.5 0
-953.5 -2658.5 866.49 0

-953.5 2658.5 849.5 0
-953.5 2658.5 866.49 0

-940.5 -2658.5 866.49 0
-940.5 2658.5 866.49 0

-940.5 -2658.5 849.5 0
-940.5 2658.5 849.5 0

-940.5 -2658.5 866.49 0
-940.5 -2658.5 849.5 0

-940.5 2658.5 866.49 0
-940.5 2658.5 849.5 0

-940.5 -2658.5 849.5 0
-953.5 -2658.5 849.5 0

-940.5 -2658.5 866.49 0
-953.5 -2658.5 866.49 0

-940.5 -2658.5 849.5 0
-940.5 -2658.5 866.49 0

-953.5 -2658.5 849.5 0
-953.5 -2658.5 866.49 0

-940.5 2658.5 866.49 0
-953.5 2658.5 866.49 0

-940.5 2658.5 849.5 0
-953.5 2658.5 849.5 0

-940.5 2658.5 866.49 0
-940.5 2658.5 849.5 0

-953.5 2658.5 866.49 0
-953.5 2658.5 849.5 0

-940.5 -2658.5 866.49 0
-940.5 0 866.49 0

-940.5 0 866.49 0
-940.5 1329.25 866.49 0
-940.5 2658.5 866.49 0

-940.5 2658.5 866.49 0

-953.5 -2658.5 866.49 0
-953.5 2658.5 866.49 0

-940.5 -2658.5 866.49 0
-953.5 -2658.5 866.49 0

-940.5 2658.5 866.49 0
-953.5 2658.5 866.49 0

-953.5 -2658.5 883.48 0
-953.5 2658.5 883.48 0

-940.5 -2658.5 883.48 0
-940.5 2658.5 883.48 0

-953.5 -2658.5 883.48 0
-940.5 -2658.5 883.48 0

-953.5 2658.5 883.48 0
-940.5 2658.5 883.48 0

-953.5 -2658.5 866.49 0
-953.5 2658.5 866.49 0

-953.5 -2658.5 883.48 0
-953.5 2658.5 883.48 0

-953.5 -2658.5 866.49 0
-953.5 -2658.5 883.48 0

-953.5 2658.5 866.49 0
-953.5 2658.5 883.48 0

-940.5 -2658.5 883.48 0
-940.5 2658.5 883.48 0

-940.5 -2658.5 866.49 0
-940.5 2658.5 866.49 0

-940.5 -2658.5 883.48 0
-940.5 -2658.5 866.49 0

-940.5 2658.5 883.48 0
-940.5 2658.5 866.49 0

-940.5 -2658.5 866.49 0
-953.5 -2658.5 866.49 0

-940.5 -2658.5 883.48 0
-953.5 -2658.5 883.48 0

-940.5 -2658.5 866.49 0
-940.5 -2658.5 883.48 0

-953.5 -2658.5 866.49 0
-953.5 -2658.5 883.48 0

-940.5 2658.5 883.48 0
-953.5 2658.5 883.48 0

-940.5 2658.5 866.49 0
-953.5 2658.5 866.49 0

-940.5 2658.5 883.48 0
-940.5 2658.5 866.49 0

-953.5 2658.5 883.48 0
-953.5 2658.5 866.49 0

-940.5 -2658.5 883.48 0
-940.5 0 883.48 0

-940.5 0 883.48 0
-940.5 1329.25 883.48 0
-940.5 2658.5 883.48 0

-940.5 2658.5 883.48 0

-953.5 -2658.5 883.48 0
-953.5 2658.5 883.48 0

-940.5 -2658.5 883.48 0
-953.5 -2658.5 883.48 0

-940.5 2658.5 883.48 0
-953.5 2658.5 883.48 0

-953.5 -2658.5 900.47 0
-953.5 2658.5 900.47 0

-940.5 -2658.5 900.47 0
-940.5 2658.5 900.47 0

-953.5 -2658.5 900.47 0
-940.5 -2658.5 900.47 0

-953.5 2658.5 900.47 0
-940.5 2658.5 900.47 0

-953.5 -2658.5 883.48 0
-953.5 2658.5 883.48 0

-953.5 -2658.5 900.47 0
-953.5 2658.5 900.47 0

-953.5 -2658.5 883.48 0
-953.5 -2658.5 900.47 0

-953.5 2658.5 883.48 0
-953.5 2658.5 900.47 0

-940.5 -2658.5 900.47 0
-940.5 2658.5 900.47 0

-940.5 -2658.5 883.48 0
-940.5 2658.5 883.48 0

-940.5 -2658.5 900.47 0
-940.5 -2658.5 883.48 0

-940.5 2658.5 900.47 0
-940.5 2658.5 883.48 0

-940.5 -2658.5 883.48 0
-953.5 -2658.5 883.48 0

-940.5 -2658.5 900.47 0
-953.5 -2658.5 900.47 0

-940.5 -2658.5 883.48 0
-940.5 -2658.5 900.47 0

-953.5 -2658.5 883.48 0
-953.5 -2658.5 900.47 0

-940.5 2658.5 900.47 0
-953.5 2658.5 900.47 0

-940.5 2658.5 883.48 0
-953.5 2658.5 883.48 0

-940.5 2658.5 900.47 0
-940.5 2658.5 883.48 0

-953.5 2658.5 900.47 0
-953.5 2658.5 883.48 0

-940.5 -2658.5 900.47 0
-940.5 0 900.47 0

-940.5 0 900.47 0
-940.5 1329.25 900.47 0
-940.5 2658.5 900.47 0

-940.5 2658.5 900.47 0

-953.5 -2658.5 900.47 0
-953.5 2658.5 900.47 0

-940.5 -2658.5 900.47 0
-953.5 -2658.5 900.47 0

-940.5 2658.5 900.47 0
-953.5 2658.5 900.47 0

-953.5 -2658.5 917.46 0
-953.5 2658.5 917.46 0

-940.5 -2658.5 917.46 0
-940.5 2658.5 917.46 0

-953.5 -2658.5 917.46 0
-940.5 -2658.5 917.46 0

-953.5 2658.5 917.46 0
-940.5 2658.5 917.46 0

-953.5 -2658.5 900.47 0
-953.5 2658.5 900.47 0

-953.5 -2658.5 917.46 0
-953.5 2658.5 917.46 0

-953.5 -2658.5 900.47 0
-953.5 -2658.5 917.46 0

-953.5 2658.5 900.47 0
-953.5 2658.5 917.46 0

-940.5 -2658.5 917.46 0
-940.5 2658.5 917.46 0

-940.5 -2658.5 900.47 0
-940.5 2658.5 900.47 0

-940.5 -2658.5 917.46 0
-940.5 -2658.5 900.47 0

-940.5 2658.5 917.46 0
-940.5 2658.5 900.47 0

-940.5 -2658.5 900.47 0
-953.5 -2658.5 900.47 0

-940.5 -2658.5 917.46 0
-953.5 -2658.5 917.46 0

-940.5 -2658.5 900.47 0
-940.5 -2658.5 917.46 0

-953.5 -2658.5 900.47 0
-953.5 -2658.5 917.46 0

-940.5 2658.5 917.46 0
-953.5 2658.5 917.46 0

-940.5 2658.5 900.47 0
-953.5 2658.5 900.47 0

-940.5 2658.5 917.46 0
-940.5 2658.5 900.47 0

-953.5 2658.5 917.46 0
-953.5 2658.5 900.47 0

-940.5 -2658.5 917.46 0
-940.5 0 917.46 0

-940.5 0 917.46 0
-940.5 1329.25 917.46 0
-940.5 2658.5 917.46 0

-940.5 2658.5 917.46 0

-953.5 -2658.5 917.46 0
-953.5 2658.5 917.46 0

-940.5 -2658.5 917.46 0
-953.5 -2658.5 917.46 0

-940.5 2658.5 917.46 0
-953.5 2658.5 917.46 0

-953.5 -2658.5 934.45 0
-953.5 2658.5 934.45 0

-940.5 -2658.5 934.45 0
-940.5 2658.5 934.45 0

-953.5 -2658.5 934.45 0
-940.5 -2658.5 934.45 0

-953.5 2658.5 934.45 0
-940.5 2658.5 934.45 0

-953.5 -2658.5 917.46 0
-953.5 2658.5 917.46 0

-953.5 -2658.5 934.45 0
-953.5 2658.5 934.45 0

-953.5 -2658.5 917.46 0
-953.5 -2658.5 934.45 0

-953.5 2658.5 917.46 0
-953.5 2658.5 934.45 0

-940.5 -2658.5 934.45 0
-940.5 2658.5 934.45 0

-940.5 -2658.5 917.46 0
-940.5 2658.5 917.46 0

-940.5 -2658.5 934.45 0
-940.5 -2658.5 917.46 0

-940.5 2658.5 934.45 0
-940.5 2658.5 917.46 0

-940.5 -2658.5 917.46 0
-953.5 -2658.5 917.46 0

-940.5 -2658.5 934.45 0
-953.5 -2658.5 934.45 0

-940.5 -2658.5 917.46 0
-940.5 -2658.5 934.45 0

-953.5 -2658.5 917.46 0
-953.5 -2658.5 934.45 0

-940.5 2658.5 934.45 0
-953.5 2658.5 934.45 0

-940.5 2658.5 917.46 0
-953.5 2658.5 917.46 0

-940.5 2658.5 934.45 0
-940.5 2658.5 917.46 0

-953.5 2658.5 934.45 0
-953.5 2658.5 917.46 0

-940.5 -2658.5 934.45 0
-940.5 0 934.45 0

-940.5 0 934.45 0
-940.5 1329.25 934.45 0
-940.5 2658.5 934.45 0

-940.5 2658.5 934.45 0

-953.5 -2658.5 934.45 0
-953.5 2658.5 934.45 0

-940.5 -2658.5 934.45 0
-953.5 -2658.5 934.45 0

-940.5 2658.5 934.45 0
-953.5 2658.5 934.45 0

-953.5 -2658.5 951.44 0
-953.5 2658.5 951.44 0

-940.5 -2658.5 951.44 0
-940.5 2658.5 951.44 0

-953.5 -2658.5 951.44 0
-940.5 -2658.5 951.44 0

-953.5 2658.5 951.44 0
-940.5 2658.5 951.44 0

-953.5 -2658.5 934.45 0
-953.5 2658.5 934.45 0

-953.5 -2658.5 951.44 0
-953.5 2658.5 951.44 0

-953.5 -2658.5 934.45 0
-953.5 -2658.5 951.44 0

-953.5 2658.5 934.45 0
-953.5 2658.5 951.44 0

-940.5 -2658.5 951.44 0
-940.5 2658.5 951.44 0

-940.5 -2658.5 934.45 0
-940.5 2658.5 934.45 0

-940.5 -2658.5 951.44 0
-940.5 -2658.5 934.45 0

-940.5 2658.5 951.44 0
-940.5 2658.5 934.45 0

-940.5 -2658.5 934.45 0
-953.5 -2658.5 934.45 0

-940.5 -2658.5 951.44 0
-953.5 -2658.5 951.44 0

-940.5 -2658.5 934.45 0
-940.5 -2658.5 951.44 0

-953.5 -2658.5 934.45 0
-953.5 -2658.5 951.44 0

-940.5 2658.5 951.44 0
-953.5 2658.5 951.44 0

-940.5 2658.5 934.45 0
-953.5 2658.5 934.45 0

-940.5 2658.5 951.44 0
-940.5 2658.5 934.45 0

-953.5 2658.5 951.44 0
-953.5 2658.5 934.45 0

-940.5 -2658.5 951.44 0
-940.5 0 951.44 0

-940.5 0 951.44 0
-940.5 1329.25 951.44 0
-940.5 2658.5 951.44 0

-940.5 2658.5 951.44 0

-953.5 -2658.5 951.44 0
-953.5 2658.5 951.44 0

-940.5 -2658.5 951.44 0
-953.5 -2658.5 951.44 0

-940.5 2658.5 951.44 0
-953.5 2658.5 951.44 0

-953.5 -2658.5 968.43 0
-953.5 2658.5 968.43 0

-940.5 -2658.5 968.43 0
-940.5 2658.5 968.43 0

-953.5 -2658.5 968.43 0
-940.5 -2658.5 968.43 0

-953.5 2658.5 968.43 0
-940.5 2658.5 968.43 0

-953.5 -2658.5 951.44 0
-953.5 2658.5 951.44 0

-953.5 -2658.5 968.43 0
-953.5 2658.5 968.43 0

-953.5 -2658.5 951.44 0
-953.5 -2658.5 968.43 0

-953.5 2658.5 951.44 0
-953.5 2658.5 968.43 0

-940.5 -2658.5 968.43 0
-940.5 2658.5 968.43 0

-940.5 -2658.5 951.44 0
-940.5 2658.5 951.44 0

-940.5 -2658.5 968.43 0
-940.5 -2658.5 951.44 0

-940.5 2658.5 968.43 0
-940.5 2658.5 951.44 0

-940.5 -2658.5 951.44 0
-953.5 -2658.5 951.44 0

-940.5 -2658.5 968.43 0
-953.5 -2658.5 968.43 0

-940.5 -2658.5 951.44 0
-940.5 -2658.5 968.43 0

-953.5 -2658.5 951.44 0
-953.5 -2658.5 968.43 0

-940.5 2658.5 968.43 0
-953.5 2658.5 968.43 0

-940.5 2658.5 951.44 0
-953.5 2658.5 951.44 0

-940.5 2658.5 968.43 0
-940.5 2658.5 951.44 0

-953.5 2658.5 968.43 0
-953.5 2658.5 951.44 0

-940.5 -2658.5 968.43 0
-940.5 0 968.43 0

-940.5 0 968.43 0
-940.5 1329.25 968.43 0
-940.5 2658.5 968.43 0

-940.5 2658.5 968.43 0

-953.5 -2658.5 968.43 0
-953.5 2658.5 968.43 0

-940.5 -2658.5 968.43 0
-953.5 -2658.5 968.43 0

-940.5 2658.5 968.43 0
-953.5 2658.5 968.43 0

-953.5 -2658.5 985.42 0
-953.5 2658.5 985.42 0

-940.5 -2658.5 985.42 0
-940.5 2658.5 985.42 0

-953.5 -2658.5 985.42 0
-940.5 -2658.5 985.42 0

-953.5 2658.5 985.42 0
-940.5 2658.5 985.42 0

-953.5 -2658.5 968.43 0
-953.5 2658.5 968.43 0

-953.5 -2658.5 985.42 0
-953.5 2658.5 985.42 0

-953.5 -2658.5 968.43 0
-953.5 -2658.5 985.42 0

-953.5 2658.5 968.43 0
-953.5 2658.5 985.42 0

-940.5 -2658.5 985.42 0
-940.5 2658.5 985.42 0

-940.5 -2658.5 968.43 0
-940.5 2658.5 968.43 0

-940.5 -2658.5 985.42 0
-940.5 -2658.5 968.43 0

-940.5 2658.5 985.42 0
-940.5 2658.5 968.43 0

-940.5 -2658.5 968.43 0
-953.5 -2658.5 968.43 0

-940.5 -2658.5 985.42 0
-953.5 -2658.5 985.42 0

-940.5 -2658.5 968.43 0
-940.5 -2658.5 985.42 0

-953.5 -2658.5 968.43 0
-953.5 -2658.5 985.42 0

-940.5 2658.5 985.42 0
-953.5 2658.5 985.42 0

-940.5 2658.5 968.43 0
-953.5 2658.5 968.43 0

-940.5 2658.5 985.42 0
-940.5 2658.5 968.43 0

-953.5 2658.5 985.42 0
-953.5 2658.5 968.43 0

-940.5 -2658.5 985.42 0
-940.5 0 985.42 0

-940.5 0 985.42 0
-940.5 1329.25 985.42 0
-940.5 2658.5 985.42 0

-940.5 2658.5 985.42 0

-953.5 -2658.5 985.42 0
-953.5 2658.5 985.42 0

-940.5 -2658.5 985.42 0
-953.5 -2658.5 985.42 0

-940.5 2658.5 985.42 0
-953.5 2658.5 985.42 0

-953.5 -2658.5 1002.41 0
-953.5 2658.5 1002.41 0

-940.5 -2658.5 1002.41 0
-940.5 2658.5 1002.41 0

-953.5 -2658.5 1002.41 0
-940.5 -2658.5 1002.41 0

-953.5 2658.5 1002.41 0
-940.5 2658.5 1002.41 0

-953.5 -2658.5 985.42 0
-953.5 2658.5 985.42 0

-953.5 -2658.5 1002.41 0
-953.5 2658.5 1002.41 0

-953.5 -2658.5 985.42 0
-953.5 -2658.5 1002.41 0

-953.5 2658.5 985.42 0
-953.5 2658.5 1002.41 0

-940.5 -2658.5 1002.41 0
-940.5 2658.5 1002.41 0

-940.5 -2658.5 985.42 0
-940.5 2658.5 985.42 0

-940.5 -2658.5 1002.41 0
-940.5 -2658.5 985.42 0

-940.5 2658.5 1002.41 0
-940.5 2658.5 985.42 0

-940.5 -2658.5 985.42 0
-953.5 -2658.5 985.42 0

-940.5 -2658.5 1002.41 0
-953.5 -2658.5 1002.41 0

-940.5 -2658.5 985.42 0
-940.5 -2658.5 1002.41 0

-953.5 -2658.5 985.42 0
-953.5 -2658.5 1002.41 0

-940.5 2658.5 1002.41 0
-953.5 2658.5 1002.41 0

-940.5 2658.5 985.42 0
-953.5 2658.5 985.42 0

-940.5 2658.5 1002.41 0
-940.5 2658.5 985.42 0

-953.5 2658.5 1002.41 0
-953.5 2658.5 985.42 0

-940.5 -2658.5 1002.41 0
-940.5 0 1002.41 0

-940.5 0 1002.41 0
-940.5 1329.25 1002.41 0
-940.5 2658.5 1002.41 0

-940.5 2658.5 1002.41 0

-953.5 -2658.5 1002.41 0
-953.5 2658.5 1002.41 0

-940.5 -2658.5 1002.41 0
-953.5 -2658.5 1002.41 0

-940.5 2658.5 1002.41 0
-953.5 2658.5 1002.41 0

-953.5 -2658.5 1019.4 0
-953.5 2658.5 1019.4 0

-940.5 -2658.5 1019.4 0
-940.5 2658.5 1019.4 0

-953.5 -2658.5 1019.4 0
-940.5 -2658.5 1019.4 0

-953.5 2658.5 1019.4 0
-940.5 2658.5 1019.4 0

-953.5 -2658.5 1002.41 0
-953.5 2658.5 1002.41 0

-953.5 -2658.5 1019.4 0
-953.5 2658.5 1019.4 0

-953.5 -2658.5 1002.41 0
-953.5 -2658.5 1019.4 0

-953.5 2658.5 1002.41 0
-953.5 2658.5 1019.4 0

-940.5 -2658.5 1019.4 0
-940.5 2658.5 1019.4 0

-940.5 -2658.5 1002.41 0
-940.5 2658.5 1002.41 0

-940.5 -2658.5 1019.4 0
-940.5 -2658.5 1002.41 0

-940.5 2658.5 1019.4 0
-940.5 2658.5 1002.41 0

-940.5 -2658.5 1002.41 0
-953.5 -2658.5 1002.41 0

-940.5 -2658.5 1019.4 0
-953.5 -2658.5 1019.4 0

-940.5 -2658.5 1002.41 0
-940.5 -2658.5 1019.4 0

-953.5 -2658.5 1002.41 0
-953.5 -2658.5 1019.4 0

-940.5 2658.5 1019.4 0
-953.5 2658.5 1019.4 0

-940.5 2658.5 1002.41 0
-953.5 2658.5 1002.41 0

-940.5 2658.5 1019.4 0
-940.5 2658.5 1002.41 0

-953.5 2658.5 1019.4 0
-953.5 2658.5 1002.41 0

-940.5 -2658.5 1019.4 0
-940.5 0 1019.4 0

-940.5 0 1019.4 0
-940.5 1329.25 1019.4 0
-940.5 2658.5 1019.4 0

-940.5 2658.5 1019.4 0

-953.5 -2658.5 1019.4 0
-953.5 2658.5 1019.4 0

-940.5 -2658.5 1019.4 0
-953.5 -2658.5 1019.4 0

-940.5 2658.5 1019.4 0
-953.5 2658.5 1019.4 0

-953.5 -2658.5 1036.39 0
-953.5 2658.5 1036.39 0

-940.5 -2658.5 1036.39 0
-940.5 2658.5 1036.39 0

-953.5 -2658.5 1036.39 0
-940.5 -2658.5 1036.39 0

-953.5 2658.5 1036.39 0
-940.5 2658.5 1036.39 0

-953.5 -2658.5 1019.4 0
-953.5 2658.5 1019.4 0

-953.5 -2658.5 1036.39 0
-953.5 2658.5 1036.39 0

-953.5 -2658.5 1019.4 0
-953.5 -2658.5 1036.39 0

-953.5 2658.5 1019.4 0
-953.5 2658.5 1036.39 0

-940.5 -2658.5 1036.39 0
-940.5 2658.5 1036.39 0

-940.5 -2658.5 1019.4 0
-940.5 2658.5 1019.4 0

-940.5 -2658.5 1036.39 0
-940.5 -2658.5 1019.4 0

-940.5 2658.5 1036.39 0
-940.5 2658.5 1019.4 0

-940.5 -2658.5 1019.4 0
-953.5 -2658.5 1019.4 0

-940.5 -2658.5 1036.39 0
-953.5 -2658.5 1036.39 0

-940.5 -2658.5 1019.4 0
-940.5 -2658.5 1036.39 0

-953.5 -2658.5 1019.4 0
-953.5 -2658.5 1036.39 0

-940.5 2658.5 1036.39 0
-953.5 2658.5 1036.39 0

-940.5 2658.5 1019.4 0
-953.5 2658.5 1019.4 0

-940.5 2658.5 1036.39 0
-940.5 2658.5 1019.4 0

-953.5 2658.5 1036.39 0
-953.5 2658.5 1019.4 0

-940.5 -2658.5 1036.39 0
-940.5 0 1036.39 0

-940.5 0 1036.39 0
-940.5 1329.25 1036.39 0
-940.5 2658.5 1036.39 0

-940.5 2658.5 1036.39 0

-953.5 -2658.5 1036.39 0
-953.5 2658.5 1036.39 0

-940.5 -2658.5 1036.39 0
-953.5 -2658.5 1036.39 0

-940.5 2658.5 1036.39 0
-953.5 2658.5 1036.39 0

-953.5 -2658.5 1053.38 0
-953.5 2658.5 1053.38 0

-940.5 -2658.5 1053.38 0
-940.5 2658.5 1053.38 0

-953.5 -2658.5 1053.38 0
-940.5 -2658.5 1053.38 0

-953.5 2658.5 1053.38 0
-940.5 2658.5 1053.38 0

-953.5 -2658.5 1036.39 0
-953.5 2658.5 1036.39 0

-953.5 -2658.5 1053.38 0
-953.5 2658.5 1053.38 0

-953.5 -2658.5 1036.39 0
-953.5 -2658.5 1053.38 0

-953.5 2658.5 1036.39 0
-953.5 2658.5 1053.38 0

-940.5 -2658.5 1053.38 0
-940.5 2658.5 1053.38 0

-940.5 -2658.5 1036.39 0
-940.5 2658.5 1036.39 0

-940.5 -2658.5 1053.38 0
-940.5 -2658.5 1036.39 0

-940.5 2658.5 1053.38 0
-940.5 2658.5 1036.39 0

-940.5 -2658.5 1036.39 0
-953.5 -2658.5 1036.39 0

-940.5 -2658.5 1053.38 0
-953.5 -2658.5 1053.38 0

-940.5 -2658.5 1036.39 0
-940.5 -2658.5 1053.38 0

-953.5 -2658.5 1036.39 0
-953.5 -2658.5 1053.38 0

-940.5 2658.5 1053.38 0
-953.5 2658.5 1053.38 0

-940.5 2658.5 1036.39 0
-953.5 2658.5 1036.39 0

-940.5 2658.5 1053.38 0
-940.5 2658.5 1036.39 0

-953.5 2658.5 1053.38 0
-953.5 2658.5 1036.39 0

-940.5 -2658.5 1053.38 0
-940.5 0 1053.38 0

-940.5 0 1053.38 0
-940.5 1329.25 1053.38 0
-940.5 2658.5 1053.38 0

-940.5 2658.5 1053.38 0

-953.5 -2658.5 1053.38 0
-953.5 2658.5 1053.38 0

-940.5 -2658.5 1053.38 0
-953.5 -2658.5 1053.38 0

-940.5 2658.5 1053.38 0
-953.5 2658.5 1053.38 0

-953.5 -2658.5 1070.37 0
-953.5 2658.5 1070.37 0

-940.5 -2658.5 1070.37 0
-940.5 2658.5 1070.37 0

-953.5 -2658.5 1070.37 0
-940.5 -2658.5 1070.37 0

-953.5 2658.5 1070.37 0
-940.5 2658.5 1070.37 0

-953.5 -2658.5 1053.38 0
-953.5 2658.5 1053.38 0

-953.5 -2658.5 1070.37 0
-953.5 2658.5 1070.37 0

-953.5 -2658.5 1053.38 0
-953.5 -2658.5 1070.37 0

-953.5 2658.5 1053.38 0
-953.5 2658.5 1070.37 0

-940.5 -2658.5 1070.37 0
-940.5 2658.5 1070.37 0

-940.5 -2658.5 1053.38 0
-940.5 2658.5 1053.38 0

-940.5 -2658.5 1070.37 0
-940.5 -2658.5 1053.38 0

-940.5 2658.5 1070.37 0
-940.5 2658.5 1053.38 0

-940.5 -2658.5 1053.38 0
-953.5 -2658.5 1053.38 0

-940.5 -2658.5 1070.37 0
-953.5 -2658.5 1070.37 0

-940.5 -2658.5 1053.38 0
-940.5 -2658.5 1070.37 0

-953.5 -2658.5 1053.38 0
-953.5 -2658.5 1070.37 0

-940.5 2658.5 1070.37 0
-953.5 2658.5 1070.37 0

-940.5 2658.5 1053.38 0
-953.5 2658.5 1053.38 0

-940.5 2658.5 1070.37 0
-940.5 2658.5 1053.38 0

-953.5 2658.5 1070.37 0
-953.5 2658.5 1053.38 0

-940.5 -2658.5 1070.37 0
-940.5 0 1070.37 0

-940.5 0 1070.37 0
-940.5 1329.25 1070.37 0
-940.5 2658.5 1070.37 0

-940.5 2658.5 1070.37 0

-953.5 -2658.5 1070.37 0
-953.5 2658.5 1070.37 0

-940.5 -2658.5 1070.37 0
-953.5 -2658.5 1070.37 0

-940.5 2658.5 1070.37 0
-953.5 2658.5 1070.37 0

-953.5 -2658.5 1087.36 0
-953.5 2658.5 1087.36 0

-940.5 -2658.5 1087.36 0
-940.5 2658.5 1087.36 0

-953.5 -2658.5 1087.36 0
-940.5 -2658.5 1087.36 0

-953.5 2658.5 1087.36 0
-940.5 2658.5 1087.36 0

-953.5 -2658.5 1070.37 0
-953.5 2658.5 1070.37 0

-953.5 -2658.5 1087.36 0
-953.5 2658.5 1087.36 0

-953.5 -2658.5 1070.37 0
-953.5 -2658.5 1087.36 0

-953.5 2658.5 1070.37 0
-953.5 2658.5 1087.36 0

-940.5 -2658.5 1087.36 0
-940.5 2658.5 1087.36 0

-940.5 -2658.5 1070.37 0
-940.5 2658.5 1070.37 0

-940.5 -2658.5 1087.36 0
-940.5 -2658.5 1070.37 0

-940.5 2658.5 1087.36 0
-940.5 2658.5 1070.37 0

-940.5 -2658.5 1070.37 0
-953.5 -2658.5 1070.37 0

-940.5 -2658.5 1087.36 0
-953.5 -2658.5 1087.36 0

-940.5 -2658.5 1070.37 0
-940.5 -2658.5 1087.36 0

-953.5 -2658.5 1070.37 0
-953.5 -2658.5 1087.36 0

-940.5 2658.5 1087.36 0
-953.5 2658.5 1087.36 0

-940.5 2658.5 1070.37 0
-953.5 2658.5 1070.37 0

-940.5 2658.5 1087.36 0
-940.5 2658.5 1070.37 0

-953.5 2658.5 1087.36 0
-953.5 2658.5 1070.37 0

-940.5 -2658.5 1087.36 0
-940.5 0 1087.36 0

-940.5 0 1087.36 0
-940.5 1329.25 1087.36 0
-940.5 2658.5 1087.36 0

-940.5 2658.5 1087.36 0

-953.5 -2658.5 1087.36 0
-953.5 2658.5 1087.36 0

-940.5 -2658.5 1087.36 0
-953.5 -2658.5 1087.36 0

-940.5 2658.5 1087.36 0
-953.5 2658.5 1087.36 0

-953.5 -2658.5 1104.35 0
-953.5 2658.5 1104.35 0

-940.5 -2658.5 1104.35 0
-940.5 2658.5 1104.35 0

-953.5 -2658.5 1104.35 0
-940.5 -2658.5 1104.35 0

-953.5 2658.5 1104.35 0
-940.5 2658.5 1104.35 0

-953.5 -2658.5 1087.36 0
-953.5 2658.5 1087.36 0

-953.5 -2658.5 1104.35 0
-953.5 2658.5 1104.35 0

-953.5 -2658.5 1087.36 0
-953.5 -2658.5 1104.35 0

-953.5 2658.5 1087.36 0
-953.5 2658.5 1104.35 0

-940.5 -2658.5 1104.35 0
-940.5 2658.5 1104.35 0

-940.5 -2658.5 1087.36 0
-940.5 2658.5 1087.36 0

-940.5 -2658.5 1104.35 0
-940.5 -2658.5 1087.36 0

-940.5 2658.5 1104.35 0
-940.5 2658.5 1087.36 0

-940.5 -2658.5 1087.36 0
-953.5 -2658.5 1087.36 0

-940.5 -2658.5 1104.35 0
-953.5 -2658.5 1104.35 0

-940.5 -2658.5 1087.36 0
-940.5 -2658.5 1104.35 0

-953.5 -2658.5 1087.36 0
-953.5 -2658.5 1104.35 0

-940.5 2658.5 1104.35 0
-953.5 2658.5 1104.35 0

-940.5 2658.5 1087.36 0
-953.5 2658.5 1087.36 0

-940.5 2658.5 1104.35 0
-940.5 2658.5 1087.36 0

-953.5 2658.5 1104.35 0
-953.5 2658.5 1087.36 0

-940.5 -2658.5 1104.35 0
-940.5 0 1104.35 0

-940.5 0 1104.35 0
-940.5 1329.25 1104.35 0
-940.5 2658.5 1104.35 0

-940.5 2658.5 1104.35 0

-953.5 -2658.5 1104.35 0
-953.5 2658.5 1104.35 0

-940.5 -2658.5 1104.35 0
-953.5 -2658.5 1104.35 0

-940.5 2658.5 1104.35 0
-953.5 2658.5 1104.35 0

-953.5 -2658.5 1121.34 0
-953.5 2658.5 1121.34 0

-940.5 -2658.5 1121.34 0
-940.5 2658.5 1121.34 0

-953.5 -2658.5 1121.34 0
-940.5 -2658.5 1121.34 0

-953.5 2658.5 1121.34 0
-940.5 2658.5 1121.34 0

-953.5 -2658.5 1104.35 0
-953.5 2658.5 1104.35 0

-953.5 -2658.5 1121.34 0
-953.5 2658.5 1121.34 0

-953.5 -2658.5 1104.35 0
-953.5 -2658.5 1121.34 0

-953.5 2658.5 1104.35 0
-953.5 2658.5 1121.34 0

-940.5 -2658.5 1121.34 0
-940.5 2658.5 1121.34 0

-940.5 -2658.5 1104.35 0
-940.5 2658.5 1104.35 0

-940.5 -2658.5 1121.34 0
-940.5 -2658.5 1104.35 0

-940.5 2658.5 1121.34 0
-940.5 2658.5 1104.35 0

-940.5 -2658.5 1104.35 0
-953.5 -2658.5 1104.35 0

-940.5 -2658.5 1121.34 0
-953.5 -2658.5 1121.34 0

-940.5 -2658.5 1104.35 0
-940.5 -2658.5 1121.34 0

-953.5 -2658.5 1104.35 0
-953.5 -2658.5 1121.34 0

-940.5 2658.5 1121.34 0
-953.5 2658.5 1121.34 0

-940.5 2658.5 1104.35 0
-953.5 2658.5 1104.35 0

-940.5 2658.5 1121.34 0
-940.5 2658.5 1104.35 0

-953.5 2658.5 1121.34 0
-953.5 2658.5 1104.35 0

-940.5 -2658.5 1121.34 0
-940.5 0 1121.34 0

-940.5 0 1121.34 0
-940.5 1329.25 1121.34 0
-940.5 2658.5 1121.34 0

-940.5 2658.5 1121.34 0

-953.5 -2658.5 1121.34 0
-953.5 2658.5 1121.34 0

-940.5 -2658.5 1121.34 0
-953.5 -2658.5 1121.34 0

-940.5 2658.5 1121.34 0
-953.5 2658.5 1121.34 0

-953.5 -2658.5 1138.33 0
-953.5 2658.5 1138.33 0

-940.5 -2658.5 1138.33 0
-940.5 2658.5 1138.33 0

-953.5 -2658.5 1138.33 0
-940.5 -2658.5 1138.33 0

-953.5 2658.5 1138.33 0
-940.5 2658.5 1138.33 0

-953.5 -2658.5 1121.34 0
-953.5 2658.5 1121.34 0

-953.5 -2658.5 1138.33 0
-953.5 2658.5 1138.33 0

-953.5 -2658.5 1121.34 0
-953.5 -2658.5 1138.33 0

-953.5 2658.5 1121.34 0
-953.5 2658.5 1138.33 0

-940.5 -2658.5 1138.33 0
-940.5 2658.5 1138.33 0

-940.5 -2658.5 1121.34 0
-940.5 2658.5 1121.34 0

-940.5 -2658.5 1138.33 0
-940.5 -2658.5 1121.34 0

-940.5 2658.5 1138.33 0
-940.5 2658.5 1121.34 0

-940.5 -2658.5 1121.34 0
-953.5 -2658.5 1121.34 0

-940.5 -2658.5 1138.33 0
-953.5 -2658.5 1138.33 0

-940.5 -2658.5 1121.34 0
-940.5 -2658.5 1138.33 0

-953.5 -2658.5 1121.34 0
-953.5 -2658.5 1138.33 0

-940.5 2658.5 1138.33 0
-953.5 2658.5 1138.33 0

-940.5 2658.5 1121.34 0
-953.5 2658.5 1121.34 0

-940.5 2658.5 1138.33 0
-940.5 2658.5 1121.34 0

-953.5 2658.5 1138.33 0
-953.5 2658.5 1121.34 0

-940.5 -2658.5 1138.33 0
-940.5 0 1138.33 0

-940.5 0 1138.33 0
-940.5 1329.25 1138.33 0
-940.5 2658.5 1138.33 0

-940.5 2658.5 1138.33 0

-953.5 -2658.5 1138.33 0
-953.5 2658.5 1138.33 0

-940.5 -2658.5 1138.33 0
-953.5 -2658.5 1138.33 0

-940.5 2658.5 1138.33 0
-953.5 2658.5 1138.33 0

-953.5 -2658.5 1155.32 0
-953.5 2658.5 1155.32 0

-940.5 -2658.5 1155.32 0
-940.5 2658.5 1155.32 0

-953.5 -2658.5 1155.32 0
-940.5 -2658.5 1155.32 0

-953.5 2658.5 1155.32 0
-940.5 2658.5 1155.32 0

-953.5 -2658.5 1138.33 0
-953.5 2658.5 1138.33 0

-953.5 -2658.5 1155.32 0
-953.5 2658.5 1155.32 0

-953.5 -2658.5 1138.33 0
-953.5 -2658.5 1155.32 0

-953.5 2658.5 1138.33 0
-953.5 2658.5 1155.32 0

-940.5 -2658.5 1155.32 0
-940.5 2658.5 1155.32 0

-940.5 -2658.5 1138.33 0
-940.5 2658.5 1138.33 0

-940.5 -2658.5 1155.32 0
-940.5 -2658.5 1138.33 0

-940.5 2658.5 1155.32 0
-940.5 2658.5 1138.33 0

-940.5 -2658.5 1138.33 0
-953.5 -2658.5 1138.33 0

-940.5 -2658.5 1155.32 0
-953.5 -2658.5 1155.32 0

-940.5 -2658.5 1138.33 0
-940.5 -2658.5 1155.32 0

-953.5 -2658.5 1138.33 0
-953.5 -2658.5 1155.32 0

-940.5 2658.5 1155.32 0
-953.5 2658.5 1155.32 0

-940.5 2658.5 1138.33 0
-953.5 2658.5 1138.33 0

-940.5 2658.5 1155.32 0
-940.5 2658.5 1138.33 0

-953.5 2658.5 1155.32 0
-953.5 2658.5 1138.33 0

-940.5 -2658.5 1155.32 0
-940.5 0 1155.32 0

-940.5 0 1155.32 0
-940.5 1329.25 1155.32 0
-940.5 2658.5 1155.32 0

-940.5 2658.5 1155.32 0

-953.5 -2658.5 1155.32 0
-953.5 2658.5 1155.32 0

-940.5 -2658.5 1155.32 0
-953.5 -2658.5 1155.32 0

-940.5 2658.5 1155.32 0
-953.5 2658.5 1155.32 0

-953.5 -2658.5 1172.31 0
-953.5 2658.5 1172.31 0

-940.5 -2658.5 1172.31 0
-940.5 2658.5 1172.31 0

-953.5 -2658.5 1172.31 0
-940.5 -2658.5 1172.31 0

-953.5 2658.5 1172.31 0
-940.5 2658.5 1172.31 0

-953.5 -2658.5 1155.32 0
-953.5 2658.5 1155.32 0

-953.5 -2658.5 1172.31 0
-953.5 2658.5 1172.31 0

-953.5 -2658.5 1155.32 0
-953.5 -2658.5 1172.31 0

-953.5 2658.5 1155.32 0
-953.5 2658.5 1172.31 0

-940.5 -2658.5 1172.31 0
-940.5 2658.5 1172.31 0

-940.5 -2658.5 1155.32 0
-940.5 2658.5 1155.32 0

-940.5 -2658.5 1172.31 0
-940.5 -2658.5 1155.32 0

-940.5 2658.5 1172.31 0
-940.5 2658.5 1155.32 0

-940.5 -2658.5 1155.32 0
-953.5 -2658.5 1155.32 0

-940.5 -2658.5 1172.31 0
-953.5 -2658.5 1172.31 0

-940.5 -2658.5 1155.32 0
-940.5 -2658.5 1172.31 0

-953.5 -2658.5 1155.32 0
-953.5 -2658.5 1172.31 0

-940.5 2658.5 1172.31 0
-953.5 2658.5 1172.31 0

-940.5 2658.5 1155.32 0
-953.5 2658.5 1155.32 0

-940.5 2658.5 1172.31 0
-940.5 2658.5 1155.32 0

-953.5 2658.5 1172.31 0
-953.5 2658.5 1155.32 0

-940.5 -2658.5 1172.31 0
-940.5 0 1172.31 0

-940.5 0 1172.31 0
-940.5 1329.25 1172.31 0
-940.5 2658.5 1172.31 0

-940.5 2658.5 1172.31 0

-953.5 -2658.5 1172.31 0
-953.5 2658.5 1172.31 0

-940.5 -2658.5 1172.31 0
-953.5 -2658.5 1172.31 0

-940.5 2658.5 1172.31 0
-953.5 2658.5 1172.31 0

-953.5 -2658.5 1189.3 0
-953.5 2658.5 1189.3 0

-940.5 -2658.5 1189.3 0
-940.5 2658.5 1189.3 0

-953.5 -2658.5 1189.3 0
-940.5 -2658.5 1189.3 0

-953.5 2658.5 1189.3 0
-940.5 2658.5 1189.3 0

-953.5 -2658.5 1172.31 0
-953.5 2658.5 1172.31 0

-953.5 -2658.5 1189.3 0
-953.5 2658.5 1189.3 0

-953.5 -2658.5 1172.31 0
-953.5 -2658.5 1189.3 0

-953.5 2658.5 1172.31 0
-953.5 2658.5 1189.3 0

-940.5 -2658.5 1189.3 0
-940.5 2658.5 1189.3 0

-940.5 -2658.5 1172.31 0
-940.5 2658.5 1172.31 0

-940.5 -2658.5 1189.3 0
-940.5 -2658.5 1172.31 0

-940.5 2658.5 1189.3 0
-940.5 2658.5 1172.31 0

-940.5 -2658.5 1172.31 0
-953.5 -2658.5 1172.31 0

-940.5 -2658.5 1189.3 0
-953.5 -2658.5 1189.3 0

-940.5 -2658.5 1172.31 0
-940.5 -2658.5 1189.3 0

-953.5 -2658.5 1172.31 0
-953.5 -2658.5 1189.3 0

-940.5 2658.5 1189.3 0
-953.5 2658.5 1189.3 0

-940.5 2658.5 1172.31 0
-953.5 2658.5 1172.31 0

-940.5 2658.5 1189.3 0
-940.5 2658.5 1172.31 0

-953.5 2658.5 1189.3 0
-953.5 2658.5 1172.31 0

-940.5 -2658.5 1189.3 0
-940.5 0 1189.3 0

-940.5 0 1189.3 0
-940.5 1329.25 1189.3 0
-940.5 2658.5 1189.3 0

-940.5 2658.5 1189.3 0

-953.5 -2658.5 1189.3 0
-953.5 2658.5 1189.3 0

-940.5 -2658.5 1189.3 0
-953.5 -2658.5 1189.3 0

-940.5 2658.5 1189.3 0
-953.5 2658.5 1189.3 0

-953.5 -2658.5 1206.29 0
-953.5 2658.5 1206.29 0

-940.5 -2658.5 1206.29 0
-940.5 2658.5 1206.29 0

-953.5 -2658.5 1206.29 0
-940.5 -2658.5 1206.29 0

-953.5 2658.5 1206.29 0
-940.5 2658.5 1206.29 0

-953.5 -2658.5 1189.3 0
-953.5 2658.5 1189.3 0

-953.5 -2658.5 1206.29 0
-953.5 2658.5 1206.29 0

-953.5 -2658.5 1189.3 0
-953.5 -2658.5 1206.29 0

-953.5 2658.5 1189.3 0
-953.5 2658.5 1206.29 0

-940.5 -2658.5 1206.29 0
-940.5 2658.5 1206.29 0

-940.5 -2658.5 1189.3 0
-940.5 2658.5 1189.3 0

-940.5 -2658.5 1206.29 0
-940.5 -2658.5 1189.3 0

-940.5 2658.5 1206.29 0
-940.5 2658.5 1189.3 0

-940.5 -2658.5 1189.3 0
-953.5 -2658.5 1189.3 0

-940.5 -2658.5 1206.29 0
-953.5 -2658.5 1206.29 0

-940.5 -2658.5 1189.3 0
-940.5 -2658.5 1206.29 0

-953.5 -2658.5 1189.3 0
-953.5 -2658.5 1206.29 0

-940.5 2658.5 1206.29 0
-953.5 2658.5 1206.29 0

-940.5 2658.5 1189.3 0
-953.5 2658.5 1189.3 0

-940.5 2658.5 1206.29 0
-940.5 2658.5 1189.3 0

-953.5 2658.5 1206.29 0
-953.5 2658.5 1189.3 0

-940.5 -2658.5 1206.29 0
-940.5 0 1206.29 0

-940.5 0 1206.29 0
-940.5 1329.25 1206.29 0
-940.5 2658.5 1206.29 0

-940.5 2658.5 1206.29 0

-953.5 -2658.5 1206.29 0
-953.5 2658.5 1206.29 0

-940.5 -2658.5 1206.29 0
-953.5 -2658.5 1206.29 0

-940.5 2658.5 1206.29 0
-953.5 2658.5 1206.29 0

-953.5 -2658.5 1223.28 0
-953.5 2658.5 1223.28 0

-940.5 -2658.5 1223.28 0
-940.5 2658.5 1223.28 0

-953.5 -2658.5 1223.28 0
-940.5 -2658.5 1223.28 0

-953.5 2658.5 1223.28 0
-940.5 2658.5 1223.28 0

-953.5 -2658.5 1206.29 0
-953.5 2658.5 1206.29 0

-953.5 -2658.5 1223.28 0
-953.5 2658.5 1223.28 0

-953.5 -2658.5 1206.29 0
-953.5 -2658.5 1223.28 0

-953.5 2658.5 1206.29 0
-953.5 2658.5 1223.28 0

-940.5 -2658.5 1223.28 0
-940.5 2658.5 1223.28 0

-940.5 -2658.5 1206.29 0
-940.5 2658.5 1206.29 0

-940.5 -2658.5 1223.28 0
-940.5 -2658.5 1206.29 0

-940.5 2658.5 1223.28 0
-940.5 2658.5 1206.29 0

-940.5 -2658.5 1206.29 0
-953.5 -2658.5 1206.29 0

-940.5 -2658.5 1223.28 0
-953.5 -2658.5 1223.28 0

-940.5 -2658.5 1206.29 0
-940.5 -2658.5 1223.28 0

-953.5 -2658.5 1206.29 0
-953.5 -2658.5 1223.28 0

-940.5 2658.5 1223.28 0
-953.5 2658.5 1223.28 0

-940.5 2658.5 1206.29 0
-953.5 2658.5 1206.29 0

-940.5 2658.5 1223.28 0
-940.5 2658.5 1206.29 0

-953.5 2658.5 1223.28 0
-953.5 2658.5 1206.29 0

-940.5 -2658.5 1223.28 0
-940.5 0 1223.28 0

-940.5 0 1223.28 0
-940.5 1329.25 1223.28 0
-940.5 2658.5 1223.28 0

-940.5 2658.5 1223.28 0

-953.5 -2658.5 1223.28 0
-953.5 2658.5 1223.28 0

-940.5 -2658.5 1223.28 0
-953.5 -2658.5 1223.28 0

-940.5 2658.5 1223.28 0
-953.5 2658.5 1223.28 0

-953.5 -2658.5 1240.27 0
-953.5 2658.5 1240.27 0

-940.5 -2658.5 1240.27 0
-940.5 2658.5 1240.27 0

-953.5 -2658.5 1240.27 0
-940.5 -2658.5 1240.27 0

-953.5 2658.5 1240.27 0
-940.5 2658.5 1240.27 0

-953.5 -2658.5 1223.28 0
-953.5 2658.5 1223.28 0

-953.5 -2658.5 1240.27 0
-953.5 2658.5 1240.27 0

-953.5 -2658.5 1223.28 0
-953.5 -2658.5 1240.27 0

-953.5 2658.5 1223.28 0
-953.5 2658.5 1240.27 0

-940.5 -2658.5 1240.27 0
-940.5 2658.5 1240.27 0

-940.5 -2658.5 1223.28 0
-940.5 2658.5 1223.28 0

-940.5 -2658.5 1240.27 0
-940.5 -2658.5 1223.28 0

-940.5 2658.5 1240.27 0
-940.5 2658.5 1223.28 0

-940.5 -2658.5 1223.28 0
-953.5 -2658.5 1223.28 0

-940.5 -2658.5 1240.27 0
-953.5 -2658.5 1240.27 0

-940.5 -2658.5 1223.28 0
-940.5 -2658.5 1240.27 0

-953.5 -2658.5 1223.28 0
-953.5 -2658.5 1240.27 0

-940.5 2658.5 1240.27 0
-953.5 2658.5 1240.27 0

-940.5 2658.5 1223.28 0
-953.5 2658.5 1223.28 0

-940.5 2658.5 1240.27 0
-940.5 2658.5 1223.28 0

-953.5 2658.5 1240.27 0
-953.5 2658.5 1223.28 0

-940.5 -2658.5 1240.27 0
-940.5 0 1240.27 0

-940.5 0 1240.27 0
-940.5 1329.25 1240.27 0
-940.5 2658.5 1240.27 0

-940.5 2658.5 1240.27 0

-953.5 -2658.5 1240.27 0
-953.5 2658.5 1240.27 0

-940.5 -2658.5 1240.27 0
-953.5 -2658.5 1240.27 0

-940.5 2658.5 1240.27 0
-953.5 2658.5 1240.27 0

-953.5 -2658.5 1257.26 0
-953.5 2658.5 1257.26 0

-940.5 -2658.5 1257.26 0
-940.5 2658.5 1257.26 0

-953.5 -2658.5 1257.26 0
-940.5 -2658.5 1257.26 0

-953.5 2658.5 1257.26 0
-940.5 2658.5 1257.26 0

-953.5 -2658.5 1240.27 0
-953.5 2658.5 1240.27 0

-953.5 -2658.5 1257.26 0
-953.5 2658.5 1257.26 0

-953.5 -2658.5 1240.27 0
-953.5 -2658.5 1257.26 0

-953.5 2658.5 1240.27 0
-953.5 2658.5 1257.26 0

-940.5 -2658.5 1257.26 0
-940.5 2658.5 1257.26 0

-940.5 -2658.5 1240.27 0
-940.5 2658.5 1240.27 0

-940.5 -2658.5 1257.26 0
-940.5 -2658.5 1240.27 0

-940.5 2658.5 1257.26 0
-940.5 2658.5 1240.27 0

-940.5 -2658.5 1240.27 0
-953.5 -2658.5 1240.27 0

-940.5 -2658.5 1257.26 0
-953.5 -2658.5 1257.26 0

-940.5 -2658.5 1240.27 0
-940.5 -2658.5 1257.26 0

-953.5 -2658.5 1240.27 0
-953.5 -2658.5 1257.26 0

-940.5 2658.5 1257.26 0
-953.5 2658.5 1257.26 0

-940.5 2658.5 1240.27 0
-953.5 2658.5 1240.27 0

-940.5 2658.5 1257.26 0
-940.5 2658.5 1240.27 0

-953.5 2658.5 1257.26 0
-953.5 2658.5 1240.27 0

-940.5 -2658.5 1257.26 0
-940.5 0 1257.26 0

-940.5 0 1257.26 0
-940.5 1329.25 1257.26 0
-940.5 2658.5 1257.26 0

-940.5 2658.5 1257.26 0

-953.5 -2658.5 1257.26 0
-953.5 2658.5 1257.26 0

-940.5 -2658.5 1257.26 0
-953.5 -2658.5 1257.26 0

-940.5 2658.5 1257.26 0
-953.5 2658.5 1257.26 0

-953.5 -2658.5 1274.25 0
-953.5 2658.5 1274.25 0

-940.5 -2658.5 1274.25 0
-940.5 2658.5 1274.25 0

-953.5 -2658.5 1274.25 0
-940.5 -2658.5 1274.25 0

-953.5 2658.5 1274.25 0
-940.5 2658.5 1274.25 0

-953.5 -2658.5 1257.26 0
-953.5 2658.5 1257.26 0

-953.5 -2658.5 1274.25 0
-953.5 2658.5 1274.25 0

-953.5 -2658.5 1257.26 0
-953.5 -2658.5 1274.25 0

-953.5 2658.5 1257.26 0
-953.5 2658.5 1274.25 0

-940.5 -2658.5 1274.25 0
-940.5 2658.5 1274.25 0

-940.5 -2658.5 1257.26 0
-940.5 2658.5 1257.26 0

-940.5 -2658.5 1274.25 0
-940.5 -2658.5 1257.26 0

-940.5 2658.5 1274.25 0
-940.5 2658.5 1257.26 0

-940.5 -2658.5 1257.26 0
-953.5 -2658.5 1257.26 0

-940.5 -2658.5 1274.25 0
-953.5 -2658.5 1274.25 0

-940.5 -2658.5 1257.26 0
-940.5 -2658.5 1274.25 0

-953.5 -2658.5 1257.26 0
-953.5 -2658.5 1274.25 0

-940.5 2658.5 1274.25 0
-953.5 2658.5 1274.25 0

-940.5 2658.5 1257.26 0
-953.5 2658.5 1257.26 0

-940.5 2658.5 1274.25 0
-940.5 2658.5 1257.26 0

-953.5 2658.5 1274.25 0
-953.5 2658.5 1257.26 0

-940.5 -2658.5 1274.25 0
-940.5 0 1274.25 0

-940.5 0 1274.25 0
-940.5 1329.25 1274.25 0
-940.5 2658.5 1274.25 0

-940.5 2658.5 1274.25 0

-953.5 -2658.5 1274.25 0
-953.5 2658.5 1274.25 0

-940.5 -2658.5 1274.25 0
-953.5 -2658.5 1274.25 0

-940.5 2658.5 1274.25 0
-953.5 2658.5 1274.25 0

-953.5 -2658.5 1291.24 0
-953.5 2658.5 1291.24 0

-940.5 -2658.5 1291.24 0
-940.5 2658.5 1291.24 0

-953.5 -2658.5 1291.24 0
-940.5 -2658.5 1291.24 0

-953.5 2658.5 1291.24 0
-940.5 2658.5 1291.24 0

-953.5 -2658.5 1274.25 0
-953.5 2658.5 1274.25 0

-953.5 -2658.5 1291.24 0
-953.5 2658.5 1291.24 0

-953.5 -2658.5 1274.25 0
-953.5 -2658.5 1291.24 0

-953.5 2658.5 1274.25 0
-953.5 2658.5 1291.24 0

-940.5 -2658.5 1291.24 0
-940.5 2658.5 1291.24 0

-940.5 -2658.5 1274.25 0
-940.5 2658.5 1274.25 0

-940.5 -2658.5 1291.24 0
-940.5 -2658.5 1274.25 0

-940.5 2658.5 1291.24 0
-940.5 2658.5 1274.25 0

-940.5 -2658.5 1274.25 0
-953.5 -2658.5 1274.25 0

-940.5 -2658.5 1291.24 0
-953.5 -2658.5 1291.24 0

-940.5 -2658.5 1274.25 0
-940.5 -2658.5 1291.24 0

-953.5 -2658.5 1274.25 0
-953.5 -2658.5 1291.24 0

-940.5 2658.5 1291.24 0
-953.5 2658.5 1291.24 0

-940.5 2658.5 1274.25 0
-953.5 2658.5 1274.25 0

-940.5 2658.5 1291.24 0
-940.5 2658.5 1274.25 0

-953.5 2658.5 1291.24 0
-953.5 2658.5 1274.25 0

-940.5 -2658.5 1291.24 0
-940.5 0 1291.24 0

-940.5 0 1291.24 0
-940.5 1329.25 1291.24 0
-940.5 2658.5 1291.24 0

-940.5 2658.5 1291.24 0

-953.5 -2658.5 1291.24 0
-953.5 2658.5 1291.24 0

-940.5 -2658.5 1291.24 0
-953.5 -2658.5 1291.24 0

-940.5 2658.5 1291.24 0
-953.5 2658.5 1291.24 0

-953.5 -2658.5 1308.23 0
-953.5 2658.5 1308.23 0

-940.5 -2658.5 1308.23 0
-940.5 2658.5 1308.23 0

-953.5 -2658.5 1308.23 0
-940.5 -2658.5 1308.23 0

-953.5 2658.5 1308.23 0
-940.5 2658.5 1308.23 0

-953.5 -2658.5 1291.24 0
-953.5 2658.5 1291.24 0

-953.5 -2658.5 1308.23 0
-953.5 2658.5 1308.23 0

-953.5 -2658.5 1291.24 0
-953.5 -2658.5 1308.23 0

-953.5 2658.5 1291.24 0
-953.5 2658.5 1308.23 0

-940.5 -2658.5 1308.23 0
-940.5 2658.5 1308.23 0

-940.5 -2658.5 1291.24 0
-940.5 2658.5 1291.24 0

-940.5 -2658.5 1308.23 0
-940.5 -2658.5 1291.24 0

-940.5 2658.5 1308.23 0
-940.5 2658.5 1291.24 0

-940.5 -2658.5 1291.24 0
-953.5 -2658.5 1291.24 0

-940.5 -2658.5 1308.23 0
-953.5 -2658.5 1308.23 0

-940.5 -2658.5 1291.24 0
-940.5 -2658.5 1308.23 0

-953.5 -2658.5 1291.24 0
-953.5 -2658.5 1308.23 0

-940.5 2658.5 1308.23 0
-953.5 2658.5 1308.23 0

-940.5 2658.5 1291.24 0
-953.5 2658.5 1291.24 0

-940.5 2658.5 1308.23 0
-940.5 2658.5 1291.24 0

-953.5 2658.5 1308.23 0
-953.5 2658.5 1291.24 0

-940.5 -2658.5 1308.23 0
-940.5 0 1308.23 0

-940.5 0 1308.23 0
-940.5 1329.25 1308.23 0
-940.5 2658.5 1308.23 0

-940.5 2658.5 1308.23 0

-953.5 -2658.5 1308.23 0
-953.5 2658.5 1308.23 0

-940.5 -2658.5 1308.23 0
-953.5 -2658.5 1308.23 0

-940.5 2658.5 1308.23 0
-953.5 2658.5 1308.23 0

-953.5 -2658.5 1325.22 0
-953.5 2658.5 1325.22 0

-940.5 -2658.5 1325.22 0
-940.5 2658.5 1325.22 0

-953.5 -2658.5 1325.22 0
-940.5 -2658.5 1325.22 0

-953.5 2658.5 1325.22 0
-940.5 2658.5 1325.22 0

-953.5 -2658.5 1308.23 0
-953.5 2658.5 1308.23 0

-953.5 -2658.5 1325.22 0
-953.5 2658.5 1325.22 0

-953.5 -2658.5 1308.23 0
-953.5 -2658.5 1325.22 0

-953.5 2658.5 1308.23 0
-953.5 2658.5 1325.22 0

-940.5 -2658.5 1325.22 0
-940.5 2658.5 1325.22 0

-940.5 -2658.5 1308.23 0
-940.5 2658.5 1308.23 0

-940.5 -2658.5 1325.22 0
-940.5 -2658.5 1308.23 0

-940.5 2658.5 1325.22 0
-940.5 2658.5 1308.23 0

-940.5 -2658.5 1308.23 0
-953.5 -2658.5 1308.23 0

-940.5 -2658.5 1325.22 0
-953.5 -2658.5 1325.22 0

-940.5 -2658.5 1308.23 0
-940.5 -2658.5 1325.22 0

-953.5 -2658.5 1308.23 0
-953.5 -2658.5 1325.22 0

-940.5 2658.5 1325.22 0
-953.5 2658.5 1325.22 0

-940.5 2658.5 1308.23 0
-953.5 2658.5 1308.23 0

-940.5 2658.5 1325.22 0
-940.5 2658.5 1308.23 0

-953.5 2658.5 1325.22 0
-953.5 2658.5 1308.23 0

-940.5 -2658.5 1325.22 0
-940.5 0 1325.22 0

-940.5 0 1325.22 0
-940.5 1329.25 1325.22 0
-940.5 2658.5 1325.22 0

-940.5 2658.5 1325.22 0

-953.5 -2658.5 1325.22 0
-953.5 2658.5 1325.22 0

-940.5 -2658.5 1325.22 0
-953.5 -2658.5 1325.22 0

-940.5 2658.5 1325.22 0
-953.5 2658.5 1325.22 0

-953.5 -2658.5 1342.21 0
-953.5 2658.5 1342.21 0

-940.5 -2658.5 1342.21 0
-940.5 2658.5 1342.21 0

-953.5 -2658.5 1342.21 0
-940.5 -2658.5 1342.21 0

-953.5 2658.5 1342.21 0
-940.5 2658.5 1342.21 0

-953.5 -2658.5 1325.22 0
-953.5 2658.5 1325.22 0

-953.5 -2658.5 1342.21 0
-953.5 2658.5 1342.21 0

-953.5 -2658.5 1325.22 0
-953.5 -2658.5 1342.21 0

-953.5 2658.5 1325.22 0
-953.5 2658.5 1342.21 0

-940.5 -2658.5 1342.21 0
-940.5 2658.5 1342.21 0

-940.5 -2658.5 1325.22 0
-940.5 2658.5 1325.22 0

-940.5 -2658.5 1342.21 0
-940.5 -2658.5 1325.22 0

-940.5 2658.5 1342.21 0
-940.5 2658.5 1325.22 0

-940.5 -2658.5 1325.22 0
-953.5 -2658.5 1325.22 0

-940.5 -2658.5 1342.21 0
-953.5 -2658.5 1342.21 0

-940.5 -2658.5 1325.22 0
-940.5 -2658.5 1342.21 0

-953.5 -2658.5 1325.22 0
-953.5 -2658.5 1342.21 0

-940.5 2658.5 1342.21 0
-953.5 2658.5 1342.21 0

-940.5 2658.5 1325.22 0
-953.5 2658.5 1325.22 0

-940.5 2658.5 1342.21 0
-940.5 2658.5 1325.22 0

-953.5 2658.5 1342.21 0
-953.5 2658.5 1325.22 0

-940.5 -2658.5 1342.21 0
-940.5 0 1342.21 0

-940.5 0 1342.21 0
-940.5 1329.25 1342.21 0
-940.5 2658.5 1342.21 0

-940.5 2658.5 1342.21 0

-953.5 -2658.5 1342.21 0
-953.5 2658.5 1342.21 0

-940.5 -2658.5 1342.21 0
-953.5 -2658.5 1342.21 0

-940.5 2658.5 1342.21 0
-953.5 2658.5 1342.21 0

-953.5 -2658.5 1359.2 0
-953.5 2658.5 1359.2 0

-940.5 -2658.5 1359.2 0
-940.5 2658.5 1359.2 0

-953.5 -2658.5 1359.2 0
-940.5 -2658.5 1359.2 0

-953.5 2658.5 1359.2 0
-940.5 2658.5 1359.2 0

-953.5 -2658.5 1342.21 0
-953.5 2658.5 1342.21 0

-953.5 -2658.5 1359.2 0
-953.5 2658.5 1359.2 0

-953.5 -2658.5 1342.21 0
-953.5 -2658.5 1359.2 0

-953.5 2658.5 1342.21 0
-953.5 2658.5 1359.2 0

-940.5 -2658.5 1359.2 0
-940.5 2658.5 1359.2 0

-940.5 -2658.5 1342.21 0
-940.5 2658.5 1342.21 0

-940.5 -2658.5 1359.2 0
-940.5 -2658.5 1342.21 0

-940.5 2658.5 1359.2 0
-940.5 2658.5 1342.21 0

-940.5 -2658.5 1342.21 0
-953.5 -2658.5 1342.21 0

-940.5 -2658.5 1359.2 0
-953.5 -2658.5 1359.2 0

-940.5 -2658.5 1342.21 0
-940.5 -2658.5 1359.2 0

-953.5 -2658.5 1342.21 0
-953.5 -2658.5 1359.2 0

-940.5 2658.5 1359.2 0
-953.5 2658.5 1359.2 0

-940.5 2658.5 1342.21 0
-953.5 2658.5 1342.21 0

-940.5 2658.5 1359.2 0
-940.5 2658.5 1342.21 0

-953.5 2658.5 1359.2 0
-953.5 2658.5 1342.21 0

-940.5 -2658.5 1359.2 0
-940.5 0 1359.2 0

-940.5 0 1359.2 0
-940.5 1329.25 1359.2 0
-940.5 2658.5 1359.2 0

-940.5 2658.5 1359.2 0

-953.5 -2658.5 1359.2 0
-953.5 2658.5 1359.2 0

-940.5 -2658.5 1359.2 0
-953.5 -2658.5 1359.2 0

-940.5 2658.5 1359.2 0
-953.5 2658.5 1359.2 0

-953.5 -2658.5 1376.19 0
-953.5 2658.5 1376.19 0

-940.5 -2658.5 1376.19 0
-940.5 2658.5 1376.19 0

-953.5 -2658.5 1376.19 0
-940.5 -2658.5 1376.19 0

-953.5 2658.5 1376.19 0
-940.5 2658.5 1376.19 0

-953.5 -2658.5 1359.2 0
-953.5 2658.5 1359.2 0

-953.5 -2658.5 1376.19 0
-953.5 2658.5 1376.19 0

-953.5 -2658.5 1359.2 0
-953.5 -2658.5 1376.19 0

-953.5 2658.5 1359.2 0
-953.5 2658.5 1376.19 0

-940.5 -2658.5 1376.19 0
-940.5 2658.5 1376.19 0

-940.5 -2658.5 1359.2 0
-940.5 2658.5 1359.2 0

-940.5 -2658.5 1376.19 0
-940.5 -2658.5 1359.2 0

-940.5 2658.5 1376.19 0
-940.5 2658.5 1359.2 0

-940.5 -2658.5 1359.2 0
-953.5 -2658.5 1359.2 0

-940.5 -2658.5 1376.19 0
-953.5 -2658.5 1376.19 0

-940.5 -2658.5 1359.2 0
-940.5 -2658.5 1376.19 0

-953.5 -2658.5 1359.2 0
-953.5 -2658.5 1376.19 0

-940.5 2658.5 1376.19 0
-953.5 2658.5 1376.19 0

-940.5 2658.5 1359.2 0
-953.5 2658.5 1359.2 0

-940.5 2658.5 1376.19 0
-940.5 2658.5 1359.2 0

-953.5 2658.5 1376.19 0
-953.5 2658.5 1359.2 0

-940.5 -2658.5 1376.19 0
-940.5 0 1376.19 0

-940.5 0 1376.19 0
-940.5 1329.25 1376.19 0
-940.5 2658.5 1376.19 0

-940.5 2658.5 1376.19 0

-953.5 -2658.5 1376.19 0
-953.5 2658.5 1376.19 0

-940.5 -2658.5 1376.19 0
-953.5 -2658.5 1376.19 0

-940.5 2658.5 1376.19 0
-953.5 2658.5 1376.19 0

-953.5 -2658.5 1393.18 0
-953.5 2658.5 1393.18 0

-940.5 -2658.5 1393.18 0
-940.5 2658.5 1393.18 0

-953.5 -2658.5 1393.18 0
-940.5 -2658.5 1393.18 0

-953.5 2658.5 1393.18 0
-940.5 2658.5 1393.18 0

-953.5 -2658.5 1376.19 0
-953.5 2658.5 1376.19 0

-953.5 -2658.5 1393.18 0
-953.5 2658.5 1393.18 0

-953.5 -2658.5 1376.19 0
-953.5 -2658.5 1393.18 0

-953.5 2658.5 1376.19 0
-953.5 2658.5 1393.18 0

-940.5 -2658.5 1393.18 0
-940.5 2658.5 1393.18 0

-940.5 -2658.5 1376.19 0
-940.5 2658.5 1376.19 0

-940.5 -2658.5 1393.18 0
-940.5 -2658.5 1376.19 0

-940.5 2658.5 1393.18 0
-940.5 2658.5 1376.19 0

-940.5 -2658.5 1376.19 0
-953.5 -2658.5 1376.19 0

-940.5 -2658.5 1393.18 0
-953.5 -2658.5 1393.18 0

-940.5 -2658.5 1376.19 0
-940.5 -2658.5 1393.18 0

-953.5 -2658.5 1376.19 0
-953.5 -2658.5 1393.18 0

-940.5 2658.5 1393.18 0
-953.5 2658.5 1393.18 0

-940.5 2658.5 1376.19 0
-953.5 2658.5 1376.19 0

-940.5 2658.5 1393.18 0
-940.5 2658.5 1376.19 0

-953.5 2658.5 1393.18 0
-953.5 2658.5 1376.19 0

-940.5 -2658.5 1393.18 0
-940.5 0 1393.18 0

-940.5 0 1393.18 0
-940.5 1329.25 1393.18 0
-940.5 2658.5 1393.18 0

-940.5 2658.5 1393.18 0

-953.5 -2658.5 1393.18 0
-953.5 2658.5 1393.18 0

-940.5 -2658.5 1393.18 0
-953.5 -2658.5 1393.18 0

-940.5 2658.5 1393.18 0
-953.5 2658.5 1393.18 0

-953.5 -2658.5 1410.17 0
-953.5 2658.5 1410.17 0

-940.5 -2658.5 1410.17 0
-940.5 2658.5 1410.17 0

-953.5 -2658.5 1410.17 0
-940.5 -2658.5 1410.17 0

-953.5 2658.5 1410.17 0
-940.5 2658.5 1410.17 0

-953.5 -2658.5 1393.18 0
-953.5 2658.5 1393.18 0

-953.5 -2658.5 1410.17 0
-953.5 2658.5 1410.17 0

-953.5 -2658.5 1393.18 0
-953.5 -2658.5 1410.17 0

-953.5 2658.5 1393.18 0
-953.5 2658.5 1410.17 0

-940.5 -2658.5 1410.17 0
-940.5 2658.5 1410.17 0

-940.5 -2658.5 1393.18 0
-940.5 2658.5 1393.18 0

-940.5 -2658.5 1410.17 0
-940.5 -2658.5 1393.18 0

-940.5 2658.5 1410.17 0
-940.5 2658.5 1393.18 0

-940.5 -2658.5 1393.18 0
-953.5 -2658.5 1393.18 0

-940.5 -2658.5 1410.17 0
-953.5 -2658.5 1410.17 0

-940.5 -2658.5 1393.18 0
-940.5 -2658.5 1410.17 0

-953.5 -2658.5 1393.18 0
-953.5 -2658.5 1410.17 0

-940.5 2658.5 1410.17 0
-953.5 2658.5 1410.17 0

-940.5 2658.5 1393.18 0
-953.5 2658.5 1393.18 0

-940.5 2658.5 1410.17 0
-940.5 2658.5 1393.18 0

-953.5 2658.5 1410.17 0
-953.5 2658.5 1393.18 0

-940.5 -2658.5 1410.17 0
-940.5 0 1410.17 0

-940.5 0 1410.17 0
-940.5 1329.25 1410.17 0
-940.5 2658.5 1410.17 0

-940.5 2658.5 1410.17 0

-953.5 -2658.5 1410.17 0
-953.5 2658.5 1410.17 0

-940.5 -2658.5 1410.17 0
-953.5 -2658.5 1410.17 0

-940.5 2658.5 1410.17 0
-953.5 2658.5 1410.17 0

-953.5 -2658.5 1427.16 0
-953.5 2658.5 1427.16 0

-940.5 -2658.5 1427.16 0
-940.5 2658.5 1427.16 0

-953.5 -2658.5 1427.16 0
-940.5 -2658.5 1427.16 0

-953.5 2658.5 1427.16 0
-940.5 2658.5 1427.16 0

-953.5 -2658.5 1410.17 0
-953.5 2658.5 1410.17 0

-953.5 -2658.5 1427.16 0
-953.5 2658.5 1427.16 0

-953.5 -2658.5 1410.17 0
-953.5 -2658.5 1427.16 0

-953.5 2658.5 1410.17 0
-953.5 2658.5 1427.16 0

-940.5 -2658.5 1427.16 0
-940.5 2658.5 1427.16 0

-940.5 -2658.5 1410.17 0
-940.5 2658.5 1410.17 0

-940.5 -2658.5 1427.16 0
-940.5 -2658.5 1410.17 0

-940.5 2658.5 1427.16 0
-940.5 2658.5 1410.17 0

-940.5 -2658.5 1410.17 0
-953.5 -2658.5 1410.17 0

-940.5 -2658.5 1427.16 0
-953.5 -2658.5 1427.16 0

-940.5 -2658.5 1410.17 0
-940.5 -2658.5 1427.16 0

-953.5 -2658.5 1410.17 0
-953.5 -2658.5 1427.16 0

-940.5 2658.5 1427.16 0
-953.5 2658.5 1427.16 0

-940.5 2658.5 1410.17 0
-953.5 2658.5 1410.17 0

-940.5 2658.5 1427.16 0
-940.5 2658.5 1410.17 0

-953.5 2658.5 1427.16 0
-953.5 2658.5 1410.17 0

-940.5 -2658.5 1427.16 0
-940.5 0 1427.16 0

-940.5 0 1427.16 0
-940.5 1329.25 1427.16 0
-940.5 2658.5 1427.16 0

-940.5 2658.5 1427.16 0

-953.5 -2658.5 1427.16 0
-953.5 2658.5 1427.16 0

-940.5 -2658.5 1427.16 0
-953.5 -2658.5 1427.16 0

-940.5 2658.5 1427.16 0
-953.5 2658.5 1427.16 0

-953.5 -2658.5 1444.15 0
-953.5 2658.5 1444.15 0

-940.5 -2658.5 1444.15 0
-940.5 2658.5 1444.15 0

-953.5 -2658.5 1444.15 0
-940.5 -2658.5 1444.15 0

-953.5 2658.5 1444.15 0
-940.5 2658.5 1444.15 0

-953.5 -2658.5 1427.16 0
-953.5 2658.5 1427.16 0

-953.5 -2658.5 1444.15 0
-953.5 2658.5 1444.15 0

-953.5 -2658.5 1427.16 0
-953.5 -2658.5 1444.15 0

-953.5 2658.5 1427.16 0
-953.5 2658.5 1444.15 0

-940.5 -2658.5 1444.15 0
-940.5 2658.5 1444.15 0

-940.5 -2658.5 1427.16 0
-940.5 2658.5 1427.16 0

-940.5 -2658.5 1444.15 0
-940.5 -2658.5 1427.16 0

-940.5 2658.5 1444.15 0
-940.5 2658.5 1427.16 0

-940.5 -2658.5 1427.16 0
-953.5 -2658.5 1427.16 0

-940.5 -2658.5 1444.15 0
-953.5 -2658.5 1444.15 0

-940.5 -2658.5 1427.16 0
-940.5 -2658.5 1444.15 0

-953.5 -2658.5 1427.16 0
-953.5 -2658.5 1444.15 0

-940.5 2658.5 1444.15 0
-953.5 2658.5 1444.15 0

-940.5 2658.5 1427.16 0
-953.5 2658.5 1427.16 0

-940.5 2658.5 1444.15 0
-940.5 2658.5 1427.16 0

-953.5 2658.5 1444.15 0
-953.5 2658.5 1427.16 0

-940.5 -2658.5 1444.15 0
-940.5 0 1444.15 0

-940.5 0 1444.15 0
-940.5 1329.25 1444.15 0
-940.5 2658.5 1444.15 0

-940.5 2658.5 1444.15 0

-953.5 -2658.5 1444.15 0
-953.5 2658.5 1444.15 0

-940.5 -2658.5 1444.15 0
-953.5 -2658.5 1444.15 0

-940.5 2658.5 1444.15 0
-953.5 2658.5 1444.15 0

-953.5 -2658.5 1461.14 0
-953.5 2658.5 1461.14 0

-940.5 -2658.5 1461.14 0
-940.5 2658.5 1461.14 0

-953.5 -2658.5 1461.14 0
-940.5 -2658.5 1461.14 0

-953.5 2658.5 1461.14 0
-940.5 2658.5 1461.14 0

-953.5 -2658.5 1444.15 0
-953.5 2658.5 1444.15 0

-953.5 -2658.5 1461.14 0
-953.5 2658.5 1461.14 0

-953.5 -2658.5 1444.15 0
-953.5 -2658.5 1461.14 0

-953.5 2658.5 1444.15 0
-953.5 2658.5 1461.14 0

-940.5 -2658.5 1461.14 0
-940.5 2658.5 1461.14 0

-940.5 -2658.5 1444.15 0
-940.5 2658.5 1444.15 0

-940.5 -2658.5 1461.14 0
-940.5 -2658.5 1444.15 0

-940.5 2658.5 1461.14 0
-940.5 2658.5 1444.15 0

-940.5 -2658.5 1444.15 0
-953.5 -2658.5 1444.15 0

-940.5 -2658.5 1461.14 0
-953.5 -2658.5 1461.14 0

-940.5 -2658.5 1444.15 0
-940.5 -2658.5 1461.14 0

-953.5 -2658.5 1444.15 0
-953.5 -2658.5 1461.14 0

-940.5 2658.5 1461.14 0
-953.5 2658.5 1461.14 0

-940.5 2658.5 1444.15 0
-953.5 2658.5 1444.15 0

-940.5 2658.5 1461.14 0
-940.5 2658.5 1444.15 0

-953.5 2658.5 1461.14 0
-953.5 2658.5 1444.15 0

-940.5 -2658.5 1461.14 0
-940.5 0 1461.14 0

-940.5 0 1461.14 0
-940.5 1329.25 1461.14 0
-940.5 2658.5 1461.14 0

-940.5 2658.5 1461.14 0

-953.5 -2658.5 1461.14 0
-953.5 2658.5 1461.14 0

-940.5 -2658.5 1461.14 0
-953.5 -2658.5 1461.14 0

-940.5 2658.5 1461.14 0
-953.5 2658.5 1461.14 0

-953.5 -2658.5 1478.13 0
-953.5 2658.5 1478.13 0

-940.5 -2658.5 1478.13 0
-940.5 2658.5 1478.13 0

-953.5 -2658.5 1478.13 0
-940.5 -2658.5 1478.13 0

-953.5 2658.5 1478.13 0
-940.5 2658.5 1478.13 0

-953.5 -2658.5 1461.14 0
-953.5 2658.5 1461.14 0

-953.5 -2658.5 1478.13 0
-953.5 2658.5 1478.13 0

-953.5 -2658.5 1461.14 0
-953.5 -2658.5 1478.13 0

-953.5 2658.5 1461.14 0
-953.5 2658.5 1478.13 0

-940.5 -2658.5 1478.13 0
-940.5 2658.5 1478.13 0

-940.5 -2658.5 1461.14 0
-940.5 2658.5 1461.14 0

-940.5 -2658.5 1478.13 0
-940.5 -2658.5 1461.14 0

-940.5 2658.5 1478.13 0
-940.5 2658.5 1461.14 0

-940.5 -2658.5 1461.14 0
-953.5 -2658.5 1461.14 0

-940.5 -2658.5 1478.13 0
-953.5 -2658.5 1478.13 0

-940.5 -2658.5 1461.14 0
-940.5 -2658.5 1478.13 0

-953.5 -2658.5 1461.14 0
-953.5 -2658.5 1478.13 0

-940.5 2658.5 1478.13 0
-953.5 2658.5 1478.13 0

-940.5 2658.5 1461.14 0
-953.5 2658.5 1461.14 0

-940.5 2658.5 1478.13 0
-940.5 2658.5 1461.14 0

-953.5 2658.5 1478.13 0
-953.5 2658.5 1461.14 0

-940.5 -2658.5 1478.13 0
-940.5 0 1478.13 0

-940.5 0 1478.13 0
-940.5 1329.25 1478.13 0
-940.5 2658.5 1478.13 0

-940.5 2658.5 1478.13 0

-953.5 -2658.5 1478.13 0
-953.5 2658.5 1478.13 0

-940.5 -2658.5 1478.13 0
-953.5 -2658.5 1478.13 0

-940.5 2658.5 1478.13 0
-953.5 2658.5 1478.13 0

-953.5 -2658.5 1495.12 0
-953.5 2658.5 1495.12 0

-940.5 -2658.5 1495.12 0
-940.5 2658.5 1495.12 0

-953.5 -2658.5 1495.12 0
-940.5 -2658.5 1495.12 0

-953.5 2658.5 1495.12 0
-940.5 2658.5 1495.12 0

-953.5 -2658.5 1478.13 0
-953.5 2658.5 1478.13 0

-953.5 -2658.5 1495.12 0
-953.5 2658.5 1495.12 0

-953.5 -2658.5 1478.13 0
-953.5 -2658.5 1495.12 0

-953.5 2658.5 1478.13 0
-953.5 2658.5 1495.12 0

-940.5 -2658.5 1495.12 0
-940.5 2658.5 1495.12 0

-940.5 -2658.5 1478.13 0
-940.5 2658.5 1478.13 0

-940.5 -2658.5 1495.12 0
-940.5 -2658.5 1478.13 0

-940.5 2658.5 1495.12 0
-940.5 2658.5 1478.13 0

-940.5 -2658.5 1478.13 0
-953.5 -2658.5 1478.13 0

-940.5 -2658.5 1495.12 0
-953.5 -2658.5 1495.12 0

-940.5 -2658.5 1478.13 0
-940.5 -2658.5 1495.12 0

-953.5 -2658.5 1478.13 0
-953.5 -2658.5 1495.12 0

-940.5 2658.5 1495.12 0
-953.5 2658.5 1495.12 0

-940.5 2658.5 1478.13 0
-953.5 2658.5 1478.13 0

-940.5 2658.5 1495.12 0
-940.5 2658.5 1478.13 0

-953.5 2658.5 1495.12 0
-953.5 2658.5 1478.13 0

-940.5 -2658.5 1495.12 0
-940.5 0 1495.12 0

-940.5 0 1495.12 0
-940.5 1329.25 1495.12 0
-940.5 2658.5 1495.12 0

-940.5 2658.5 1495.12 0

-953.5 -2658.5 1495.12 0
-953.5 2658.5 1495.12 0

-940.5 -2658.5 1495.12 0
-953.5 -2658.5 1495.12 0

-940.5 2658.5 1495.12 0
-953.5 2658.5 1495.12 0

-953.5 -2658.5 1512.11 0
-953.5 2658.5 1512.11 0

-940.5 -2658.5 1512.11 0
-940.5 2658.5 1512.11 0

-953.5 -2658.5 1512.11 0
-940.5 -2658.5 1512.11 0

-953.5 2658.5 1512.11 0
-940.5 2658.5 1512.11 0

-953.5 -2658.5 1495.12 0
-953.5 2658.5 1495.12 0

-953.5 -2658.5 1512.11 0
-953.5 2658.5 1512.11 0

-953.5 -2658.5 1495.12 0
-953.5 -2658.5 1512.11 0

-953.5 2658.5 1495.12 0
-953.5 2658.5 1512.11 0

-940.5 -2658.5 1512.11 0
-940.5 2658.5 1512.11 0

-940.5 -2658.5 1495.12 0
-940.5 2658.5 1495.12 0

-940.5 -2658.5 1512.11 0
-940.5 -2658.5 1495.12 0

-940.5 2658.5 1512.11 0
-940.5 2658.5 1495.12 0

-940.5 -2658.5 1495.12 0
-953.5 -2658.5 1495.12 0

-940.5 -2658.5 1512.11 0
-953.5 -2658.5 1512.11 0

-940.5 -2658.5 1495.12 0
-940.5 -2658.5 1512.11 0

-953.5 -2658.5 1495.12 0
-953.5 -2658.5 1512.11 0

-940.5 2658.5 1512.11 0
-953.5 2658.5 1512.11 0

-940.5 2658.5 1495.12 0
-953.5 2658.5 1495.12 0

-940.5 2658.5 1512.11 0
-940.5 2658.5 1495.12 0

-953.5 2658.5 1512.11 0
-953.5 2658.5 1495.12 0

-940.5 -2658.5 1512.11 0
-940.5 0 1512.11 0

-940.5 0 1512.11 0
-940.5 1329.25 1512.11 0
-940.5 2658.5 1512.11 0

-940.5 2658.5 1512.11 0

-953.5 -2658.5 1512.11 0
-953.5 2658.5 1512.11 0

-940.5 -2658.5 1512.11 0
-953.5 -2658.5 1512.11 0

-940.5 2658.5 1512.11 0
-953.5 2658.5 1512.11 0

-953.5 -2658.5 1529.1 0
-953.5 2658.5 1529.1 0

-940.5 -2658.5 1529.1 0
-940.5 2658.5 1529.1 0

-953.5 -2658.5 1529.1 0
-940.5 -2658.5 1529.1 0

-953.5 2658.5 1529.1 0
-940.5 2658.5 1529.1 0

-953.5 -2658.5 1512.11 0
-953.5 2658.5 1512.11 0

-953.5 -2658.5 1529.1 0
-953.5 2658.5 1529.1 0

-953.5 -2658.5 1512.11 0
-953.5 -2658.5 1529.1 0

-953.5 2658.5 1512.11 0
-953.5 2658.5 1529.1 0

-940.5 -2658.5 1529.1 0
-940.5 2658.5 1529.1 0

-940.5 -2658.5 1512.11 0
-940.5 2658.5 1512.11 0

-940.5 -2658.5 1529.1 0
-940.5 -2658.5 1512.11 0

-940.5 2658.5 1529.1 0
-940.5 2658.5 1512.11 0

-940.5 -2658.5 1512.11 0
-953.5 -2658.5 1512.11 0

-940.5 -2658.5 1529.1 0
-953.5 -2658.5 1529.1 0

-940.5 -2658.5 1512.11 0
-940.5 -2658.5 1529.1 0

-953.5 -2658.5 1512.11 0
-953.5 -2658.5 1529.1 0

-940.5 2658.5 1529.1 0
-953.5 2658.5 1529.1 0

-940.5 2658.5 1512.11 0
-953.5 2658.5 1512.11 0

-940.5 2658.5 1529.1 0
-940.5 2658.5 1512.11 0

-953.5 2658.5 1529.1 0
-953.5 2658.5 1512.11 0

-940.5 -2658.5 1529.1 0
-940.5 0 1529.1 0

-940.5 0 1529.1 0
-940.5 1329.25 1529.1 0
-940.5 2658.5 1529.1 0

-940.5 2658.5 1529.1 0

-953.5 -2658.5 1529.1 0
-953.5 2658.5 1529.1 0

-940.5 -2658.5 1529.1 0
-953.5 -2658.5 1529.1 0

-940.5 2658.5 1529.1 0
-953.5 2658.5 1529.1 0

-953.5 -2658.5 1546.09 0
-953.5 2658.5 1546.09 0

-940.5 -2658.5 1546.09 0
-940.5 2658.5 1546.09 0

-953.5 -2658.5 1546.09 0
-940.5 -2658.5 1546.09 0

-953.5 2658.5 1546.09 0
-940.5 2658.5 1546.09 0

-953.5 -2658.5 1529.1 0
-953.5 2658.5 1529.1 0

-953.5 -2658.5 1546.09 0
-953.5 2658.5 1546.09 0

-953.5 -2658.5 1529.1 0
-953.5 -2658.5 1546.09 0

-953.5 2658.5 1529.1 0
-953.5 2658.5 1546.09 0

-940.5 -2658.5 1546.09 0
-940.5 2658.5 1546.09 0

-940.5 -2658.5 1529.1 0
-940.5 2658.5 1529.1 0

-940.5 -2658.5 1546.09 0
-940.5 -2658.5 1529.1 0

-940.5 2658.5 1546.09 0
-940.5 2658.5 1529.1 0

-940.5 -2658.5 1529.1 0
-953.5 -2658.5 1529.1 0

-940.5 -2658.5 1546.09 0
-953.5 -2658.5 1546.09 0

-940.5 -2658.5 1529.1 0
-940.5 -2658.5 1546.09 0

-953.5 -2658.5 1529.1 0
-953.5 -2658.5 1546.09 0

-940.5 2658.5 1546.09 0
-953.5 2658.5 1546.09 0

-940.5 2658.5 1529.1 0
-953.5 2658.5 1529.1 0

-940.5 2658.5 1546.09 0
-940.5 2658.5 1529.1 0

-953.5 2658.5 1546.09 0
-953.5 2658.5 1529.1 0

-940.5 -2658.5 1546.09 0
-940.5 0 1546.09 0

-940.5 0 1546.09 0
-940.5 1329.25 1546.09 0
-940.5 2658.5 1546.09 0

-940.5 2658.5 1546.09 0

-953.5 -2658.5 1546.09 0
-953.5 2658.5 1546.09 0

-940.5 -2658.5 1546.09 0
-953.5 -2658.5 1546.09 0

-940.5 2658.5 1546.09 0
-953.5 2658.5 1546.09 0

-953.5 -2658.5 1563.08 0
-953.5 2658.5 1563.08 0

-940.5 -2658.5 1563.08 0
-940.5 2658.5 1563.08 0

-953.5 -2658.5 1563.08 0
-940.5 -2658.5 1563.08 0

-953.5 2658.5 1563.08 0
-940.5 2658.5 1563.08 0

-953.5 -2658.5 1546.09 0
-953.5 2658.5 1546.09 0

-953.5 -2658.5 1563.08 0
-953.5 2658.5 1563.08 0

-953.5 -2658.5 1546.09 0
-953.5 -2658.5 1563.08 0

-953.5 2658.5 1546.09 0
-953.5 2658.5 1563.08 0

-940.5 -2658.5 1563.08 0
-940.5 2658.5 1563.08 0

-940.5 -2658.5 1546.09 0
-940.5 2658.5 1546.09 0

-940.5 -2658.5 1563.08 0
-940.5 -2658.5 1546.09 0

-940.5 2658.5 1563.08 0
-940.5 2658.5 1546.09 0

-940.5 -2658.5 1546.09 0
-953.5 -2658.5 1546.09 0

-940.5 -2658.5 1563.08 0
-953.5 -2658.5 1563.08 0

-940.5 -2658.5 1546.09 0
-940.5 -2658.5 1563.08 0

-953.5 -2658.5 1546.09 0
-953.5 -2658.5 1563.08 0

-940.5 2658.5 1563.08 0
-953.5 2658.5 1563.08 0

-940.5 2658.5 1546.09 0
-953.5 2658.5 1546.09 0

-940.5 2658.5 1563.08 0
-940.5 2658.5 1546.09 0

-953.5 2658.5 1563.08 0
-953.5 2658.5 1546.09 0

-940.5 -2658.5 1563.08 0
-940.5 0 1563.08 0

-940.5 0 1563.08 0
-940.5 1329.25 1563.08 0
-940.5 2658.5 1563.08 0

-940.5 2658.5 1563.08 0

-953.5 -2658.5 1563.08 0
-953.5 2658.5 1563.08 0

-940.5 -2658.5 1563.08 0
-953.5 -2658.5 1563.08 0

-940.5 2658.5 1563.08 0
-953.5 2658.5 1563.08 0

-953.5 -2658.5 1580.07 0
-953.5 2658.5 1580.07 0

-940.5 -2658.5 1580.07 0
-940.5 2658.5 1580.07 0

-953.5 -2658.5 1580.07 0
-940.5 -2658.5 1580.07 0

-953.5 2658.5 1580.07 0
-940.5 2658.5 1580.07 0

-953.5 -2658.5 1563.08 0
-953.5 2658.5 1563.08 0

-953.5 -2658.5 1580.07 0
-953.5 2658.5 1580.07 0

-953.5 -2658.5 1563.08 0
-953.5 -2658.5 1580.07 0

-953.5 2658.5 1563.08 0
-953.5 2658.5 1580.07 0

-940.5 -2658.5 1580.07 0
-940.5 2658.5 1580.07 0

-940.5 -2658.5 1563.08 0
-940.5 2658.5 1563.08 0

-940.5 -2658.5 1580.07 0
-940.5 -2658.5 1563.08 0

-940.5 2658.5 1580.07 0
-940.5 2658.5 1563.08 0

-940.5 -2658.5 1563.08 0
-953.5 -2658.5 1563.08 0

-940.5 -2658.5 1580.07 0
-953.5 -2658.5 1580.07 0

-940.5 -2658.5 1563.08 0
-940.5 -2658.5 1580.07 0

-953.5 -2658.5 1563.08 0
-953.5 -2658.5 1580.07 0

-940.5 2658.5 1580.07 0
-953.5 2658.5 1580.07 0

-940.5 2658.5 1563.08 0
-953.5 2658.5 1563.08 0

-940.5 2658.5 1580.07 0
-940.5 2658.5 1563.08 0

-953.5 2658.5 1580.07 0
-953.5 2658.5 1563.08 0

-940.5 -2658.5 1580.07 0
-940.5 0 1580.07 0

-940.5 0 1580.07 0
-940.5 1329.25 1580.07 0
-940.5 2658.5 1580.07 0

-940.5 2658.5 1580.07 0

-953.5 -2658.5 1580.07 0
-953.5 2658.5 1580.07 0

-940.5 -2658.5 1580.07 0
-953.5 -2658.5 1580.07 0

-940.5 2658.5 1580.07 0
-953.5 2658.5 1580.07 0

-953.5 -2658.5 1597.06 0
-953.5 2658.5 1597.06 0

-940.5 -2658.5 1597.06 0
-940.5 2658.5 1597.06 0

-953.5 -2658.5 1597.06 0
-940.5 -2658.5 1597.06 0

-953.5 2658.5 1597.06 0
-940.5 2658.5 1597.06 0

-953.5 -2658.5 1580.07 0
-953.5 2658.5 1580.07 0

-953.5 -2658.5 1597.06 0
-953.5 2658.5 1597.06 0

-953.5 -2658.5 1580.07 0
-953.5 -2658.5 1597.06 0

-953.5 2658.5 1580.07 0
-953.5 2658.5 1597.06 0

-940.5 -2658.5 1597.06 0
-940.5 2658.5 1597.06 0

-940.5 -2658.5 1580.07 0
-940.5 2658.5 1580.07 0

-940.5 -2658.5 1597.06 0
-940.5 -2658.5 1580.07 0

-940.5 2658.5 1597.06 0
-940.5 2658.5 1580.07 0

-940.5 -2658.5 1580.07 0
-953.5 -2658.5 1580.07 0

-940.5 -2658.5 1597.06 0
-953.5 -2658.5 1597.06 0

-940.5 -2658.5 1580.07 0
-940.5 -2658.5 1597.06 0

-953.5 -2658.5 1580.07 0
-953.5 -2658.5 1597.06 0

-940.5 2658.5 1597.06 0
-953.5 2658.5 1597.06 0

-940.5 2658.5 1580.07 0
-953.5 2658.5 1580.07 0

-940.5 2658.5 1597.06 0
-940.5 2658.5 1580.07 0

-953.5 2658.5 1597.06 0
-953.5 2658.5 1580.07 0

-940.5 -2658.5 1597.06 0
-940.5 0 1597.06 0

-940.5 0 1597.06 0
-940.5 1329.25 1597.06 0
-940.5 2658.5 1597.06 0

-940.5 2658.5 1597.06 0

-953.5 -2658.5 1597.06 0
-953.5 2658.5 1597.06 0

-940.5 -2658.5 1597.06 0
-953.5 -2658.5 1597.06 0

-940.5 2658.5 1597.06 0
-953.5 2658.5 1597.06 0

-953.5 -2658.5 1614.05 0
-953.5 2658.5 1614.05 0

-940.5 -2658.5 1614.05 0
-940.5 2658.5 1614.05 0

-953.5 -2658.5 1614.05 0
-940.5 -2658.5 1614.05 0

-953.5 2658.5 1614.05 0
-940.5 2658.5 1614.05 0

-953.5 -2658.5 1597.06 0
-953.5 2658.5 1597.06 0

-953.5 -2658.5 1614.05 0
-953.5 2658.5 1614.05 0

-953.5 -2658.5 1597.06 0
-953.5 -2658.5 1614.05 0

-953.5 2658.5 1597.06 0
-953.5 2658.5 1614.05 0

-940.5 -2658.5 1614.05 0
-940.5 2658.5 1614.05 0

-940.5 -2658.5 1597.06 0
-940.5 2658.5 1597.06 0

-940.5 -2658.5 1614.05 0
-940.5 -2658.5 1597.06 0

-940.5 2658.5 1614.05 0
-940.5 2658.5 1597.06 0

-940.5 -2658.5 1597.06 0
-953.5 -2658.5 1597.06 0

-940.5 -2658.5 1614.05 0
-953.5 -2658.5 1614.05 0

-940.5 -2658.5 1597.06 0
-940.5 -2658.5 1614.05 0

-953.5 -2658.5 1597.06 0
-953.5 -2658.5 1614.05 0

-940.5 2658.5 1614.05 0
-953.5 2658.5 1614.05 0

-940.5 2658.5 1597.06 0
-953.5 2658.5 1597.06 0

-940.5 2658.5 1614.05 0
-940.5 2658.5 1597.06 0

-953.5 2658.5 1614.05 0
-953.5 2658.5 1597.06 0

-940.5 -2658.5 1614.05 0
-940.5 0 1614.05 0

-940.5 0 1614.05 0
-940.5 1329.25 1614.05 0
-940.5 2658.5 1614.05 0

-940.5 2658.5 1614.05 0

-953.5 -2658.5 1614.05 0
-953.5 2658.5 1614.05 0

-940.5 -2658.5 1614.05 0
-953.5 -2658.5 1614.05 0

-940.5 2658.5 1614.05 0
-953.5 2658.5 1614.05 0

-953.5 -2658.5 1631.04 0
-953.5 2658.5 1631.04 0

-940.5 -2658.5 1631.04 0
-940.5 2658.5 1631.04 0

-953.5 -2658.5 1631.04 0
-940.5 -2658.5 1631.04 0

-953.5 2658.5 1631.04 0
-940.5 2658.5 1631.04 0

-953.5 -2658.5 1614.05 0
-953.5 2658.5 1614.05 0

-953.5 -2658.5 1631.04 0
-953.5 2658.5 1631.04 0

-953.5 -2658.5 1614.05 0
-953.5 -2658.5 1631.04 0

-953.5 2658.5 1614.05 0
-953.5 2658.5 1631.04 0

-940.5 -2658.5 1631.04 0
-940.5 2658.5 1631.04 0

-940.5 -2658.5 1614.05 0
-940.5 2658.5 1614.05 0

-940.5 -2658.5 1631.04 0
-940.5 -2658.5 1614.05 0

-940.5 2658.5 1631.04 0
-940.5 2658.5 1614.05 0

-940.5 -2658.5 1614.05 0
-953.5 -2658.5 1614.05 0

-940.5 -2658.5 1631.04 0
-953.5 -2658.5 1631.04 0

-940.5 -2658.5 1614.05 0
-940.5 -2658.5 1631.04 0

-953.5 -2658.5 1614.05 0
-953.5 -2658.5 1631.04 0

-940.5 2658.5 1631.04 0
-953.5 2658.5 1631.04 0

-940.5 2658.5 1614.05 0
-953.5 2658.5 1614.05 0

-940.5 2658.5 1631.04 0
-940.5 2658.5 1614.05 0

-953.5 2658.5 1631.04 0
-953.5 2658.5 1614.05 0

-940.5 -2658.5 1631.04 0
-940.5 0 1631.04 0

-940.5 0 1631.04 0
-940.5 1329.25 1631.04 0
-940.5 2658.5 1631.04 0

-940.5 2658.5 1631.04 0

-953.5 -2658.5 1631.04 0
-953.5 2658.5 1631.04 0

-940.5 -2658.5 1631.04 0
-953.5 -2658.5 1631.04 0

-940.5 2658.5 1631.04 0
-953.5 2658.5 1631.04 0

-953.5 -2658.5 1648.03 0
-953.5 2658.5 1648.03 0

-940.5 -2658.5 1648.03 0
-940.5 2658.5 1648.03 0

-953.5 -2658.5 1648.03 0
-940.5 -2658.5 1648.03 0

-953.5 2658.5 1648.03 0
-940.5 2658.5 1648.03 0

-953.5 -2658.5 1631.04 0
-953.5 2658.5 1631.04 0

-953.5 -2658.5 1648.03 0
-953.5 2658.5 1648.03 0

-953.5 -2658.5 1631.04 0
-953.5 -2658.5 1648.03 0

-953.5 2658.5 1631.04 0
-953.5 2658.5 1648.03 0

-940.5 -2658.5 1648.03 0
-940.5 2658.5 1648.03 0

-940.5 -2658.5 1631.04 0
-940.5 2658.5 1631.04 0

-940.5 -2658.5 1648.03 0
-940.5 -2658.5 1631.04 0

-940.5 2658.5 1648.03 0
-940.5 2658.5 1631.04 0

-940.5 -2658.5 1631.04 0
-953.5 -2658.5 1631.04 0

-940.5 -2658.5 1648.03 0
-953.5 -2658.5 1648.03 0

-940.5 -2658.5 1631.04 0
-940.5 -2658.5 1648.03 0

-953.5 -2658.5 1631.04 0
-953.5 -2658.5 1648.03 0

-940.5 2658.5 1648.03 0
-953.5 2658.5 1648.03 0

-940.5 2658.5 1631.04 0
-953.5 2658.5 1631.04 0

-940.5 2658.5 1648.03 0
-940.5 2658.5 1631.04 0

-953.5 2658.5 1648.03 0
-953.5 2658.5 1631.04 0

-940.5 -2658.5 1648.03 0
-940.5 0 1648.03 0

-940.5 0 1648.03 0
-940.5 1329.25 1648.03 0
-940.5 2658.5 1648.03 0

-940.5 2658.5 1648.03 0

-953.5 -2658.5 1648.03 0
-953.5 2658.5 1648.03 0

-940.5 -2658.5 1648.03 0
-953.5 -2658.5 1648.03 0

-940.5 2658.5 1648.03 0
-953.5 2658.5 1648.03 0

-953.5 -2658.5 1665.02 0
-953.5 2658.5 1665.02 0

-940.5 -2658.5 1665.02 0
-940.5 2658.5 1665.02 0

-953.5 -2658.5 1665.02 0
-940.5 -2658.5 1665.02 0

-953.5 2658.5 1665.02 0
-940.5 2658.5 1665.02 0

-953.5 -2658.5 1648.03 0
-953.5 2658.5 1648.03 0

-953.5 -2658.5 1665.02 0
-953.5 2658.5 1665.02 0

-953.5 -2658.5 1648.03 0
-953.5 -2658.5 1665.02 0

-953.5 2658.5 1648.03 0
-953.5 2658.5 1665.02 0

-940.5 -2658.5 1665.02 0
-940.5 2658.5 1665.02 0

-940.5 -2658.5 1648.03 0
-940.5 2658.5 1648.03 0

-940.5 -2658.5 1665.02 0
-940.5 -2658.5 1648.03 0

-940.5 2658.5 1665.02 0
-940.5 2658.5 1648.03 0

-940.5 -2658.5 1648.03 0
-953.5 -2658.5 1648.03 0

-940.5 -2658.5 1665.02 0
-953.5 -2658.5 1665.02 0

-940.5 -2658.5 1648.03 0
-940.5 -2658.5 1665.02 0

-953.5 -2658.5 1648.03 0
-953.5 -2658.5 1665.02 0

-940.5 2658.5 1665.02 0
-953.5 2658.5 1665.02 0

-940.5 2658.5 1648.03 0
-953.5 2658.5 1648.03 0

-940.5 2658.5 1665.02 0
-940.5 2658.5 1648.03 0

-953.5 2658.5 1665.02 0
-953.5 2658.5 1648.03 0

-940.5 -2658.5 1665.02 0
-940.5 0 1665.02 0

-940.5 0 1665.02 0
-940.5 1329.25 1665.02 0
-940.5 2658.5 1665.02 0

-940.5 2658.5 1665.02 0

-953.5 -2658.5 1665.02 0
-953.5 2658.5 1665.02 0

-940.5 -2658.5 1665.02 0
-953.5 -2658.5 1665.02 0

-940.5 2658.5 1665.02 0
-953.5 2658.5 1665.02 0

-953.5 -2658.5 1682.01 0
-953.5 2658.5 1682.01 0

-940.5 -2658.5 1682.01 0
-940.5 2658.5 1682.01 0

-953.5 -2658.5 1682.01 0
-940.5 -2658.5 1682.01 0

-953.5 2658.5 1682.01 0
-940.5 2658.5 1682.01 0

-953.5 -2658.5 1665.02 0
-953.5 2658.5 1665.02 0

-953.5 -2658.5 1682.01 0
-953.5 2658.5 1682.01 0

-953.5 -2658.5 1665.02 0
-953.5 -2658.5 1682.01 0

-953.5 2658.5 1665.02 0
-953.5 2658.5 1682.01 0

-940.5 -2658.5 1682.01 0
-940.5 2658.5 1682.01 0

-940.5 -2658.5 1665.02 0
-940.5 2658.5 1665.02 0

-940.5 -2658.5 1682.01 0
-940.5 -2658.5 1665.02 0

-940.5 2658.5 1682.01 0
-940.5 2658.5 1665.02 0

-940.5 -2658.5 1665.02 0
-953.5 -2658.5 1665.02 0

-940.5 -2658.5 1682.01 0
-953.5 -2658.5 1682.01 0

-940.5 -2658.5 1665.02 0
-940.5 -2658.5 1682.01 0

-953.5 -2658.5 1665.02 0
-953.5 -2658.5 1682.01 0

-940.5 2658.5 1682.01 0
-953.5 2658.5 1682.01 0

-940.5 2658.5 1665.02 0
-953.5 2658.5 1665.02 0

-940.5 2658.5 1682.01 0
-940.5 2658.5 1665.02 0

-953.5 2658.5 1682.01 0
-953.5 2658.5 1665.02 0

-940.5 -2658.5 1682.01 0
-940.5 0 1682.01 0

-940.5 0 1682.01 0
-940.5 1329.25 1682.01 0
-940.5 2658.5 1682.01 0

-940.5 2658.5 1682.01 0

-953.5 -2658.5 1682.01 0
-953.5 2658.5 1682.01 0

-940.5 -2658.5 1682.01 0
-953.5 -2658.5 1682.01 0

-940.5 2658.5 1682.01 0
-953.5 2658.5 1682.01 0

-953.5 -2658.5 1699 0
-953.5 2658.5 1699 0

-940.5 -2658.5 1699 0
-940.5 2658.5 1699 0

-953.5 -2658.5 1699 0
-940.5 -2658.5 1699 0

-953.5 2658.5 1699 0
-940.5 2658.5 1699 0

-953.5 -2658.5 1682.01 0
-953.5 2658.5 1682.01 0

-953.5 -2658.5 1699 0
-953.5 2658.5 1699 0

-953.5 -2658.5 1682.01 0
-953.5 -2658.5 1699 0

-953.5 2658.5 1682.01 0
-953.5 2658.5 1699 0

-940.5 -2658.5 1699 0
-940.5 2658.5 1699 0

-940.5 -2658.5 1682.01 0
-940.5 2658.5 1682.01 0

-940.5 -2658.5 1699 0
-940.5 -2658.5 1682.01 0

-940.5 2658.5 1699 0
-940.5 2658.5 1682.01 0

-940.5 -2658.5 1682.01 0
-953.5 -2658.5 1682.01 0

-940.5 -2658.5 1699 0
-953.5 -2658.5 1699 0

-940.5 -2658.5 1682.01 0
-940.5 -2658.5 1699 0

-953.5 -2658.5 1682.01 0
-953.5 -2658.5 1699 0

-940.5 2658.5 1699 0
-953.5 2658.5 1699 0

-940.5 2658.5 1682.01 0
-953.5 2658.5 1682.01 0

-940.5 2658.5 1699 0
-940.5 2658.5 1682.01 0

-953.5 2658.5 1699 0
-953.5 2658.5 1682.01 0

-953.5 -2658.5 -1698.5 0
-953.5 0 -1698.5 0

-953.5 0 -1698.5 0
-953.5 1329.25 -1698.5 0
-953.5 2658.5 -1698.5 0

-953.5 2658.5 -1698.5 0

-979.5 -2658.5 -1698.5 0
-979.5 2658.5 -1698.5 0

-953.5 -2658.5 -1698.5 0
-979.5 -2658.5 -1698.5 0

-953.5 2658.5 -1698.5 0
-979.5 2658.5 -1698.5 0

-979.5 -2658.5 1698.5 0
-979.5 2658.5 1698.5 0

-953.5 -2658.5 1698.5 0
-953.5 2658.5 1698.5 0

-979.5 -2658.5 1698.5 0
-953.5 -2658.5 1698.5 0

-979.5 2658.5 1698.5 0
-953.5 2658.5 1698.5 0

-979.5 -2658.5 -1698.5 0
-979.5 2658.5 -1698.5 0

-979.5 -2658.5 1698.5 0
-979.5 2658.5 1698.5 0

-979.5 -2658.5 -1698.5 0
-979.5 -2658.5 1698.5 0

-979.5 2658.5 -1698.5 0
-979.5 2658.5 1698.5 0

-953.5 -2658.5 1698.5 0
-953.5 2658.5 1698.5 0

-953.5 -2658.5 -1698.5 0
-953.5 2658.5 -1698.5 0

-953.5 -2658.5 1698.5 0
-953.5 -2658.5 -1698.5 0

-953.5 2658.5 1698.5 0
-953.5 2658.5 -1698.5 0

-953.5 -2658.5 -1698.5 0
-979.5 -2658.5 -1698.5 0

-953.5 -2658.5 1698.5 0
-979.5 -2658.5 1698.5 0

-953.5 -2658.5 -1698.5 0
-953.5 -2658.5 1698.5 0

-979.5 -2658.5 -1698.5 0
-979.5 -2658.5 1698.5 0

-953.5 2658.5 1698.5 0
-979.5 2658.5 1698.5 0

-953.5 2658.5 -1698.5 0
-979.5 2658.5 -1698.5 0

-953.5 2658.5 1698.5 0
-953.5 2658.5 -1698.5 0

-979.5 2658.5 1698.5 0
-979.5 2658.5 -1698.5 0

-966.5 -2598 -1698.5 0
-966.5 0 -1698.5 0

-966.5 0 -1698.5 0
-966.5 1299 -1698.5 0
-966.5 2598 -1698.5 0

-966.5 2598 -1698.5 0

-979.5 -2598 -1698.5 0
-979.5 2598 -1698.5 0

-966.5 -2598 -1698.5 0
-979.5 -2598 -1698.5 0

-966.5 2598 -1698.5 0
-979.5 2598 -1698.5 0

-979.5 -2598 1698.5 0
-979.5 2598 1698.5 0

-966.5 -2598 1698.5 0
-966.5 2598 1698.5 0

-979.5 -2598 1698.5 0
-966.5 -2598 1698.5 0

-979.5 2598 1698.5 0
-966.5 2598 1698.5 0

-979.5 -2598 -1698.5 0
-979.5 2598 -1698.5 0

-979.5 -2598 1698.5 0
-979.5 2598 1698.5 0

-979.5 -2598 -1698.5 0
-979.5 -2598 1698.5 0

-979.5 2598 -1698.5 0
-979.5 2598 1698.5 0

-966.5 -2598 1698.5 0
-966.5 2598 1698.5 0

-966.5 -2598 -1698.5 0
-966.5 2598 -1698.5 0

-966.5 -2598 1698.5 0
-966.5 -2598 -1698.5 0

-966.5 2598 1698.5 0
-966.5 2598 -1698.5 0

-966.5 -2598 -1698.5 0
-979.5 -2598 -1698.5 0

-966.5 -2598 1698.5 0
-979.5 -2598 1698.5 0

-966.5 -2598 -1698.5 0
-966.5 -2598 1698.5 0

-979.5 -2598 -1698.5 0
-979.5 -2598 1698.5 0

-966.5 2598 1698.5 0
-979.5 2598 1698.5 0

-966.5 2598 -1698.5 0
-979.5 2598 -1698.5 0

-966.5 2598 1698.5 0
-966.5 2598 -1698.5 0

-979.5 2598 1698.5 0
-979.5 2598 -1698.5 0

-966.5 -2598 -1698.5 0
-966.5 -2381.5 -1698.5 0

-966.5 -2381.5 -1698.5 0
-966.5 -2273.25 -1698.5 0
-966.5 -2165 -1698.5 0

-966.5 -2165 -1698.5 0

-979.5 -2598 -1698.5 0
-979.5 -2165 -1698.5 0

-966.5 -2598 -1698.5 0
-979.5 -2598 -1698.5 0

-966.5 -2165 -1698.5 0
-979.5 -2165 -1698.5 0

-979.5 -2598 1698.5 0
-979.5 -2165 1698.5 0

-966.5 -2598 1698.5 0
-966.5 -2165 1698.5 0

-979.5 -2598 1698.5 0
-966.5 -2598 1698.5 0

-979.5 -2165 1698.5 0
-966.5 -2165 1698.5 0

-979.5 -2598 -1698.5 0
-979.5 -2165 -1698.5 0

-979.5 -2598 1698.5 0
-979.5 -2165 1698.5 0

-979.5 -2598 -1698.5 0
-979.5 -2598 1698.5 0

-979.5 -2165 -1698.5 0
-979.5 -2165 1698.5 0

-966.5 -2598 1698.5 0
-966.5 -2165 1698.5 0

-966.5 -2598 -1698.5 0
-966.5 -2165 -1698.5 0

-966.5 -2598 1698.5 0
-966.5 -2598 -1698.5 0

-966.5 -2165 1698.5 0
-966.5 -2165 -1698.5 0

-966.5 -2598 -1698.5 0
-979.5 -2598 -1698.5 0

-966.5 -2598 1698.5 0
-979.5 -2598 1698.5 0

-966.5 -2598 -1698.5 0
-966.5 -2598 1698.5 0

-979.5 -2598 -1698.5 0
-979.5 -2598 1698.5 0

-966.5 -2165 1698.5 0
-979.5 -2165 1698.5 0

-966.5 -2165 -1698.5 0
-979.5 -2165 -1698.5 0

-966.5 -2165 1698.5 0
-966.5 -2165 -1698.5 0

-979.5 -2165 1698.5 0
-979.5 -2165 -1698.5 0

-966.5 -2265 -1698.5 0
-966.5 -2215 -1698.5 0

-966.5 -2215 -1698.5 0
-966.5 -2190 -1698.5 0
-966.5 -2165 -1698.5 0

-966.5 -2165 -1698.5 0

-979.5 -2265 -1698.5 0
-979.5 -2165 -1698.5 0

-966.5 -2265 -1698.5 0
-979.5 -2265 -1698.5 0

-966.5 -2165 -1698.5 0
-979.5 -2165 -1698.5 0

-979.5 -2265 1698.5 0
-979.5 -2165 1698.5 0

-966.5 -2265 1698.5 0
-966.5 -2165 1698.5 0

-979.5 -2265 1698.5 0
-966.5 -2265 1698.5 0

-979.5 -2165 1698.5 0
-966.5 -2165 1698.5 0

-979.5 -2265 -1698.5 0
-979.5 -2165 -1698.5 0

-979.5 -2265 1698.5 0
-979.5 -2165 1698.5 0

-979.5 -2265 -1698.5 0
-979.5 -2265 1698.5 0

-979.5 -2165 -1698.5 0
-979.5 -2165 1698.5 0

-966.5 -2265 1698.5 0
-966.5 -2165 1698.5 0

-966.5 -2265 -1698.5 0
-966.5 -2165 -1698.5 0

-966.5 -2265 1698.5 0
-966.5 -2265 -1698.5 0

-966.5 -2165 1698.5 0
-966.5 -2165 -1698.5 0

-966.5 -2265 -1698.5 0
-979.5 -2265 -1698.5 0

-966.5 -2265 1698.5 0
-979.5 -2265 1698.5 0

-966.5 -2265 -1698.5 0
-966.5 -2265 1698.5 0

-979.5 -2265 -1698.5 0
-979.5 -2265 1698.5 0

-966.5 -2165 1698.5 0
-979.5 -2165 1698.5 0

-966.5 -2165 -1698.5 0
-979.5 -2165 -1698.5 0

-966.5 -2165 1698.5 0
-966.5 -2165 -1698.5 0

-979.5 -2165 1698.5 0
-979.5 -2165 -1698.5 0

-966.5 -2165 -1698.5 0
-966.5 -1948.5 -1698.5 0

-966.5 -1948.5 -1698.5 0
-966.5 -1840.25 -1698.5 0
-966.5 -1732 -1698.5 0

-966.5 -1732 -1698.5 0

-979.5 -2165 -1698.5 0
-979.5 -1732 -1698.5 0

-966.5 -2165 -1698.5 0
-979.5 -2165 -1698.5 0

-966.5 -1732 -1698.5 0
-979.5 -1732 -1698.5 0

-979.5 -2165 1698.5 0
-979.5 -1732 1698.5 0

-966.5 -2165 1698.5 0
-966.5 -1732 1698.5 0

-979.5 -2165 1698.5 0
-966.5 -2165 1698.5 0

-979.5 -1732 1698.5 0
-966.5 -1732 1698.5 0

-979.5 -2165 -1698.5 0
-979.5 -1732 -1698.5 0

-979.5 -2165 1698.5 0
-979.5 -1732 1698.5 0

-979.5 -2165 -1698.5 0
-979.5 -2165 1698.5 0

-979.5 -1732 -1698.5 0
-979.5 -1732 1698.5 0

-966.5 -2165 1698.5 0
-966.5 -1732 1698.5 0

-966.5 -2165 -1698.5 0
-966.5 -1732 -1698.5 0

-966.5 -2165 1698.5 0
-966.5 -2165 -1698.5 0

-966.5 -1732 1698.5 0
-966.5 -1732 -1698.5 0

-966.5 -2165 -1698.5 0
-979.5 -2165 -1698.5 0

-966.5 -2165 1698.5 0
-979.5 -2165 1698.5 0

-966.5 -2165 -1698.5 0
-966.5 -2165 1698.5 0

-979.5 -2165 -1698.5 0
-979.5 -2165 1698.5 0

-966.5 -1732 1698.5 0
-979.5 -1732 1698.5 0

-966.5 -1732 -1698.5 0
-979.5 -1732 -1698.5 0

-966.5 -1732 1698.5 0
-966.5 -1732 -1698.5 0

-979.5 -1732 1698.5 0
-979.5 -1732 -1698.5 0

-966.5 -1832 -1698.5 0
-966.5 -1782 -1698.5 0

-966.5 -1782 -1698.5 0
-966.5 -1757 -1698.5 0
-966.5 -1732 -1698.5 0

-966.5 -1732 -1698.5 0

-979.5 -1832 -1698.5 0
-979.5 -1732 -1698.5 0

-966.5 -1832 -1698.5 0
-979.5 -1832 -1698.5 0

-966.5 -1732 -1698.5 0
-979.5 -1732 -1698.5 0

-979.5 -1832 1698.5 0
-979.5 -1732 1698.5 0

-966.5 -1832 1698.5 0
-966.5 -1732 1698.5 0

-979.5 -1832 1698.5 0
-966.5 -1832 1698.5 0

-979.5 -1732 1698.5 0
-966.5 -1732 1698.5 0

-979.5 -1832 -1698.5 0
-979.5 -1732 -1698.5 0

-979.5 -1832 1698.5 0
-979.5 -1732 1698.5 0

-979.5 -1832 -1698.5 0
-979.5 -1832 1698.5 0

-979.5 -1732 -1698.5 0
-979.5 -1732 1698.5 0

-966.5 -1832 1698.5 0
-966.5 -1732 1698.5 0

-966.5 -1832 -1698.5 0
-966.5 -1732 -1698.5 0

-966.5 -1832 1698.5 0
-966.5 -1832 -1698.5 0

-966.5 -1732 1698.5 0
-966.5 -1732 -1698.5 0

-966.5 -1832 -1698.5 0
-979.5 -1832 -1698.5 0

-966.5 -1832 1698.5 0
-979.5 -1832 1698.5 0

-966.5 -1832 -1698.5 0
-966.5 -1832 1698.5 0

-979.5 -1832 -1698.5 0
-979.5 -1832 1698.5 0

-966.5 -1732 1698.5 0
-979.5 -1732 1698.5 0

-966.5 -1732 -1698.5 0
-979.5 -1732 -1698.5 0

-966.5 -1732 1698.5 0
-966.5 -1732 -1698.5 0

-979.5 -1732 1698.5 0
-979.5 -1732 -1698.5 0

-966.5 -1732 -1698.5 0
-966.5 -1515.5 -1698.5 0

-966.5 -1515.5 -1698.5 0
-966.5 -1407.25 -1698.5 0
-966.5 -1299 -1698.5 0

-966.5 -1299 -1698.5 0

-979.5 -1732 -1698.5 0
-979.5 -1299 -1698.5 0

-966.5 -1732 -1698.5 0
-979.5 -1732 -1698.5 0

-966.5 -1299 -1698.5 0
-979.5 -1299 -1698.5 0

-979.5 -1732 1698.5 0
-979.5 -1299 1698.5 0

-966.5 -1732 1698.5 0
-966.5 -1299 1698.5 0

-979.5 -1732 1698.5 0
-966.5 -1732 1698.5 0

-979.5 -1299 1698.5 0
-966.5 -1299 1698.5 0

-979.5 -1732 -1698.5 0
-979.5 -1299 -1698.5 0

-979.5 -1732 1698.5 0
-979.5 -1299 1698.5 0

-979.5 -1732 -1698.5 0
-979.5 -1732 1698.5 0

-979.5 -1299 -1698.5 0
-979.5 -1299 1698.5 0

-966.5 -1732 1698.5 0
-966.5 -1299 1698.5 0

-966.5 -1732 -1698.5 0
-966.5 -1299 -1698.5 0

-966.5 -1732 1698.5 0
-966.5 -1732 -1698.5 0

-966.5 -1299 1698.5 0
-966.5 -1299 -1698.5 0

-966.5 -1732 -1698.5 0
-979.5 -1732 -1698.5 0

-966.5 -1732 1698.5 0
-979.5 -1732 1698.5 0

-966.5 -1732 -1698.5 0
-966.5 -1732 1698.5 0

-979.5 -1732 -1698.5 0
-979.5 -1732 1698.5 0

-966.5 -1299 1698.5 0
-979.5 -1299 1698.5 0

-966.5 -1299 -1698.5 0
-979.5 -1299 -1698.5 0

-966.5 -1299 1698.5 0
-966.5 -1299 -1698.5 0

-979.5 -1299 1698.5 0
-979.5 -1299 -1698.5 0

-966.5 -1399 -1698.5 0
-966.5 -1349 -1698.5 0

-966.5 -1349 -1698.5 0
-966.5 -1324 -1698.5 0
-966.5 -1299 -1698.5 0

-966.5 -1299 -1698.5 0

-979.5 -1399 -1698.5 0
-979.5 -1299 -1698.5 0

-966.5 -1399 -1698.5 0
-979.5 -1399 -1698.5 0

-966.5 -1299 -1698.5 0
-979.5 -1299 -1698.5 0

-979.5 -1399 1698.5 0
-979.5 -1299 1698.5 0

-966.5 -1399 1698.5 0
-966.5 -1299 1698.5 0

-979.5 -1399 1698.5 0
-966.5 -1399 1698.5 0

-979.5 -1299 1698.5 0
-966.5 -1299 1698.5 0

-979.5 -1399 -1698.5 0
-979.5 -1299 -1698.5 0

-979.5 -1399 1698.5 0
-979.5 -1299 1698.5 0

-979.5 -1399 -1698.5 0
-979.5 -1399 1698.5 0

-979.5 -1299 -1698.5 0
-979.5 -1299 1698.5 0

-966.5 -1399 1698.5 0
-966.5 -1299 1698.5 0

-966.5 -1399 -1698.5 0
-966.5 -1299 -1698.5 0

-966.5 -1399 1698.5 0
-966.5 -1399 -1698.5 0

-966.5 -1299 1698.5 0
-966.5 -1299 -1698.5 0

-966.5 -1399 -1698.5 0
-979.5 -1399 -1698.5 0

-966.5 -1399 1698.5 0
-979.5 -1399 1698.5 0

-966.5 -1399 -1698.5 0
-966.5 -1399 1698.5 0

-979.5 -1399 -1698.5 0
-979.5 -1399 1698.5 0

-966.5 -1299 1698.5 0
-979.5 -1299 1698.5 0

-966.5 -1299 -1698.5 0
-979.5 -1299 -1698.5 0

-966.5 -1299 1698.5 0
-966.5 -1299 -1698.5 0

-979.5 -1299 1698.5 0
-979.5 -1299 -1698.5 0

-966.5 -1299 -1698.5 0
-966.5 -1082.5 -1698.5 0

-966.5 -1082.5 -1698.5 0
-966.5 -974.25 -1698.5 0
-966.5 -866 -1698.5 0

-966.5 -866 -1698.5 0

-979.5 -1299 -1698.5 0
-979.5 -866 -1698.5 0

-966.5 -1299 -1698.5 0
-979.5 -1299 -1698.5 0

-966.5 -866 -1698.5 0
-979.5 -866 -1698.5 0

-979.5 -1299 1698.5 0
-979.5 -866 1698.5 0

-966.5 -1299 1698.5 0
-966.5 -866 1698.5 0

-979.5 -1299 1698.5 0
-966.5 -1299 1698.5 0

-979.5 -866 1698.5 0
-966.5 -866 1698.5 0

-979.5 -1299 -1698.5 0
-979.5 -866 -1698.5 0

-979.5 -1299 1698.5 0
-979.5 -866 1698.5 0

-979.5 -1299 -1698.5 0
-979.5 -1299 1698.5 0

-979.5 -866 -1698.5 0
-979.5 -866 1698.5 0

-966.5 -1299 1698.5 0
-966.5 -866 1698.5 0

-966.5 -1299 -1698.5 0
-966.5 -866 -1698.5 0

-966.5 -1299 1698.5 0
-966.5 -1299 -1698.5 0

-966.5 -866 1698.5 0
-966.5 -866 -1698.5 0

-966.5 -1299 -1698.5 0
-979.5 -1299 -1698.5 0

-966.5 -1299 1698.5 0
-979.5 -1299 1698.5 0

-966.5 -1299 -1698.5 0
-966.5 -1299 1698.5 0

-979.5 -1299 -1698.5 0
-979.5 -1299 1698.5 0

-966.5 -866 1698.5 0
-979.5 -866 1698.5 0

-966.5 -866 -1698.5 0
-979.5 -866 -1698.5 0

-966.5 -866 1698.5 0
-966.5 -866 -1698.5 0

-979.5 -866 1698.5 0
-979.5 -866 -1698.5 0

-966.5 -966 -1698.5 0
-966.5 -916 -1698.5 0

-966.5 -916 -1698.5 0
-966.5 -891 -1698.5 0
-966.5 -866 -1698.5 0

-966.5 -866 -1698.5 0

-979.5 -966 -1698.5 0
-979.5 -866 -1698.5 0

-966.5 -966 -1698.5 0
-979.5 -966 -1698.5 0

-966.5 -866 -1698.5 0
-979.5 -866 -1698.5 0

-979.5 -966 1698.5 0
-979.5 -866 1698.5 0

-966.5 -966 1698.5 0
-966.5 -866 1698.5 0

-979.5 -966 1698.5 0
-966.5 -966 1698.5 0

-979.5 -866 1698.5 0
-966.5 -866 1698.5 0

-979.5 -966 -1698.5 0
-979.5 -866 -1698.5 0

-979.5 -966 1698.5 0
-979.5 -866 1698.5 0

-979.5 -966 -1698.5 0
-979.5 -966 1698.5 0

-979.5 -866 -1698.5 0
-979.5 -866 1698.5 0

-966.5 -966 1698.5 0
-966.5 -866 1698.5 0

-966.5 -966 -1698.5 0
-966.5 -866 -1698.5 0

-966.5 -966 1698.5 0
-966.5 -966 -1698.5 0

-966.5 -866 1698.5 0
-966.5 -866 -1698.5 0

-966.5 -966 -1698.5 0
-979.5 -966 -1698.5 0

-966.5 -966 1698.5 0
-979.5 -966 1698.5 0

-966.5 -966 -1698.5 0
-966.5 -966 1698.5 0

-979.5 -966 -1698.5 0
-979.5 -966 1698.5 0

-966.5 -866 1698.5 0
-979.5 -866 1698.5 0

-966.5 -866 -1698.5 0
-979.5 -866 -1698.5 0

-966.5 -866 1698.5 0
-966.5 -866 -1698.5 0

-979.5 -866 1698.5 0
-979.5 -866 -1698.5 0

-966.5 -866 -1698.5 0
-966.5 -649.5 -1698.5 0

-966.5 -649.5 -1698.5 0
-966.5 -541.25 -1698.5 0
-966.5 -433 -1698.5 0

-966.5 -433 -1698.5 0

-979.5 -866 -1698.5 0
-979.5 -433 -1698.5 0

-966.5 -866 -1698.5 0
-979.5 -866 -1698.5 0

-966.5 -433 -1698.5 0
-979.5 -433 -1698.5 0

-979.5 -866 1698.5 0
-979.5 -433 1698.5 0

-966.5 -866 1698.5 0
-966.5 -433 1698.5 0

-979.5 -866 1698.5 0
-966.5 -866 1698.5 0

-979.5 -433 1698.5 0
-966.5 -433 1698.5 0

-979.5 -866 -1698.5 0
-979.5 -433 -1698.5 0

-979.5 -866 1698.5 0
-979.5 -433 1698.5 0

-979.5 -866 -1698.5 0
-979.5 -866 1698.5 0

-979.5 -433 -1698.5 0
-979.5 -433 1698.5 0

-966.5 -866 1698.5 0
-966.5 -433 1698.5 0

-966.5 -866 -1698.5 0
-966.5 -433 -1698.5 0

-966.5 -866 1698.5 0
-966.5 -866 -1698.5 0

-966.5 -433 1698.5 0
-966.5 -433 -1698.5 0

-966.5 -866 -1698.5 0
-979.5 -866 -1698.5 0

-966.5 -866 1698.5 0
-979.5 -866 1698.5 0

-966.5 -866 -1698.5 0
-966.5 -866 1698.5 0

-979.5 -866 -1698.5 0
-979.5 -866 1698.5 0

-966.5 -433 1698.5 0
-979.5 -433 1698.5 0

-966.5 -433 -1698.5 0
-979.5 -433 -1698.5 0

-966.5 -433 1698.5 0
-966.5 -433 -1698.5 0

-979.5 -433 1698.5 0
-979.5 -433 -1698.5 0

-966.5 -533 -1698.5 0
-966.5 -483 -1698.5 0

-966.5 -483 -1698.5 0
-966.5 -458 -1698.5 0
-966.5 -433 -1698.5 0

-966.5 -433 -1698.5 0

-979.5 -533 -1698.5 0
-979.5 -433 -1698.5 0

-966.5 -533 -1698.5 0
-979.5 -533 -1698.5 0

-966.5 -433 -1698.5 0
-979.5 -433 -1698.5 0

-979.5 -533 1698.5 0
-979.5 -433 1698.5 0

-966.5 -533 1698.5 0
-966.5 -433 1698.5 0

-979.5 -533 1698.5 0
-966.5 -533 1698.5 0

-979.5 -433 1698.5 0
-966.5 -433 1698.5 0

-979.5 -533 -1698.5 0
-979.5 -433 -1698.5 0

-979.5 -533 1698.5 0
-979.5 -433 1698.5 0

-979.5 -533 -1698.5 0
-979.5 -533 1698.5 0

-979.5 -433 -1698.5 0
-979.5 -433 1698.5 0

-966.5 -533 1698.5 0
-966.5 -433 1698.5 0

-966.5 -533 -1698.5 0
-966.5 -433 -1698.5 0

-966.5 -533 1698.5 0
-966.5 -533 -1698.5 0

-966.5 -433 1698.5 0
-966.5 -433 -1698.5 0

-966.5 -533 -1698.5 0
-979.5 -533 -1698.5 0

-966.5 -533 1698.5 0
-979.5 -533 1698.5 0

-966.5 -533 -1698.5 0
-966.5 -533 1698.5 0

-979.5 -533 -1698.5 0
-979.5 -533 1698.5 0

-966.5 -433 1698.5 0
-979.5 -433 1698.5 0

-966.5 -433 -1698.5 0
-979.5 -433 -1698.5 0

-966.5 -433 1698.5 0
-966.5 -433 -1698.5 0

-979.5 -433 1698.5 0
-979.5 -433 -1698.5 0

-966.5 -433 -1698.5 0
-966.5 -216.5 -1698.5 0

-966.5 -216.5 -1698.5 0
-966.5 -108.25 -1698.5 0
-966.5 0 -1698.5 0

-966.5 0 -1698.5 0

-979.5 -433 -1698.5 0
-979.5 0 -1698.5 0

-966.5 -433 -1698.5 0
-979.5 -433 -1698.5 0

-966.5 0 -1698.5 0
-979.5 0 -1698.5 0

-979.5 -433 1698.5 0
-979.5 0 1698.5 0

-966.5 -433 1698.5 0
-966.5 0 1698.5 0

-979.5 -433 1698.5 0
-966.5 -433 1698.5 0

-979.5 0 1698.5 0
-966.5 0 1698.5 0

-979.5 -433 -1698.5 0
-979.5 0 -1698.5 0

-979.5 -433 1698.5 0
-979.5 0 1698.5 0

-979.5 -433 -1698.5 0
-979.5 -433 1698.5 0

-979.5 0 -1698.5 0
-979.5 0 1698.5 0

-966.5 -433 1698.5 0
-966.5 0 1698.5 0

-966.5 -433 -1698.5 0
-966.5 0 -1698.5 0

-966.5 -433 1698.5 0
-966.5 -433 -1698.5 0

-966.5 0 1698.5 0
-966.5 0 -1698.5 0

-966.5 -433 -1698.5 0
-979.5 -433 -1698.5 0

-966.5 -433 1698.5 0
-979.5 -433 1698.5 0

-966.5 -433 -1698.5 0
-966.5 -433 1698.5 0

-979.5 -433 -1698.5 0
-979.5 -433 1698.5 0

-966.5 0 1698.5 0
-979.5 0 1698.5 0

-966.5 0 -1698.5 0
-979.5 0 -1698.5 0

-966.5 0 1698.5 0
-966.5 0 -1698.5 0

-979.5 0 1698.5 0
-979.5 0 -1698.5 0

-966.5 -100 -1698.5 0
-966.5 -50 -1698.5 0

-966.5 -50 -1698.5 0
-966.5 -25 -1698.5 0
-966.5 0 -1698.5 0

-966.5 0 -1698.5 0

-979.5 -100 -1698.5 0
-979.5 0 -1698.5 0

-966.5 -100 -1698.5 0
-979.5 -100 -1698.5 0

-966.5 0 -1698.5 0
-979.5 0 -1698.5 0

-979.5 -100 1698.5 0
-979.5 0 1698.5 0

-966.5 -100 1698.5 0
-966.5 0 1698.5 0

-979.5 -100 1698.5 0
-966.5 -100 1698.5 0

-979.5 0 1698.5 0
-966.5 0 1698.5 0

-979.5 -100 -1698.5 0
-979.5 0 -1698.5 0

-979.5 -100 1698.5 0
-979.5 0 1698.5 0

-979.5 -100 -1698.5 0
-979.5 -100 1698.5 0

-979.5 0 -1698.5 0
-979.5 0 1698.5 0

-966.5 -100 1698.5 0
-966.5 0 1698.5 0

-966.5 -100 -1698.5 0
-966.5 0 -1698.5 0

-966.5 -100 1698.5 0
-966.5 -100 -1698.5 0

-966.5 0 1698.5 0
-966.5 0 -1698.5 0

-966.5 -100 -1698.5 0
-979.5 -100 -1698.5 0

-966.5 -100 1698.5 0
-979.5 -100 1698.5 0

-966.5 -100 -1698.5 0
-966.5 -100 1698.5 0

-979.5 -100 -1698.5 0
-979.5 -100 1698.5 0

-966.5 0 1698.5 0
-979.5 0 1698.5 0

-966.5 0 -1698.5 0
-979.5 0 -1698.5 0

-966.5 0 1698.5 0
-966.5 0 -1698.5 0

-979.5 0 1698.5 0
-979.5 0 -1698.5 0

-966.5 0 -1698.5 0
-966.5 216.5 -1698.5 0

-966.5 216.5 -1698.5 0
-966.5 324.75 -1698.5 0
-966.5 433 -1698.5 0

-966.5 433 -1698.5 0

-979.5 0 -1698.5 0
-979.5 433 -1698.5 0

-966.5 0 -1698.5 0
-979.5 0 -1698.5 0

-966.5 433 -1698.5 0
-979.5 433 -1698.5 0

-979.5 0 1698.5 0
-979.5 433 1698.5 0

-966.5 0 1698.5 0
-966.5 433 1698.5 0

-979.5 0 1698.5 0
-966.5 0 1698.5 0

-979.5 433 1698.5 0
-966.5 433 1698.5 0

-979.5 0 -1698.5 0
-979.5 433 -1698.5 0

-979.5 0 1698.5 0
-979.5 433 1698.5 0

-979.5 0 -1698.5 0
-979.5 0 1698.5 0

-979.5 433 -1698.5 0
-979.5 433 1698.5 0

-966.5 0 1698.5 0
-966.5 433 1698.5 0

-966.5 0 -1698.5 0
-966.5 433 -1698.5 0

-966.5 0 1698.5 0
-966.5 0 -1698.5 0

-966.5 433 1698.5 0
-966.5 433 -1698.5 0

-966.5 0 -1698.5 0
-979.5 0 -1698.5 0

-966.5 0 1698.5 0
-979.5 0 1698.5 0

-966.5 0 -1698.5 0
-966.5 0 1698.5 0

-979.5 0 -1698.5 0
-979.5 0 1698.5 0

-966.5 433 1698.5 0
-979.5 433 1698.5 0

-966.5 433 -1698.5 0
-979.5 433 -1698.5 0

-966.5 433 1698.5 0
-966.5 433 -1698.5 0

-979.5 433 1698.5 0
-979.5 433 -1698.5 0

-966.5 333 -1698.5 0
-966.5 383 -1698.5 0

-966.5 383 -1698.5 0
-966.5 408 -1698.5 0
-966.5 433 -1698.5 0

-966.5 433 -1698.5 0

-979.5 333 -1698.5 0
-979.5 433 -1698.5 0

-966.5 333 -1698.5 0
-979.5 333 -1698.5 0

-966.5 433 -1698.5 0
-979.5 433 -1698.5 0

-979.5 333 1698.5 0
-979.5 433 1698.5 0

-966.5 333 1698.5 0
-966.5 433 1698.5 0

-979.5 333 1698.5 0
-966.5 333 1698.5 0

-979.5 433 1698.5 0
-966.5 433 1698.5 0

-979.5 333 -1698.5 0
-979.5 433 -1698.5 0

-979.5 333 1698.5 0
-979.5 433 1698.5 0

-979.5 333 -1698.5 0
-979.5 333 1698.5 0

-979.5 433 -1698.5 0
-979.5 433 1698.5 0

-966.5 333 1698.5 0
-966.5 433 1698.5 0

-966.5 333 -1698.5 0
-966.5 433 -1698.5 0

-966.5 333 1698.5 0
-966.5 333 -1698.5 0

-966.5 433 1698.5 0
-966.5 433 -1698.5 0

-966.5 333 -1698.5 0
-979.5 333 -1698.5 0

-966.5 333 1698.5 0
-979.5 333 1698.5 0

-966.5 333 -1698.5 0
-966.5 333 1698.5 0

-979.5 333 -1698.5 0
-979.5 333 1698.5 0

-966.5 433 1698.5 0
-979.5 433 1698.5 0

-966.5 433 -1698.5 0
-979.5 433 -1698.5 0

-966.5 433 1698.5 0
-966.5 433 -1698.5 0

-979.5 433 1698.5 0
-979.5 433 -1698.5 0

-966.5 433 -1698.5 0
-966.5 649.5 -1698.5 0

-966.5 649.5 -1698.5 0
-966.5 757.75 -1698.5 0
-966.5 866 -1698.5 0

-966.5 866 -1698.5 0

-979.5 433 -1698.5 0
-979.5 866 -1698.5 0

-966.5 433 -1698.5 0
-979.5 433 -1698.5 0

-966.5 866 -1698.5 0
-979.5 866 -1698.5 0

-979.5 433 1698.5 0
-979.5 866 1698.5 0

-966.5 433 1698.5 0
-966.5 866 1698.5 0

-979.5 433 1698.5 0
-966.5 433 1698.5 0

-979.5 866 1698.5 0
-966.5 866 1698.5 0

-979.5 433 -1698.5 0
-979.5 866 -1698.5 0

-979.5 433 1698.5 0
-979.5 866 1698.5 0

-979.5 433 -1698.5 0
-979.5 433 1698.5 0

-979.5 866 -1698.5 0
-979.5 866 1698.5 0

-966.5 433 1698.5 0
-966.5 866 1698.5 0

-966.5 433 -1698.5 0
-966.5 866 -1698.5 0

-966.5 433 1698.5 0
-966.5 433 -1698.5 0

-966.5 866 1698.5 0
-966.5 866 -1698.5 0

-966.5 433 -1698.5 0
-979.5 433 -1698.5 0

-966.5 433 1698.5 0
-979.5 433 1698.5 0

-966.5 433 -1698.5 0
-966.5 433 1698.5 0

-979.5 433 -1698.5 0
-979.5 433 1698.5 0

-966.5 866 1698.5 0
-979.5 866 1698.5 0

-966.5 866 -1698.5 0
-979.5 866 -1698.5 0

-966.5 866 1698.5 0
-966.5 866 -1698.5 0

-979.5 866 1698.5 0
-979.5 866 -1698.5 0

-966.5 766 -1698.5 0
-966.5 816 -1698.5 0

-966.5 816 -1698.5 0
-966.5 841 -1698.5 0
-966.5 866 -1698.5 0

-966.5 866 -1698.5 0

-979.5 766 -1698.5 0
-979.5 866 -1698.5 0

-966.5 766 -1698.5 0
-979.5 766 -1698.5 0

-966.5 866 -1698.5 0
-979.5 866 -1698.5 0

-979.5 766 1698.5 0
-979.5 866 1698.5 0

-966.5 766 1698.5 0
-966.5 866 1698.5 0

-979.5 766 1698.5 0
-966.5 766 1698.5 0

-979.5 866 1698.5 0
-966.5 866 1698.5 0

-979.5 766 -1698.5 0
-979.5 866 -1698.5 0

-979.5 766 1698.5 0
-979.5 866 1698.5 0

-979.5 766 -1698.5 0
-979.5 766 1698.5 0

-979.5 866 -1698.5 0
-979.5 866 1698.5 0

-966.5 766 1698.5 0
-966.5 866 1698.5 0

-966.5 766 -1698.5 0
-966.5 866 -1698.5 0

-966.5 766 1698.5 0
-966.5 766 -1698.5 0

-966.5 866 1698.5 0
-966.5 866 -1698.5 0

-966.5 766 -1698.5 0
-979.5 766 -1698.5 0

-966.5 766 1698.5 0
-979.5 766 1698.5 0

-966.5 766 -1698.5 0
-966.5 766 1698.5 0

-979.5 766 -1698.5 0
-979.5 766 1698.5 0

-966.5 866 1698.5 0
-979.5 866 1698.5 0

-966.5 866 -1698.5 0
-979.5 866 -1698.5 0

-966.5 866 1698.5 0
-966.5 866 -1698.5 0

-979.5 866 1698.5 0
-979.5 866 -1698.5 0

-966.5 866 -1698.5 0
-966.5 1082.5 -1698.5 0

-966.5 1082.5 -1698.5 0
-966.5 1190.75 -1698.5 0
-966.5 1299 -1698.5 0

-966.5 1299 -1698.5 0

-979.5 866 -1698.5 0
-979.5 1299 -1698.5 0

-966.5 866 -1698.5 0
-979.5 866 -1698.5 0

-966.5 1299 -1698.5 0
-979.5 1299 -1698.5 0

-979.5 866 1698.5 0
-979.5 1299 1698.5 0

-966.5 866 1698.5 0
-966.5 1299 1698.5 0

-979.5 866 1698.5 0
-966.5 866 1698.5 0

-979.5 1299 1698.5 0
-966.5 1299 1698.5 0

-979.5 866 -1698.5 0
-979.5 1299 -1698.5 0

-979.5 866 1698.5 0
-979.5 1299 1698.5 0

-979.5 866 -1698.5 0
-979.5 866 1698.5 0

-979.5 1299 -1698.5 0
-979.5 1299 1698.5 0

-966.5 866 1698.5 0
-966.5 1299 1698.5 0

-966.5 866 -1698.5 0
-966.5 1299 -1698.5 0

-966.5 866 1698.5 0
-966.5 866 -1698.5 0

-966.5 1299 1698.5 0
-966.5 1299 -1698.5 0

-966.5 866 -1698.5 0
-979.5 866 -1698.5 0

-966.5 866 1698.5 0
-979.5 866 1698.5 0

-966.5 866 -1698.5 0
-966.5 866 1698.5 0

-979.5 866 -1698.5 0
-979.5 866 1698.5 0

-966.5 1299 1698.5 0
-979.5 1299 1698.5 0

-966.5 1299 -1698.5 0
-979.5 1299 -1698.5 0

-966.5 1299 1698.5 0
-966.5 1299 -1698.5 0

-979.5 1299 1698.5 0
-979.5 1299 -1698.5 0

-966.5 1199 -1698.5 0
-966.5 1249 -1698.5 0

-966.5 1249 -1698.5 0
-966.5 1274 -1698.5 0
-966.5 1299 -1698.5 0

-966.5 1299 -1698.5 0

-979.5 1199 -1698.5 0
-979.5 1299 -1698.5 0

-966.5 1199 -1698.5 0
-979.5 1199 -1698.5 0

-966.5 1299 -1698.5 0
-979.5 1299 -1698.5 0

-979.5 1199 1698.5 0
-979.5 1299 1698.5 0

-966.5 1199 1698.5 0
-966.5 1299 1698.5 0

-979.5 1199 1698.5 0
-966.5 1199 1698.5 0

-979.5 1299 1698.5 0
-966.5 1299 1698.5 0

-979.5 1199 -1698.5 0
-979.5 1299 -1698.5 0

-979.5 1199 1698.5 0
-979.5 1299 1698.5 0

-979.5 1199 -1698.5 0
-979.5 1199 1698.5 0

-979.5 1299 -1698.5 0
-979.5 1299 1698.5 0

-966.5 1199 1698.5 0
-966.5 1299 1698.5 0

-966.5 1199 -1698.5 0
-966.5 1299 -1698.5 0

-966.5 1199 1698.5 0
-966.5 1199 -1698.5 0

-966.5 1299 1698.5 0
-966.5 1299 -1698.5 0

-966.5 1199 -1698.5 0
-979.5 1199 -1698.5 0

-966.5 1199 1698.5 0
-979.5 1199 1698.5 0

-966.5 1199 -1698.5 0
-966.5 1199 1698.5 0

-979.5 1199 -1698.5 0
-979.5 1199 1698.5 0

-966.5 1299 1698.5 0
-979.5 1299 1698.5 0

-966.5 1299 -1698.5 0
-979.5 1299 -1698.5 0

-966.5 1299 1698.5 0
-966.5 1299 -1698.5 0

-979.5 1299 1698.5 0
-979.5 1299 -1698.5 0

-966.5 1299 -1698.5 0
-966.5 1515.5 -1698.5 0

-966.5 1515.5 -1698.5 0
-966.5 1623.75 -1698.5 0
-966.5 1732 -1698.5 0

-966.5 1732 -1698.5 0

-979.5 1299 -1698.5 0
-979.5 1732 -1698.5 0

-966.5 1299 -1698.5 0
-979.5 1299 -1698.5 0

-966.5 1732 -1698.5 0
-979.5 1732 -1698.5 0

-979.5 1299 1698.5 0
-979.5 1732 1698.5 0

-966.5 1299 1698.5 0
-966.5 1732 1698.5 0

-979.5 1299 1698.5 0
-966.5 1299 1698.5 0

-979.5 1732 1698.5 0
-966.5 1732 1698.5 0

-979.5 1299 -1698.5 0
-979.5 1732 -1698.5 0

-979.5 1299 1698.5 0
-979.5 1732 1698.5 0

-979.5 1299 -1698.5 0
-979.5 1299 1698.5 0

-979.5 1732 -1698.5 0
-979.5 1732 1698.5 0

-966.5 1299 1698.5 0
-966.5 1732 1698.5 0

-966.5 1299 -1698.5 0
-966.5 1732 -1698.5 0

-966.5 1299 1698.5 0
-966.5 1299 -1698.5 0

-966.5 1732 1698.5 0
-966.5 1732 -1698.5 0

-966.5 1299 -1698.5 0
-979.5 1299 -1698.5 0

-966.5 1299 1698.5 0
-979.5 1299 1698.5 0

-966.5 1299 -1698.5 0
-966.5 1299 1698.5 0

-979.5 1299 -1698.5 0
-979.5 1299 1698.5 0

-966.5 1732 1698.5 0
-979.5 1732 1698.5 0

-966.5 1732 -1698.5 0
-979.5 1732 -1698.5 0

-966.5 1732 1698.5 0
-966.5 1732 -1698.5 0

-979.5 1732 1698.5 0
-979.5 1732 -1698.5 0

-966.5 1632 -1698.5 0
-966.5 1682 -1698.5 0

-966.5 1682 -1698.5 0
-966.5 1707 -1698.5 0
-966.5 1732 -1698.5 0

-966.5 1732 -1698.5 0

-979.5 1632 -1698.5 0
-979.5 1732 -1698.5 0

-966.5 1632 -1698.5 0
-979.5 1632 -1698.5 0

-966.5 1732 -1698.5 0
-979.5 1732 -1698.5 0

-979.5 1632 1698.5 0
-979.5 1732 1698.5 0

-966.5 1632 1698.5 0
-966.5 1732 1698.5 0

-979.5 1632 1698.5 0
-966.5 1632 1698.5 0

-979.5 1732 1698.5 0
-966.5 1732 1698.5 0

-979.5 1632 -1698.5 0
-979.5 1732 -1698.5 0

-979.5 1632 1698.5 0
-979.5 1732 1698.5 0

-979.5 1632 -1698.5 0
-979.5 1632 1698.5 0

-979.5 1732 -1698.5 0
-979.5 1732 1698.5 0

-966.5 1632 1698.5 0
-966.5 1732 1698.5 0

-966.5 1632 -1698.5 0
-966.5 1732 -1698.5 0

-966.5 1632 1698.5 0
-966.5 1632 -1698.5 0

-966.5 1732 1698.5 0
-966.5 1732 -1698.5 0

-966.5 1632 -1698.5 0
-979.5 1632 -1698.5 0

-966.5 1632 1698.5 0
-979.5 1632 1698.5 0

-966.5 1632 -1698.5 0
-966.5 1632 1698.5 0

-979.5 1632 -1698.5 0
-979.5 1632 1698.5 0

-966.5 1732 1698.5 0
-979.5 1732 1698.5 0

-966.5 1732 -1698.5 0
-979.5 1732 -1698.5 0

-966.5 1732 1698.5 0
-966.5 1732 -1698.5 0

-979.5 1732 1698.5 0
-979.5 1732 -1698.5 0

-966.5 1732 -1698.5 0
-966.5 1948.5 -1698.5 0

-966.5 1948.5 -1698.5 0
-966.5 2056.75 -1698.5 0
-966.5 2165 -1698.5 0

-966.5 2165 -1698.5 0

-979.5 1732 -1698.5 0
-979.5 2165 -1698.5 0

-966.5 1732 -1698.5 0
-979.5 1732 -1698.5 0

-966.5 2165 -1698.5 0
-979.5 2165 -1698.5 0

-979.5 1732 1698.5 0
-979.5 2165 1698.5 0

-966.5 1732 1698.5 0
-966.5 2165 1698.5 0

-979.5 1732 1698.5 0
-966.5 1732 1698.5 0

-979.5 2165 1698.5 0
-966.5 2165 1698.5 0

-979.5 1732 -1698.5 0
-979.5 2165 -1698.5 0

-979.5 1732 1698.5 0
-979.5 2165 1698.5 0

-979.5 1732 -1698.5 0
-979.5 1732 1698.5 0

-979.5 2165 -1698.5 0
-979.5 2165 1698.5 0

-966.5 1732 1698.5 0
-966.5 2165 1698.5 0

-966.5 1732 -1698.5 0
-966.5 2165 -1698.5 0

-966.5 1732 1698.5 0
-966.5 1732 -1698.5 0

-966.5 2165 1698.5 0
-966.5 2165 -1698.5 0

-966.5 1732 -1698.5 0
-979.5 1732 -1698.5 0

-966.5 1732 1698.5 0
-979.5 1732 1698.5 0

-966.5 1732 -1698.5 0
-966.5 1732 1698.5 0

-979.5 1732 -1698.5 0
-979.5 1732 1698.5 0

-966.5 2165 1698.5 0
-979.5 2165 1698.5 0

-966.5 2165 -1698.5 0
-979.5 2165 -1698.5 0

-966.5 2165 1698.5 0
-966.5 2165 -1698.5 0

-979.5 2165 1698.5 0
-979.5 2165 -1698.5 0

-966.5 2065 -1698.5 0
-966.5 2115 -1698.5 0

-966.5 2115 -1698.5 0
-966.5 2140 -1698.5 0
-966.5 2165 -1698.5 0

-966.5 2165 -1698.5 0

-979.5 2065 -1698.5 0
-979.5 2165 -1698.5 0

-966.5 2065 -1698.5 0
-979.5 2065 -1698.5 0

-966.5 2165 -1698.5 0
-979.5 2165 -1698.5 0

-979.5 2065 1698.5 0
-979.5 2165 1698.5 0

-966.5 2065 1698.5 0
-966.5 2165 1698.5 0

-979.5 2065 1698.5 0
-966.5 2065 1698.5 0

-979.5 2165 1698.5 0
-966.5 2165 1698.5 0

-979.5 2065 -1698.5 0
-979.5 2165 -1698.5 0

-979.5 2065 1698.5 0
-979.5 2165 1698.5 0

-979.5 2065 -1698.5 0
-979.5 2065 1698.5 0

-979.5 2165 -1698.5 0
-979.5 2165 1698.5 0

-966.5 2065 1698.5 0
-966.5 2165 1698.5 0

-966.5 2065 -1698.5 0
-966.5 2165 -1698.5 0

-966.5 2065 1698.5 0
-966.5 2065 -1698.5 0

-966.5 2165 1698.5 0
-966.5 2165 -1698.5 0

-966.5 2065 -1698.5 0
-979.5 2065 -1698.5 0

-966.5 2065 1698.5 0
-979.5 2065 1698.5 0

-966.5 2065 -1698.5 0
-966.5 2065 1698.5 0

-979.5 2065 -1698.5 0
-979.5 2065 1698.5 0

-966.5 2165 1698.5 0
-979.5 2165 1698.5 0

-966.5 2165 -1698.5 0
-979.5 2165 -1698.5 0

-966.5 2165 1698.5 0
-966.5 2165 -1698.5 0

-979.5 2165 1698.5 0
-979.5 2165 -1698.5 0

-966.5 2165 -1698.5 0
-966.5 2381.5 -1698.5 0

-966.5 2381.5 -1698.5 0
-966.5 2489.75 -1698.5 0
-966.5 2598 -1698.5 0

-966.5 2598 -1698.5 0

-979.5 2165 -1698.5 0
-979.5 2598 -1698.5 0

-966.5 2165 -1698.5 0
-979.5 2165 -1698.5 0

-966.5 2598 -1698.5 0
-979.5 2598 -1698.5 0

-979.5 2165 1698.5 0
-979.5 2598 1698.5 0

-966.5 2165 1698.5 0
-966.5 2598 1698.5 0

-979.5 2165 1698.5 0
-966.5 2165 1698.5 0

-979.5 2598 1698.5 0
-966.5 2598 1698.5 0

-979.5 2165 -1698.5 0
-979.5 2598 -1698.5 0

-979.5 2165 1698.5 0
-979.5 2598 1698.5 0

-979.5 2165 -1698.5 0
-979.5 2165 1698.5 0

-979.5 2598 -1698.5 0
-979.5 2598 1698.5 0

-966.5 2165 1698.5 0
-966.5 2598 1698.5 0

-966.5 2165 -1698.5 0
-966.5 2598 -1698.5 0

-966.5 2165 1698.5 0
-966.5 2165 -1698.5 0

-966.5 2598 1698.5 0
-966.5 2598 -1698.5 0

-966.5 2165 -1698.5 0
-979.5 2165 -1698.5 0

-966.5 2165 1698.5 0
-979.5 2165 1698.5 0

-966.5 2165 -1698.5 0
-966.5 2165 1698.5 0

-979.5 2165 -1698.5 0
-979.5 2165 1698.5 0

-966.5 2598 1698.5 0
-979.5 2598 1698.5 0

-966.5 2598 -1698.5 0
-979.5 2598 -1698.5 0

-966.5 2598 1698.5 0
-966.5 2598 -1698.5 0

-979.5 2598 1698.5 0
-979.5 2598 -1698.5 0

-966.5 2498 -1698.5 0
-966.5 2548 -1698.5 0

-966.5 2548 -1698.5 0
-966.5 2573 -1698.5 0
-966.5 2598 -1698.5 0

-966.5 2598 -1698.5 0

-979.5 2498 -1698.5 0
-979.5 2598 -1698.5 0

-966.5 2498 -1698.5 0
-979.5 2498 -1698.5 0

-966.5 2598 -1698.5 0
-979.5 2598 -1698.5 0

-979.5 2498 1698.5 0
-979.5 2598 1698.5 0

-966.5 2498 1698.5 0
-966.5 2598 1698.5 0

-979.5 2498 1698.5 0
-966.5 2498 1698.5 0

-979.5 2598 1698.5 0
-966.5 2598 1698.5 0

-979.5 2498 -1698.5 0
-979.5 2598 -1698.5 0

-979.5 2498 1698.5 0
-979.5 2598 1698.5 0

-979.5 2498 -1698.5 0
-979.5 2498 1698.5 0

-979.5 2598 -1698.5 0
-979.5 2598 1698.5 0

-966.5 2498 1698.5 0
-966.5 2598 1698.5 0

-966.5 2498 -1698.5 0
-966.5 2598 -1698.5 0

-966.5 2498 1698.5 0
-966.5 2498 -1698.5 0

-966.5 2598 1698.5 0
-966.5 2598 -1698.5 0

-966.5 2498 -1698.5 0
-979.5 2498 -1698.5 0

-966.5 2498 1698.5 0
-979.5 2498 1698.5 0

-966.5 2498 -1698.5 0
-966.5 2498 1698.5 0

-979.5 2498 -1698.5 0
-979.5 2498 1698.5 0

-966.5 2598 1698.5 0
-979.5 2598 1698.5 0

-966.5 2598 -1698.5 0
-979.5 2598 -1698.5 0

-966.5 2598 1698.5 0
-966.5 2598 -1698.5 0

-979.5 2598 1698.5 0
-979.5 2598 -1698.5 0

# end of label='grey'
