# Temporary file generated by the 'geomtools::gnuplot_drawer'
# class for visualization.
# label='orange'
-941.25 -2658.5 -1699 0
-941.25 0 -1699 0

-941.25 0 -1699 0
-941.25 1329.25 -1699 0
-941.25 2658.5 -1699 0

-941.25 2658.5 -1699 0

-952.75 -2658.5 -1699 0
-952.75 2658.5 -1699 0

-941.25 -2658.5 -1699 0
-952.75 -2658.5 -1699 0

-941.25 2658.5 -1699 0
-952.75 2658.5 -1699 0

-952.75 -2658.5 -1687.5 0
-952.75 2658.5 -1687.5 0

-941.25 -2658.5 -1687.5 0
-941.25 2658.5 -1687.5 0

-952.75 -2658.5 -1687.5 0
-941.25 -2658.5 -1687.5 0

-952.75 2658.5 -1687.5 0
-941.25 2658.5 -1687.5 0

-952.75 -2658.5 -1699 0
-952.75 2658.5 -1699 0

-952.75 -2658.5 -1687.5 0
-952.75 2658.5 -1687.5 0

-952.75 -2658.5 -1699 0
-952.75 -2658.5 -1687.5 0

-952.75 2658.5 -1699 0
-952.75 2658.5 -1687.5 0

-941.25 -2658.5 -1687.5 0
-941.25 2658.5 -1687.5 0

-941.25 -2658.5 -1699 0
-941.25 2658.5 -1699 0

-941.25 -2658.5 -1687.5 0
-941.25 -2658.5 -1699 0

-941.25 2658.5 -1687.5 0
-941.25 2658.5 -1699 0

-941.25 -2658.5 -1699 0
-952.75 -2658.5 -1699 0

-941.25 -2658.5 -1687.5 0
-952.75 -2658.5 -1687.5 0

-941.25 -2658.5 -1699 0
-941.25 -2658.5 -1687.5 0

-952.75 -2658.5 -1699 0
-952.75 -2658.5 -1687.5 0

-941.25 2658.5 -1687.5 0
-952.75 2658.5 -1687.5 0

-941.25 2658.5 -1699 0
-952.75 2658.5 -1699 0

-941.25 2658.5 -1687.5 0
-941.25 2658.5 -1699 0

-952.75 2658.5 -1687.5 0
-952.75 2658.5 -1699 0

-941.25 -2658.5 -1682.01 0
-941.25 0 -1682.01 0

-941.25 0 -1682.01 0
-941.25 1329.25 -1682.01 0
-941.25 2658.5 -1682.01 0

-941.25 2658.5 -1682.01 0

-952.75 -2658.5 -1682.01 0
-952.75 2658.5 -1682.01 0

-941.25 -2658.5 -1682.01 0
-952.75 -2658.5 -1682.01 0

-941.25 2658.5 -1682.01 0
-952.75 2658.5 -1682.01 0

-952.75 -2658.5 -1670.51 0
-952.75 2658.5 -1670.51 0

-941.25 -2658.5 -1670.51 0
-941.25 2658.5 -1670.51 0

-952.75 -2658.5 -1670.51 0
-941.25 -2658.5 -1670.51 0

-952.75 2658.5 -1670.51 0
-941.25 2658.5 -1670.51 0

-952.75 -2658.5 -1682.01 0
-952.75 2658.5 -1682.01 0

-952.75 -2658.5 -1670.51 0
-952.75 2658.5 -1670.51 0

-952.75 -2658.5 -1682.01 0
-952.75 -2658.5 -1670.51 0

-952.75 2658.5 -1682.01 0
-952.75 2658.5 -1670.51 0

-941.25 -2658.5 -1670.51 0
-941.25 2658.5 -1670.51 0

-941.25 -2658.5 -1682.01 0
-941.25 2658.5 -1682.01 0

-941.25 -2658.5 -1670.51 0
-941.25 -2658.5 -1682.01 0

-941.25 2658.5 -1670.51 0
-941.25 2658.5 -1682.01 0

-941.25 -2658.5 -1682.01 0
-952.75 -2658.5 -1682.01 0

-941.25 -2658.5 -1670.51 0
-952.75 -2658.5 -1670.51 0

-941.25 -2658.5 -1682.01 0
-941.25 -2658.5 -1670.51 0

-952.75 -2658.5 -1682.01 0
-952.75 -2658.5 -1670.51 0

-941.25 2658.5 -1670.51 0
-952.75 2658.5 -1670.51 0

-941.25 2658.5 -1682.01 0
-952.75 2658.5 -1682.01 0

-941.25 2658.5 -1670.51 0
-941.25 2658.5 -1682.01 0

-952.75 2658.5 -1670.51 0
-952.75 2658.5 -1682.01 0

-941.25 -2658.5 -1665.02 0
-941.25 0 -1665.02 0

-941.25 0 -1665.02 0
-941.25 1329.25 -1665.02 0
-941.25 2658.5 -1665.02 0

-941.25 2658.5 -1665.02 0

-952.75 -2658.5 -1665.02 0
-952.75 2658.5 -1665.02 0

-941.25 -2658.5 -1665.02 0
-952.75 -2658.5 -1665.02 0

-941.25 2658.5 -1665.02 0
-952.75 2658.5 -1665.02 0

-952.75 -2658.5 -1653.52 0
-952.75 2658.5 -1653.52 0

-941.25 -2658.5 -1653.52 0
-941.25 2658.5 -1653.52 0

-952.75 -2658.5 -1653.52 0
-941.25 -2658.5 -1653.52 0

-952.75 2658.5 -1653.52 0
-941.25 2658.5 -1653.52 0

-952.75 -2658.5 -1665.02 0
-952.75 2658.5 -1665.02 0

-952.75 -2658.5 -1653.52 0
-952.75 2658.5 -1653.52 0

-952.75 -2658.5 -1665.02 0
-952.75 -2658.5 -1653.52 0

-952.75 2658.5 -1665.02 0
-952.75 2658.5 -1653.52 0

-941.25 -2658.5 -1653.52 0
-941.25 2658.5 -1653.52 0

-941.25 -2658.5 -1665.02 0
-941.25 2658.5 -1665.02 0

-941.25 -2658.5 -1653.52 0
-941.25 -2658.5 -1665.02 0

-941.25 2658.5 -1653.52 0
-941.25 2658.5 -1665.02 0

-941.25 -2658.5 -1665.02 0
-952.75 -2658.5 -1665.02 0

-941.25 -2658.5 -1653.52 0
-952.75 -2658.5 -1653.52 0

-941.25 -2658.5 -1665.02 0
-941.25 -2658.5 -1653.52 0

-952.75 -2658.5 -1665.02 0
-952.75 -2658.5 -1653.52 0

-941.25 2658.5 -1653.52 0
-952.75 2658.5 -1653.52 0

-941.25 2658.5 -1665.02 0
-952.75 2658.5 -1665.02 0

-941.25 2658.5 -1653.52 0
-941.25 2658.5 -1665.02 0

-952.75 2658.5 -1653.52 0
-952.75 2658.5 -1665.02 0

-941.25 -2658.5 -1648.03 0
-941.25 0 -1648.03 0

-941.25 0 -1648.03 0
-941.25 1329.25 -1648.03 0
-941.25 2658.5 -1648.03 0

-941.25 2658.5 -1648.03 0

-952.75 -2658.5 -1648.03 0
-952.75 2658.5 -1648.03 0

-941.25 -2658.5 -1648.03 0
-952.75 -2658.5 -1648.03 0

-941.25 2658.5 -1648.03 0
-952.75 2658.5 -1648.03 0

-952.75 -2658.5 -1636.53 0
-952.75 2658.5 -1636.53 0

-941.25 -2658.5 -1636.53 0
-941.25 2658.5 -1636.53 0

-952.75 -2658.5 -1636.53 0
-941.25 -2658.5 -1636.53 0

-952.75 2658.5 -1636.53 0
-941.25 2658.5 -1636.53 0

-952.75 -2658.5 -1648.03 0
-952.75 2658.5 -1648.03 0

-952.75 -2658.5 -1636.53 0
-952.75 2658.5 -1636.53 0

-952.75 -2658.5 -1648.03 0
-952.75 -2658.5 -1636.53 0

-952.75 2658.5 -1648.03 0
-952.75 2658.5 -1636.53 0

-941.25 -2658.5 -1636.53 0
-941.25 2658.5 -1636.53 0

-941.25 -2658.5 -1648.03 0
-941.25 2658.5 -1648.03 0

-941.25 -2658.5 -1636.53 0
-941.25 -2658.5 -1648.03 0

-941.25 2658.5 -1636.53 0
-941.25 2658.5 -1648.03 0

-941.25 -2658.5 -1648.03 0
-952.75 -2658.5 -1648.03 0

-941.25 -2658.5 -1636.53 0
-952.75 -2658.5 -1636.53 0

-941.25 -2658.5 -1648.03 0
-941.25 -2658.5 -1636.53 0

-952.75 -2658.5 -1648.03 0
-952.75 -2658.5 -1636.53 0

-941.25 2658.5 -1636.53 0
-952.75 2658.5 -1636.53 0

-941.25 2658.5 -1648.03 0
-952.75 2658.5 -1648.03 0

-941.25 2658.5 -1636.53 0
-941.25 2658.5 -1648.03 0

-952.75 2658.5 -1636.53 0
-952.75 2658.5 -1648.03 0

-941.25 -2658.5 -1631.04 0
-941.25 0 -1631.04 0

-941.25 0 -1631.04 0
-941.25 1329.25 -1631.04 0
-941.25 2658.5 -1631.04 0

-941.25 2658.5 -1631.04 0

-952.75 -2658.5 -1631.04 0
-952.75 2658.5 -1631.04 0

-941.25 -2658.5 -1631.04 0
-952.75 -2658.5 -1631.04 0

-941.25 2658.5 -1631.04 0
-952.75 2658.5 -1631.04 0

-952.75 -2658.5 -1619.54 0
-952.75 2658.5 -1619.54 0

-941.25 -2658.5 -1619.54 0
-941.25 2658.5 -1619.54 0

-952.75 -2658.5 -1619.54 0
-941.25 -2658.5 -1619.54 0

-952.75 2658.5 -1619.54 0
-941.25 2658.5 -1619.54 0

-952.75 -2658.5 -1631.04 0
-952.75 2658.5 -1631.04 0

-952.75 -2658.5 -1619.54 0
-952.75 2658.5 -1619.54 0

-952.75 -2658.5 -1631.04 0
-952.75 -2658.5 -1619.54 0

-952.75 2658.5 -1631.04 0
-952.75 2658.5 -1619.54 0

-941.25 -2658.5 -1619.54 0
-941.25 2658.5 -1619.54 0

-941.25 -2658.5 -1631.04 0
-941.25 2658.5 -1631.04 0

-941.25 -2658.5 -1619.54 0
-941.25 -2658.5 -1631.04 0

-941.25 2658.5 -1619.54 0
-941.25 2658.5 -1631.04 0

-941.25 -2658.5 -1631.04 0
-952.75 -2658.5 -1631.04 0

-941.25 -2658.5 -1619.54 0
-952.75 -2658.5 -1619.54 0

-941.25 -2658.5 -1631.04 0
-941.25 -2658.5 -1619.54 0

-952.75 -2658.5 -1631.04 0
-952.75 -2658.5 -1619.54 0

-941.25 2658.5 -1619.54 0
-952.75 2658.5 -1619.54 0

-941.25 2658.5 -1631.04 0
-952.75 2658.5 -1631.04 0

-941.25 2658.5 -1619.54 0
-941.25 2658.5 -1631.04 0

-952.75 2658.5 -1619.54 0
-952.75 2658.5 -1631.04 0

-941.25 -2658.5 -1614.05 0
-941.25 0 -1614.05 0

-941.25 0 -1614.05 0
-941.25 1329.25 -1614.05 0
-941.25 2658.5 -1614.05 0

-941.25 2658.5 -1614.05 0

-952.75 -2658.5 -1614.05 0
-952.75 2658.5 -1614.05 0

-941.25 -2658.5 -1614.05 0
-952.75 -2658.5 -1614.05 0

-941.25 2658.5 -1614.05 0
-952.75 2658.5 -1614.05 0

-952.75 -2658.5 -1602.55 0
-952.75 2658.5 -1602.55 0

-941.25 -2658.5 -1602.55 0
-941.25 2658.5 -1602.55 0

-952.75 -2658.5 -1602.55 0
-941.25 -2658.5 -1602.55 0

-952.75 2658.5 -1602.55 0
-941.25 2658.5 -1602.55 0

-952.75 -2658.5 -1614.05 0
-952.75 2658.5 -1614.05 0

-952.75 -2658.5 -1602.55 0
-952.75 2658.5 -1602.55 0

-952.75 -2658.5 -1614.05 0
-952.75 -2658.5 -1602.55 0

-952.75 2658.5 -1614.05 0
-952.75 2658.5 -1602.55 0

-941.25 -2658.5 -1602.55 0
-941.25 2658.5 -1602.55 0

-941.25 -2658.5 -1614.05 0
-941.25 2658.5 -1614.05 0

-941.25 -2658.5 -1602.55 0
-941.25 -2658.5 -1614.05 0

-941.25 2658.5 -1602.55 0
-941.25 2658.5 -1614.05 0

-941.25 -2658.5 -1614.05 0
-952.75 -2658.5 -1614.05 0

-941.25 -2658.5 -1602.55 0
-952.75 -2658.5 -1602.55 0

-941.25 -2658.5 -1614.05 0
-941.25 -2658.5 -1602.55 0

-952.75 -2658.5 -1614.05 0
-952.75 -2658.5 -1602.55 0

-941.25 2658.5 -1602.55 0
-952.75 2658.5 -1602.55 0

-941.25 2658.5 -1614.05 0
-952.75 2658.5 -1614.05 0

-941.25 2658.5 -1602.55 0
-941.25 2658.5 -1614.05 0

-952.75 2658.5 -1602.55 0
-952.75 2658.5 -1614.05 0

-941.25 -2658.5 -1597.06 0
-941.25 0 -1597.06 0

-941.25 0 -1597.06 0
-941.25 1329.25 -1597.06 0
-941.25 2658.5 -1597.06 0

-941.25 2658.5 -1597.06 0

-952.75 -2658.5 -1597.06 0
-952.75 2658.5 -1597.06 0

-941.25 -2658.5 -1597.06 0
-952.75 -2658.5 -1597.06 0

-941.25 2658.5 -1597.06 0
-952.75 2658.5 -1597.06 0

-952.75 -2658.5 -1585.56 0
-952.75 2658.5 -1585.56 0

-941.25 -2658.5 -1585.56 0
-941.25 2658.5 -1585.56 0

-952.75 -2658.5 -1585.56 0
-941.25 -2658.5 -1585.56 0

-952.75 2658.5 -1585.56 0
-941.25 2658.5 -1585.56 0

-952.75 -2658.5 -1597.06 0
-952.75 2658.5 -1597.06 0

-952.75 -2658.5 -1585.56 0
-952.75 2658.5 -1585.56 0

-952.75 -2658.5 -1597.06 0
-952.75 -2658.5 -1585.56 0

-952.75 2658.5 -1597.06 0
-952.75 2658.5 -1585.56 0

-941.25 -2658.5 -1585.56 0
-941.25 2658.5 -1585.56 0

-941.25 -2658.5 -1597.06 0
-941.25 2658.5 -1597.06 0

-941.25 -2658.5 -1585.56 0
-941.25 -2658.5 -1597.06 0

-941.25 2658.5 -1585.56 0
-941.25 2658.5 -1597.06 0

-941.25 -2658.5 -1597.06 0
-952.75 -2658.5 -1597.06 0

-941.25 -2658.5 -1585.56 0
-952.75 -2658.5 -1585.56 0

-941.25 -2658.5 -1597.06 0
-941.25 -2658.5 -1585.56 0

-952.75 -2658.5 -1597.06 0
-952.75 -2658.5 -1585.56 0

-941.25 2658.5 -1585.56 0
-952.75 2658.5 -1585.56 0

-941.25 2658.5 -1597.06 0
-952.75 2658.5 -1597.06 0

-941.25 2658.5 -1585.56 0
-941.25 2658.5 -1597.06 0

-952.75 2658.5 -1585.56 0
-952.75 2658.5 -1597.06 0

-941.25 -2658.5 -1580.07 0
-941.25 0 -1580.07 0

-941.25 0 -1580.07 0
-941.25 1329.25 -1580.07 0
-941.25 2658.5 -1580.07 0

-941.25 2658.5 -1580.07 0

-952.75 -2658.5 -1580.07 0
-952.75 2658.5 -1580.07 0

-941.25 -2658.5 -1580.07 0
-952.75 -2658.5 -1580.07 0

-941.25 2658.5 -1580.07 0
-952.75 2658.5 -1580.07 0

-952.75 -2658.5 -1568.57 0
-952.75 2658.5 -1568.57 0

-941.25 -2658.5 -1568.57 0
-941.25 2658.5 -1568.57 0

-952.75 -2658.5 -1568.57 0
-941.25 -2658.5 -1568.57 0

-952.75 2658.5 -1568.57 0
-941.25 2658.5 -1568.57 0

-952.75 -2658.5 -1580.07 0
-952.75 2658.5 -1580.07 0

-952.75 -2658.5 -1568.57 0
-952.75 2658.5 -1568.57 0

-952.75 -2658.5 -1580.07 0
-952.75 -2658.5 -1568.57 0

-952.75 2658.5 -1580.07 0
-952.75 2658.5 -1568.57 0

-941.25 -2658.5 -1568.57 0
-941.25 2658.5 -1568.57 0

-941.25 -2658.5 -1580.07 0
-941.25 2658.5 -1580.07 0

-941.25 -2658.5 -1568.57 0
-941.25 -2658.5 -1580.07 0

-941.25 2658.5 -1568.57 0
-941.25 2658.5 -1580.07 0

-941.25 -2658.5 -1580.07 0
-952.75 -2658.5 -1580.07 0

-941.25 -2658.5 -1568.57 0
-952.75 -2658.5 -1568.57 0

-941.25 -2658.5 -1580.07 0
-941.25 -2658.5 -1568.57 0

-952.75 -2658.5 -1580.07 0
-952.75 -2658.5 -1568.57 0

-941.25 2658.5 -1568.57 0
-952.75 2658.5 -1568.57 0

-941.25 2658.5 -1580.07 0
-952.75 2658.5 -1580.07 0

-941.25 2658.5 -1568.57 0
-941.25 2658.5 -1580.07 0

-952.75 2658.5 -1568.57 0
-952.75 2658.5 -1580.07 0

-941.25 -2658.5 -1563.08 0
-941.25 0 -1563.08 0

-941.25 0 -1563.08 0
-941.25 1329.25 -1563.08 0
-941.25 2658.5 -1563.08 0

-941.25 2658.5 -1563.08 0

-952.75 -2658.5 -1563.08 0
-952.75 2658.5 -1563.08 0

-941.25 -2658.5 -1563.08 0
-952.75 -2658.5 -1563.08 0

-941.25 2658.5 -1563.08 0
-952.75 2658.5 -1563.08 0

-952.75 -2658.5 -1551.58 0
-952.75 2658.5 -1551.58 0

-941.25 -2658.5 -1551.58 0
-941.25 2658.5 -1551.58 0

-952.75 -2658.5 -1551.58 0
-941.25 -2658.5 -1551.58 0

-952.75 2658.5 -1551.58 0
-941.25 2658.5 -1551.58 0

-952.75 -2658.5 -1563.08 0
-952.75 2658.5 -1563.08 0

-952.75 -2658.5 -1551.58 0
-952.75 2658.5 -1551.58 0

-952.75 -2658.5 -1563.08 0
-952.75 -2658.5 -1551.58 0

-952.75 2658.5 -1563.08 0
-952.75 2658.5 -1551.58 0

-941.25 -2658.5 -1551.58 0
-941.25 2658.5 -1551.58 0

-941.25 -2658.5 -1563.08 0
-941.25 2658.5 -1563.08 0

-941.25 -2658.5 -1551.58 0
-941.25 -2658.5 -1563.08 0

-941.25 2658.5 -1551.58 0
-941.25 2658.5 -1563.08 0

-941.25 -2658.5 -1563.08 0
-952.75 -2658.5 -1563.08 0

-941.25 -2658.5 -1551.58 0
-952.75 -2658.5 -1551.58 0

-941.25 -2658.5 -1563.08 0
-941.25 -2658.5 -1551.58 0

-952.75 -2658.5 -1563.08 0
-952.75 -2658.5 -1551.58 0

-941.25 2658.5 -1551.58 0
-952.75 2658.5 -1551.58 0

-941.25 2658.5 -1563.08 0
-952.75 2658.5 -1563.08 0

-941.25 2658.5 -1551.58 0
-941.25 2658.5 -1563.08 0

-952.75 2658.5 -1551.58 0
-952.75 2658.5 -1563.08 0

-941.25 -2658.5 -1546.09 0
-941.25 0 -1546.09 0

-941.25 0 -1546.09 0
-941.25 1329.25 -1546.09 0
-941.25 2658.5 -1546.09 0

-941.25 2658.5 -1546.09 0

-952.75 -2658.5 -1546.09 0
-952.75 2658.5 -1546.09 0

-941.25 -2658.5 -1546.09 0
-952.75 -2658.5 -1546.09 0

-941.25 2658.5 -1546.09 0
-952.75 2658.5 -1546.09 0

-952.75 -2658.5 -1534.59 0
-952.75 2658.5 -1534.59 0

-941.25 -2658.5 -1534.59 0
-941.25 2658.5 -1534.59 0

-952.75 -2658.5 -1534.59 0
-941.25 -2658.5 -1534.59 0

-952.75 2658.5 -1534.59 0
-941.25 2658.5 -1534.59 0

-952.75 -2658.5 -1546.09 0
-952.75 2658.5 -1546.09 0

-952.75 -2658.5 -1534.59 0
-952.75 2658.5 -1534.59 0

-952.75 -2658.5 -1546.09 0
-952.75 -2658.5 -1534.59 0

-952.75 2658.5 -1546.09 0
-952.75 2658.5 -1534.59 0

-941.25 -2658.5 -1534.59 0
-941.25 2658.5 -1534.59 0

-941.25 -2658.5 -1546.09 0
-941.25 2658.5 -1546.09 0

-941.25 -2658.5 -1534.59 0
-941.25 -2658.5 -1546.09 0

-941.25 2658.5 -1534.59 0
-941.25 2658.5 -1546.09 0

-941.25 -2658.5 -1546.09 0
-952.75 -2658.5 -1546.09 0

-941.25 -2658.5 -1534.59 0
-952.75 -2658.5 -1534.59 0

-941.25 -2658.5 -1546.09 0
-941.25 -2658.5 -1534.59 0

-952.75 -2658.5 -1546.09 0
-952.75 -2658.5 -1534.59 0

-941.25 2658.5 -1534.59 0
-952.75 2658.5 -1534.59 0

-941.25 2658.5 -1546.09 0
-952.75 2658.5 -1546.09 0

-941.25 2658.5 -1534.59 0
-941.25 2658.5 -1546.09 0

-952.75 2658.5 -1534.59 0
-952.75 2658.5 -1546.09 0

-941.25 -2658.5 -1529.1 0
-941.25 0 -1529.1 0

-941.25 0 -1529.1 0
-941.25 1329.25 -1529.1 0
-941.25 2658.5 -1529.1 0

-941.25 2658.5 -1529.1 0

-952.75 -2658.5 -1529.1 0
-952.75 2658.5 -1529.1 0

-941.25 -2658.5 -1529.1 0
-952.75 -2658.5 -1529.1 0

-941.25 2658.5 -1529.1 0
-952.75 2658.5 -1529.1 0

-952.75 -2658.5 -1517.6 0
-952.75 2658.5 -1517.6 0

-941.25 -2658.5 -1517.6 0
-941.25 2658.5 -1517.6 0

-952.75 -2658.5 -1517.6 0
-941.25 -2658.5 -1517.6 0

-952.75 2658.5 -1517.6 0
-941.25 2658.5 -1517.6 0

-952.75 -2658.5 -1529.1 0
-952.75 2658.5 -1529.1 0

-952.75 -2658.5 -1517.6 0
-952.75 2658.5 -1517.6 0

-952.75 -2658.5 -1529.1 0
-952.75 -2658.5 -1517.6 0

-952.75 2658.5 -1529.1 0
-952.75 2658.5 -1517.6 0

-941.25 -2658.5 -1517.6 0
-941.25 2658.5 -1517.6 0

-941.25 -2658.5 -1529.1 0
-941.25 2658.5 -1529.1 0

-941.25 -2658.5 -1517.6 0
-941.25 -2658.5 -1529.1 0

-941.25 2658.5 -1517.6 0
-941.25 2658.5 -1529.1 0

-941.25 -2658.5 -1529.1 0
-952.75 -2658.5 -1529.1 0

-941.25 -2658.5 -1517.6 0
-952.75 -2658.5 -1517.6 0

-941.25 -2658.5 -1529.1 0
-941.25 -2658.5 -1517.6 0

-952.75 -2658.5 -1529.1 0
-952.75 -2658.5 -1517.6 0

-941.25 2658.5 -1517.6 0
-952.75 2658.5 -1517.6 0

-941.25 2658.5 -1529.1 0
-952.75 2658.5 -1529.1 0

-941.25 2658.5 -1517.6 0
-941.25 2658.5 -1529.1 0

-952.75 2658.5 -1517.6 0
-952.75 2658.5 -1529.1 0

-941.25 -2658.5 -1512.11 0
-941.25 0 -1512.11 0

-941.25 0 -1512.11 0
-941.25 1329.25 -1512.11 0
-941.25 2658.5 -1512.11 0

-941.25 2658.5 -1512.11 0

-952.75 -2658.5 -1512.11 0
-952.75 2658.5 -1512.11 0

-941.25 -2658.5 -1512.11 0
-952.75 -2658.5 -1512.11 0

-941.25 2658.5 -1512.11 0
-952.75 2658.5 -1512.11 0

-952.75 -2658.5 -1500.61 0
-952.75 2658.5 -1500.61 0

-941.25 -2658.5 -1500.61 0
-941.25 2658.5 -1500.61 0

-952.75 -2658.5 -1500.61 0
-941.25 -2658.5 -1500.61 0

-952.75 2658.5 -1500.61 0
-941.25 2658.5 -1500.61 0

-952.75 -2658.5 -1512.11 0
-952.75 2658.5 -1512.11 0

-952.75 -2658.5 -1500.61 0
-952.75 2658.5 -1500.61 0

-952.75 -2658.5 -1512.11 0
-952.75 -2658.5 -1500.61 0

-952.75 2658.5 -1512.11 0
-952.75 2658.5 -1500.61 0

-941.25 -2658.5 -1500.61 0
-941.25 2658.5 -1500.61 0

-941.25 -2658.5 -1512.11 0
-941.25 2658.5 -1512.11 0

-941.25 -2658.5 -1500.61 0
-941.25 -2658.5 -1512.11 0

-941.25 2658.5 -1500.61 0
-941.25 2658.5 -1512.11 0

-941.25 -2658.5 -1512.11 0
-952.75 -2658.5 -1512.11 0

-941.25 -2658.5 -1500.61 0
-952.75 -2658.5 -1500.61 0

-941.25 -2658.5 -1512.11 0
-941.25 -2658.5 -1500.61 0

-952.75 -2658.5 -1512.11 0
-952.75 -2658.5 -1500.61 0

-941.25 2658.5 -1500.61 0
-952.75 2658.5 -1500.61 0

-941.25 2658.5 -1512.11 0
-952.75 2658.5 -1512.11 0

-941.25 2658.5 -1500.61 0
-941.25 2658.5 -1512.11 0

-952.75 2658.5 -1500.61 0
-952.75 2658.5 -1512.11 0

-941.25 -2658.5 -1495.12 0
-941.25 0 -1495.12 0

-941.25 0 -1495.12 0
-941.25 1329.25 -1495.12 0
-941.25 2658.5 -1495.12 0

-941.25 2658.5 -1495.12 0

-952.75 -2658.5 -1495.12 0
-952.75 2658.5 -1495.12 0

-941.25 -2658.5 -1495.12 0
-952.75 -2658.5 -1495.12 0

-941.25 2658.5 -1495.12 0
-952.75 2658.5 -1495.12 0

-952.75 -2658.5 -1483.62 0
-952.75 2658.5 -1483.62 0

-941.25 -2658.5 -1483.62 0
-941.25 2658.5 -1483.62 0

-952.75 -2658.5 -1483.62 0
-941.25 -2658.5 -1483.62 0

-952.75 2658.5 -1483.62 0
-941.25 2658.5 -1483.62 0

-952.75 -2658.5 -1495.12 0
-952.75 2658.5 -1495.12 0

-952.75 -2658.5 -1483.62 0
-952.75 2658.5 -1483.62 0

-952.75 -2658.5 -1495.12 0
-952.75 -2658.5 -1483.62 0

-952.75 2658.5 -1495.12 0
-952.75 2658.5 -1483.62 0

-941.25 -2658.5 -1483.62 0
-941.25 2658.5 -1483.62 0

-941.25 -2658.5 -1495.12 0
-941.25 2658.5 -1495.12 0

-941.25 -2658.5 -1483.62 0
-941.25 -2658.5 -1495.12 0

-941.25 2658.5 -1483.62 0
-941.25 2658.5 -1495.12 0

-941.25 -2658.5 -1495.12 0
-952.75 -2658.5 -1495.12 0

-941.25 -2658.5 -1483.62 0
-952.75 -2658.5 -1483.62 0

-941.25 -2658.5 -1495.12 0
-941.25 -2658.5 -1483.62 0

-952.75 -2658.5 -1495.12 0
-952.75 -2658.5 -1483.62 0

-941.25 2658.5 -1483.62 0
-952.75 2658.5 -1483.62 0

-941.25 2658.5 -1495.12 0
-952.75 2658.5 -1495.12 0

-941.25 2658.5 -1483.62 0
-941.25 2658.5 -1495.12 0

-952.75 2658.5 -1483.62 0
-952.75 2658.5 -1495.12 0

-941.25 -2658.5 -1478.13 0
-941.25 0 -1478.13 0

-941.25 0 -1478.13 0
-941.25 1329.25 -1478.13 0
-941.25 2658.5 -1478.13 0

-941.25 2658.5 -1478.13 0

-952.75 -2658.5 -1478.13 0
-952.75 2658.5 -1478.13 0

-941.25 -2658.5 -1478.13 0
-952.75 -2658.5 -1478.13 0

-941.25 2658.5 -1478.13 0
-952.75 2658.5 -1478.13 0

-952.75 -2658.5 -1466.63 0
-952.75 2658.5 -1466.63 0

-941.25 -2658.5 -1466.63 0
-941.25 2658.5 -1466.63 0

-952.75 -2658.5 -1466.63 0
-941.25 -2658.5 -1466.63 0

-952.75 2658.5 -1466.63 0
-941.25 2658.5 -1466.63 0

-952.75 -2658.5 -1478.13 0
-952.75 2658.5 -1478.13 0

-952.75 -2658.5 -1466.63 0
-952.75 2658.5 -1466.63 0

-952.75 -2658.5 -1478.13 0
-952.75 -2658.5 -1466.63 0

-952.75 2658.5 -1478.13 0
-952.75 2658.5 -1466.63 0

-941.25 -2658.5 -1466.63 0
-941.25 2658.5 -1466.63 0

-941.25 -2658.5 -1478.13 0
-941.25 2658.5 -1478.13 0

-941.25 -2658.5 -1466.63 0
-941.25 -2658.5 -1478.13 0

-941.25 2658.5 -1466.63 0
-941.25 2658.5 -1478.13 0

-941.25 -2658.5 -1478.13 0
-952.75 -2658.5 -1478.13 0

-941.25 -2658.5 -1466.63 0
-952.75 -2658.5 -1466.63 0

-941.25 -2658.5 -1478.13 0
-941.25 -2658.5 -1466.63 0

-952.75 -2658.5 -1478.13 0
-952.75 -2658.5 -1466.63 0

-941.25 2658.5 -1466.63 0
-952.75 2658.5 -1466.63 0

-941.25 2658.5 -1478.13 0
-952.75 2658.5 -1478.13 0

-941.25 2658.5 -1466.63 0
-941.25 2658.5 -1478.13 0

-952.75 2658.5 -1466.63 0
-952.75 2658.5 -1478.13 0

-941.25 -2658.5 -1461.14 0
-941.25 0 -1461.14 0

-941.25 0 -1461.14 0
-941.25 1329.25 -1461.14 0
-941.25 2658.5 -1461.14 0

-941.25 2658.5 -1461.14 0

-952.75 -2658.5 -1461.14 0
-952.75 2658.5 -1461.14 0

-941.25 -2658.5 -1461.14 0
-952.75 -2658.5 -1461.14 0

-941.25 2658.5 -1461.14 0
-952.75 2658.5 -1461.14 0

-952.75 -2658.5 -1449.64 0
-952.75 2658.5 -1449.64 0

-941.25 -2658.5 -1449.64 0
-941.25 2658.5 -1449.64 0

-952.75 -2658.5 -1449.64 0
-941.25 -2658.5 -1449.64 0

-952.75 2658.5 -1449.64 0
-941.25 2658.5 -1449.64 0

-952.75 -2658.5 -1461.14 0
-952.75 2658.5 -1461.14 0

-952.75 -2658.5 -1449.64 0
-952.75 2658.5 -1449.64 0

-952.75 -2658.5 -1461.14 0
-952.75 -2658.5 -1449.64 0

-952.75 2658.5 -1461.14 0
-952.75 2658.5 -1449.64 0

-941.25 -2658.5 -1449.64 0
-941.25 2658.5 -1449.64 0

-941.25 -2658.5 -1461.14 0
-941.25 2658.5 -1461.14 0

-941.25 -2658.5 -1449.64 0
-941.25 -2658.5 -1461.14 0

-941.25 2658.5 -1449.64 0
-941.25 2658.5 -1461.14 0

-941.25 -2658.5 -1461.14 0
-952.75 -2658.5 -1461.14 0

-941.25 -2658.5 -1449.64 0
-952.75 -2658.5 -1449.64 0

-941.25 -2658.5 -1461.14 0
-941.25 -2658.5 -1449.64 0

-952.75 -2658.5 -1461.14 0
-952.75 -2658.5 -1449.64 0

-941.25 2658.5 -1449.64 0
-952.75 2658.5 -1449.64 0

-941.25 2658.5 -1461.14 0
-952.75 2658.5 -1461.14 0

-941.25 2658.5 -1449.64 0
-941.25 2658.5 -1461.14 0

-952.75 2658.5 -1449.64 0
-952.75 2658.5 -1461.14 0

-941.25 -2658.5 -1444.15 0
-941.25 0 -1444.15 0

-941.25 0 -1444.15 0
-941.25 1329.25 -1444.15 0
-941.25 2658.5 -1444.15 0

-941.25 2658.5 -1444.15 0

-952.75 -2658.5 -1444.15 0
-952.75 2658.5 -1444.15 0

-941.25 -2658.5 -1444.15 0
-952.75 -2658.5 -1444.15 0

-941.25 2658.5 -1444.15 0
-952.75 2658.5 -1444.15 0

-952.75 -2658.5 -1432.65 0
-952.75 2658.5 -1432.65 0

-941.25 -2658.5 -1432.65 0
-941.25 2658.5 -1432.65 0

-952.75 -2658.5 -1432.65 0
-941.25 -2658.5 -1432.65 0

-952.75 2658.5 -1432.65 0
-941.25 2658.5 -1432.65 0

-952.75 -2658.5 -1444.15 0
-952.75 2658.5 -1444.15 0

-952.75 -2658.5 -1432.65 0
-952.75 2658.5 -1432.65 0

-952.75 -2658.5 -1444.15 0
-952.75 -2658.5 -1432.65 0

-952.75 2658.5 -1444.15 0
-952.75 2658.5 -1432.65 0

-941.25 -2658.5 -1432.65 0
-941.25 2658.5 -1432.65 0

-941.25 -2658.5 -1444.15 0
-941.25 2658.5 -1444.15 0

-941.25 -2658.5 -1432.65 0
-941.25 -2658.5 -1444.15 0

-941.25 2658.5 -1432.65 0
-941.25 2658.5 -1444.15 0

-941.25 -2658.5 -1444.15 0
-952.75 -2658.5 -1444.15 0

-941.25 -2658.5 -1432.65 0
-952.75 -2658.5 -1432.65 0

-941.25 -2658.5 -1444.15 0
-941.25 -2658.5 -1432.65 0

-952.75 -2658.5 -1444.15 0
-952.75 -2658.5 -1432.65 0

-941.25 2658.5 -1432.65 0
-952.75 2658.5 -1432.65 0

-941.25 2658.5 -1444.15 0
-952.75 2658.5 -1444.15 0

-941.25 2658.5 -1432.65 0
-941.25 2658.5 -1444.15 0

-952.75 2658.5 -1432.65 0
-952.75 2658.5 -1444.15 0

-941.25 -2658.5 -1427.16 0
-941.25 0 -1427.16 0

-941.25 0 -1427.16 0
-941.25 1329.25 -1427.16 0
-941.25 2658.5 -1427.16 0

-941.25 2658.5 -1427.16 0

-952.75 -2658.5 -1427.16 0
-952.75 2658.5 -1427.16 0

-941.25 -2658.5 -1427.16 0
-952.75 -2658.5 -1427.16 0

-941.25 2658.5 -1427.16 0
-952.75 2658.5 -1427.16 0

-952.75 -2658.5 -1415.66 0
-952.75 2658.5 -1415.66 0

-941.25 -2658.5 -1415.66 0
-941.25 2658.5 -1415.66 0

-952.75 -2658.5 -1415.66 0
-941.25 -2658.5 -1415.66 0

-952.75 2658.5 -1415.66 0
-941.25 2658.5 -1415.66 0

-952.75 -2658.5 -1427.16 0
-952.75 2658.5 -1427.16 0

-952.75 -2658.5 -1415.66 0
-952.75 2658.5 -1415.66 0

-952.75 -2658.5 -1427.16 0
-952.75 -2658.5 -1415.66 0

-952.75 2658.5 -1427.16 0
-952.75 2658.5 -1415.66 0

-941.25 -2658.5 -1415.66 0
-941.25 2658.5 -1415.66 0

-941.25 -2658.5 -1427.16 0
-941.25 2658.5 -1427.16 0

-941.25 -2658.5 -1415.66 0
-941.25 -2658.5 -1427.16 0

-941.25 2658.5 -1415.66 0
-941.25 2658.5 -1427.16 0

-941.25 -2658.5 -1427.16 0
-952.75 -2658.5 -1427.16 0

-941.25 -2658.5 -1415.66 0
-952.75 -2658.5 -1415.66 0

-941.25 -2658.5 -1427.16 0
-941.25 -2658.5 -1415.66 0

-952.75 -2658.5 -1427.16 0
-952.75 -2658.5 -1415.66 0

-941.25 2658.5 -1415.66 0
-952.75 2658.5 -1415.66 0

-941.25 2658.5 -1427.16 0
-952.75 2658.5 -1427.16 0

-941.25 2658.5 -1415.66 0
-941.25 2658.5 -1427.16 0

-952.75 2658.5 -1415.66 0
-952.75 2658.5 -1427.16 0

-941.25 -2658.5 -1410.17 0
-941.25 0 -1410.17 0

-941.25 0 -1410.17 0
-941.25 1329.25 -1410.17 0
-941.25 2658.5 -1410.17 0

-941.25 2658.5 -1410.17 0

-952.75 -2658.5 -1410.17 0
-952.75 2658.5 -1410.17 0

-941.25 -2658.5 -1410.17 0
-952.75 -2658.5 -1410.17 0

-941.25 2658.5 -1410.17 0
-952.75 2658.5 -1410.17 0

-952.75 -2658.5 -1398.67 0
-952.75 2658.5 -1398.67 0

-941.25 -2658.5 -1398.67 0
-941.25 2658.5 -1398.67 0

-952.75 -2658.5 -1398.67 0
-941.25 -2658.5 -1398.67 0

-952.75 2658.5 -1398.67 0
-941.25 2658.5 -1398.67 0

-952.75 -2658.5 -1410.17 0
-952.75 2658.5 -1410.17 0

-952.75 -2658.5 -1398.67 0
-952.75 2658.5 -1398.67 0

-952.75 -2658.5 -1410.17 0
-952.75 -2658.5 -1398.67 0

-952.75 2658.5 -1410.17 0
-952.75 2658.5 -1398.67 0

-941.25 -2658.5 -1398.67 0
-941.25 2658.5 -1398.67 0

-941.25 -2658.5 -1410.17 0
-941.25 2658.5 -1410.17 0

-941.25 -2658.5 -1398.67 0
-941.25 -2658.5 -1410.17 0

-941.25 2658.5 -1398.67 0
-941.25 2658.5 -1410.17 0

-941.25 -2658.5 -1410.17 0
-952.75 -2658.5 -1410.17 0

-941.25 -2658.5 -1398.67 0
-952.75 -2658.5 -1398.67 0

-941.25 -2658.5 -1410.17 0
-941.25 -2658.5 -1398.67 0

-952.75 -2658.5 -1410.17 0
-952.75 -2658.5 -1398.67 0

-941.25 2658.5 -1398.67 0
-952.75 2658.5 -1398.67 0

-941.25 2658.5 -1410.17 0
-952.75 2658.5 -1410.17 0

-941.25 2658.5 -1398.67 0
-941.25 2658.5 -1410.17 0

-952.75 2658.5 -1398.67 0
-952.75 2658.5 -1410.17 0

-941.25 -2658.5 -1393.18 0
-941.25 0 -1393.18 0

-941.25 0 -1393.18 0
-941.25 1329.25 -1393.18 0
-941.25 2658.5 -1393.18 0

-941.25 2658.5 -1393.18 0

-952.75 -2658.5 -1393.18 0
-952.75 2658.5 -1393.18 0

-941.25 -2658.5 -1393.18 0
-952.75 -2658.5 -1393.18 0

-941.25 2658.5 -1393.18 0
-952.75 2658.5 -1393.18 0

-952.75 -2658.5 -1381.68 0
-952.75 2658.5 -1381.68 0

-941.25 -2658.5 -1381.68 0
-941.25 2658.5 -1381.68 0

-952.75 -2658.5 -1381.68 0
-941.25 -2658.5 -1381.68 0

-952.75 2658.5 -1381.68 0
-941.25 2658.5 -1381.68 0

-952.75 -2658.5 -1393.18 0
-952.75 2658.5 -1393.18 0

-952.75 -2658.5 -1381.68 0
-952.75 2658.5 -1381.68 0

-952.75 -2658.5 -1393.18 0
-952.75 -2658.5 -1381.68 0

-952.75 2658.5 -1393.18 0
-952.75 2658.5 -1381.68 0

-941.25 -2658.5 -1381.68 0
-941.25 2658.5 -1381.68 0

-941.25 -2658.5 -1393.18 0
-941.25 2658.5 -1393.18 0

-941.25 -2658.5 -1381.68 0
-941.25 -2658.5 -1393.18 0

-941.25 2658.5 -1381.68 0
-941.25 2658.5 -1393.18 0

-941.25 -2658.5 -1393.18 0
-952.75 -2658.5 -1393.18 0

-941.25 -2658.5 -1381.68 0
-952.75 -2658.5 -1381.68 0

-941.25 -2658.5 -1393.18 0
-941.25 -2658.5 -1381.68 0

-952.75 -2658.5 -1393.18 0
-952.75 -2658.5 -1381.68 0

-941.25 2658.5 -1381.68 0
-952.75 2658.5 -1381.68 0

-941.25 2658.5 -1393.18 0
-952.75 2658.5 -1393.18 0

-941.25 2658.5 -1381.68 0
-941.25 2658.5 -1393.18 0

-952.75 2658.5 -1381.68 0
-952.75 2658.5 -1393.18 0

-941.25 -2658.5 -1376.19 0
-941.25 0 -1376.19 0

-941.25 0 -1376.19 0
-941.25 1329.25 -1376.19 0
-941.25 2658.5 -1376.19 0

-941.25 2658.5 -1376.19 0

-952.75 -2658.5 -1376.19 0
-952.75 2658.5 -1376.19 0

-941.25 -2658.5 -1376.19 0
-952.75 -2658.5 -1376.19 0

-941.25 2658.5 -1376.19 0
-952.75 2658.5 -1376.19 0

-952.75 -2658.5 -1364.69 0
-952.75 2658.5 -1364.69 0

-941.25 -2658.5 -1364.69 0
-941.25 2658.5 -1364.69 0

-952.75 -2658.5 -1364.69 0
-941.25 -2658.5 -1364.69 0

-952.75 2658.5 -1364.69 0
-941.25 2658.5 -1364.69 0

-952.75 -2658.5 -1376.19 0
-952.75 2658.5 -1376.19 0

-952.75 -2658.5 -1364.69 0
-952.75 2658.5 -1364.69 0

-952.75 -2658.5 -1376.19 0
-952.75 -2658.5 -1364.69 0

-952.75 2658.5 -1376.19 0
-952.75 2658.5 -1364.69 0

-941.25 -2658.5 -1364.69 0
-941.25 2658.5 -1364.69 0

-941.25 -2658.5 -1376.19 0
-941.25 2658.5 -1376.19 0

-941.25 -2658.5 -1364.69 0
-941.25 -2658.5 -1376.19 0

-941.25 2658.5 -1364.69 0
-941.25 2658.5 -1376.19 0

-941.25 -2658.5 -1376.19 0
-952.75 -2658.5 -1376.19 0

-941.25 -2658.5 -1364.69 0
-952.75 -2658.5 -1364.69 0

-941.25 -2658.5 -1376.19 0
-941.25 -2658.5 -1364.69 0

-952.75 -2658.5 -1376.19 0
-952.75 -2658.5 -1364.69 0

-941.25 2658.5 -1364.69 0
-952.75 2658.5 -1364.69 0

-941.25 2658.5 -1376.19 0
-952.75 2658.5 -1376.19 0

-941.25 2658.5 -1364.69 0
-941.25 2658.5 -1376.19 0

-952.75 2658.5 -1364.69 0
-952.75 2658.5 -1376.19 0

-941.25 -2658.5 -1359.2 0
-941.25 0 -1359.2 0

-941.25 0 -1359.2 0
-941.25 1329.25 -1359.2 0
-941.25 2658.5 -1359.2 0

-941.25 2658.5 -1359.2 0

-952.75 -2658.5 -1359.2 0
-952.75 2658.5 -1359.2 0

-941.25 -2658.5 -1359.2 0
-952.75 -2658.5 -1359.2 0

-941.25 2658.5 -1359.2 0
-952.75 2658.5 -1359.2 0

-952.75 -2658.5 -1347.7 0
-952.75 2658.5 -1347.7 0

-941.25 -2658.5 -1347.7 0
-941.25 2658.5 -1347.7 0

-952.75 -2658.5 -1347.7 0
-941.25 -2658.5 -1347.7 0

-952.75 2658.5 -1347.7 0
-941.25 2658.5 -1347.7 0

-952.75 -2658.5 -1359.2 0
-952.75 2658.5 -1359.2 0

-952.75 -2658.5 -1347.7 0
-952.75 2658.5 -1347.7 0

-952.75 -2658.5 -1359.2 0
-952.75 -2658.5 -1347.7 0

-952.75 2658.5 -1359.2 0
-952.75 2658.5 -1347.7 0

-941.25 -2658.5 -1347.7 0
-941.25 2658.5 -1347.7 0

-941.25 -2658.5 -1359.2 0
-941.25 2658.5 -1359.2 0

-941.25 -2658.5 -1347.7 0
-941.25 -2658.5 -1359.2 0

-941.25 2658.5 -1347.7 0
-941.25 2658.5 -1359.2 0

-941.25 -2658.5 -1359.2 0
-952.75 -2658.5 -1359.2 0

-941.25 -2658.5 -1347.7 0
-952.75 -2658.5 -1347.7 0

-941.25 -2658.5 -1359.2 0
-941.25 -2658.5 -1347.7 0

-952.75 -2658.5 -1359.2 0
-952.75 -2658.5 -1347.7 0

-941.25 2658.5 -1347.7 0
-952.75 2658.5 -1347.7 0

-941.25 2658.5 -1359.2 0
-952.75 2658.5 -1359.2 0

-941.25 2658.5 -1347.7 0
-941.25 2658.5 -1359.2 0

-952.75 2658.5 -1347.7 0
-952.75 2658.5 -1359.2 0

-941.25 -2658.5 -1342.21 0
-941.25 0 -1342.21 0

-941.25 0 -1342.21 0
-941.25 1329.25 -1342.21 0
-941.25 2658.5 -1342.21 0

-941.25 2658.5 -1342.21 0

-952.75 -2658.5 -1342.21 0
-952.75 2658.5 -1342.21 0

-941.25 -2658.5 -1342.21 0
-952.75 -2658.5 -1342.21 0

-941.25 2658.5 -1342.21 0
-952.75 2658.5 -1342.21 0

-952.75 -2658.5 -1330.71 0
-952.75 2658.5 -1330.71 0

-941.25 -2658.5 -1330.71 0
-941.25 2658.5 -1330.71 0

-952.75 -2658.5 -1330.71 0
-941.25 -2658.5 -1330.71 0

-952.75 2658.5 -1330.71 0
-941.25 2658.5 -1330.71 0

-952.75 -2658.5 -1342.21 0
-952.75 2658.5 -1342.21 0

-952.75 -2658.5 -1330.71 0
-952.75 2658.5 -1330.71 0

-952.75 -2658.5 -1342.21 0
-952.75 -2658.5 -1330.71 0

-952.75 2658.5 -1342.21 0
-952.75 2658.5 -1330.71 0

-941.25 -2658.5 -1330.71 0
-941.25 2658.5 -1330.71 0

-941.25 -2658.5 -1342.21 0
-941.25 2658.5 -1342.21 0

-941.25 -2658.5 -1330.71 0
-941.25 -2658.5 -1342.21 0

-941.25 2658.5 -1330.71 0
-941.25 2658.5 -1342.21 0

-941.25 -2658.5 -1342.21 0
-952.75 -2658.5 -1342.21 0

-941.25 -2658.5 -1330.71 0
-952.75 -2658.5 -1330.71 0

-941.25 -2658.5 -1342.21 0
-941.25 -2658.5 -1330.71 0

-952.75 -2658.5 -1342.21 0
-952.75 -2658.5 -1330.71 0

-941.25 2658.5 -1330.71 0
-952.75 2658.5 -1330.71 0

-941.25 2658.5 -1342.21 0
-952.75 2658.5 -1342.21 0

-941.25 2658.5 -1330.71 0
-941.25 2658.5 -1342.21 0

-952.75 2658.5 -1330.71 0
-952.75 2658.5 -1342.21 0

-941.25 -2658.5 -1325.22 0
-941.25 0 -1325.22 0

-941.25 0 -1325.22 0
-941.25 1329.25 -1325.22 0
-941.25 2658.5 -1325.22 0

-941.25 2658.5 -1325.22 0

-952.75 -2658.5 -1325.22 0
-952.75 2658.5 -1325.22 0

-941.25 -2658.5 -1325.22 0
-952.75 -2658.5 -1325.22 0

-941.25 2658.5 -1325.22 0
-952.75 2658.5 -1325.22 0

-952.75 -2658.5 -1313.72 0
-952.75 2658.5 -1313.72 0

-941.25 -2658.5 -1313.72 0
-941.25 2658.5 -1313.72 0

-952.75 -2658.5 -1313.72 0
-941.25 -2658.5 -1313.72 0

-952.75 2658.5 -1313.72 0
-941.25 2658.5 -1313.72 0

-952.75 -2658.5 -1325.22 0
-952.75 2658.5 -1325.22 0

-952.75 -2658.5 -1313.72 0
-952.75 2658.5 -1313.72 0

-952.75 -2658.5 -1325.22 0
-952.75 -2658.5 -1313.72 0

-952.75 2658.5 -1325.22 0
-952.75 2658.5 -1313.72 0

-941.25 -2658.5 -1313.72 0
-941.25 2658.5 -1313.72 0

-941.25 -2658.5 -1325.22 0
-941.25 2658.5 -1325.22 0

-941.25 -2658.5 -1313.72 0
-941.25 -2658.5 -1325.22 0

-941.25 2658.5 -1313.72 0
-941.25 2658.5 -1325.22 0

-941.25 -2658.5 -1325.22 0
-952.75 -2658.5 -1325.22 0

-941.25 -2658.5 -1313.72 0
-952.75 -2658.5 -1313.72 0

-941.25 -2658.5 -1325.22 0
-941.25 -2658.5 -1313.72 0

-952.75 -2658.5 -1325.22 0
-952.75 -2658.5 -1313.72 0

-941.25 2658.5 -1313.72 0
-952.75 2658.5 -1313.72 0

-941.25 2658.5 -1325.22 0
-952.75 2658.5 -1325.22 0

-941.25 2658.5 -1313.72 0
-941.25 2658.5 -1325.22 0

-952.75 2658.5 -1313.72 0
-952.75 2658.5 -1325.22 0

-941.25 -2658.5 -1308.23 0
-941.25 0 -1308.23 0

-941.25 0 -1308.23 0
-941.25 1329.25 -1308.23 0
-941.25 2658.5 -1308.23 0

-941.25 2658.5 -1308.23 0

-952.75 -2658.5 -1308.23 0
-952.75 2658.5 -1308.23 0

-941.25 -2658.5 -1308.23 0
-952.75 -2658.5 -1308.23 0

-941.25 2658.5 -1308.23 0
-952.75 2658.5 -1308.23 0

-952.75 -2658.5 -1296.73 0
-952.75 2658.5 -1296.73 0

-941.25 -2658.5 -1296.73 0
-941.25 2658.5 -1296.73 0

-952.75 -2658.5 -1296.73 0
-941.25 -2658.5 -1296.73 0

-952.75 2658.5 -1296.73 0
-941.25 2658.5 -1296.73 0

-952.75 -2658.5 -1308.23 0
-952.75 2658.5 -1308.23 0

-952.75 -2658.5 -1296.73 0
-952.75 2658.5 -1296.73 0

-952.75 -2658.5 -1308.23 0
-952.75 -2658.5 -1296.73 0

-952.75 2658.5 -1308.23 0
-952.75 2658.5 -1296.73 0

-941.25 -2658.5 -1296.73 0
-941.25 2658.5 -1296.73 0

-941.25 -2658.5 -1308.23 0
-941.25 2658.5 -1308.23 0

-941.25 -2658.5 -1296.73 0
-941.25 -2658.5 -1308.23 0

-941.25 2658.5 -1296.73 0
-941.25 2658.5 -1308.23 0

-941.25 -2658.5 -1308.23 0
-952.75 -2658.5 -1308.23 0

-941.25 -2658.5 -1296.73 0
-952.75 -2658.5 -1296.73 0

-941.25 -2658.5 -1308.23 0
-941.25 -2658.5 -1296.73 0

-952.75 -2658.5 -1308.23 0
-952.75 -2658.5 -1296.73 0

-941.25 2658.5 -1296.73 0
-952.75 2658.5 -1296.73 0

-941.25 2658.5 -1308.23 0
-952.75 2658.5 -1308.23 0

-941.25 2658.5 -1296.73 0
-941.25 2658.5 -1308.23 0

-952.75 2658.5 -1296.73 0
-952.75 2658.5 -1308.23 0

-941.25 -2658.5 -1291.24 0
-941.25 0 -1291.24 0

-941.25 0 -1291.24 0
-941.25 1329.25 -1291.24 0
-941.25 2658.5 -1291.24 0

-941.25 2658.5 -1291.24 0

-952.75 -2658.5 -1291.24 0
-952.75 2658.5 -1291.24 0

-941.25 -2658.5 -1291.24 0
-952.75 -2658.5 -1291.24 0

-941.25 2658.5 -1291.24 0
-952.75 2658.5 -1291.24 0

-952.75 -2658.5 -1279.74 0
-952.75 2658.5 -1279.74 0

-941.25 -2658.5 -1279.74 0
-941.25 2658.5 -1279.74 0

-952.75 -2658.5 -1279.74 0
-941.25 -2658.5 -1279.74 0

-952.75 2658.5 -1279.74 0
-941.25 2658.5 -1279.74 0

-952.75 -2658.5 -1291.24 0
-952.75 2658.5 -1291.24 0

-952.75 -2658.5 -1279.74 0
-952.75 2658.5 -1279.74 0

-952.75 -2658.5 -1291.24 0
-952.75 -2658.5 -1279.74 0

-952.75 2658.5 -1291.24 0
-952.75 2658.5 -1279.74 0

-941.25 -2658.5 -1279.74 0
-941.25 2658.5 -1279.74 0

-941.25 -2658.5 -1291.24 0
-941.25 2658.5 -1291.24 0

-941.25 -2658.5 -1279.74 0
-941.25 -2658.5 -1291.24 0

-941.25 2658.5 -1279.74 0
-941.25 2658.5 -1291.24 0

-941.25 -2658.5 -1291.24 0
-952.75 -2658.5 -1291.24 0

-941.25 -2658.5 -1279.74 0
-952.75 -2658.5 -1279.74 0

-941.25 -2658.5 -1291.24 0
-941.25 -2658.5 -1279.74 0

-952.75 -2658.5 -1291.24 0
-952.75 -2658.5 -1279.74 0

-941.25 2658.5 -1279.74 0
-952.75 2658.5 -1279.74 0

-941.25 2658.5 -1291.24 0
-952.75 2658.5 -1291.24 0

-941.25 2658.5 -1279.74 0
-941.25 2658.5 -1291.24 0

-952.75 2658.5 -1279.74 0
-952.75 2658.5 -1291.24 0

-941.25 -2658.5 -1274.25 0
-941.25 0 -1274.25 0

-941.25 0 -1274.25 0
-941.25 1329.25 -1274.25 0
-941.25 2658.5 -1274.25 0

-941.25 2658.5 -1274.25 0

-952.75 -2658.5 -1274.25 0
-952.75 2658.5 -1274.25 0

-941.25 -2658.5 -1274.25 0
-952.75 -2658.5 -1274.25 0

-941.25 2658.5 -1274.25 0
-952.75 2658.5 -1274.25 0

-952.75 -2658.5 -1262.75 0
-952.75 2658.5 -1262.75 0

-941.25 -2658.5 -1262.75 0
-941.25 2658.5 -1262.75 0

-952.75 -2658.5 -1262.75 0
-941.25 -2658.5 -1262.75 0

-952.75 2658.5 -1262.75 0
-941.25 2658.5 -1262.75 0

-952.75 -2658.5 -1274.25 0
-952.75 2658.5 -1274.25 0

-952.75 -2658.5 -1262.75 0
-952.75 2658.5 -1262.75 0

-952.75 -2658.5 -1274.25 0
-952.75 -2658.5 -1262.75 0

-952.75 2658.5 -1274.25 0
-952.75 2658.5 -1262.75 0

-941.25 -2658.5 -1262.75 0
-941.25 2658.5 -1262.75 0

-941.25 -2658.5 -1274.25 0
-941.25 2658.5 -1274.25 0

-941.25 -2658.5 -1262.75 0
-941.25 -2658.5 -1274.25 0

-941.25 2658.5 -1262.75 0
-941.25 2658.5 -1274.25 0

-941.25 -2658.5 -1274.25 0
-952.75 -2658.5 -1274.25 0

-941.25 -2658.5 -1262.75 0
-952.75 -2658.5 -1262.75 0

-941.25 -2658.5 -1274.25 0
-941.25 -2658.5 -1262.75 0

-952.75 -2658.5 -1274.25 0
-952.75 -2658.5 -1262.75 0

-941.25 2658.5 -1262.75 0
-952.75 2658.5 -1262.75 0

-941.25 2658.5 -1274.25 0
-952.75 2658.5 -1274.25 0

-941.25 2658.5 -1262.75 0
-941.25 2658.5 -1274.25 0

-952.75 2658.5 -1262.75 0
-952.75 2658.5 -1274.25 0

-941.25 -2658.5 -1257.26 0
-941.25 0 -1257.26 0

-941.25 0 -1257.26 0
-941.25 1329.25 -1257.26 0
-941.25 2658.5 -1257.26 0

-941.25 2658.5 -1257.26 0

-952.75 -2658.5 -1257.26 0
-952.75 2658.5 -1257.26 0

-941.25 -2658.5 -1257.26 0
-952.75 -2658.5 -1257.26 0

-941.25 2658.5 -1257.26 0
-952.75 2658.5 -1257.26 0

-952.75 -2658.5 -1245.76 0
-952.75 2658.5 -1245.76 0

-941.25 -2658.5 -1245.76 0
-941.25 2658.5 -1245.76 0

-952.75 -2658.5 -1245.76 0
-941.25 -2658.5 -1245.76 0

-952.75 2658.5 -1245.76 0
-941.25 2658.5 -1245.76 0

-952.75 -2658.5 -1257.26 0
-952.75 2658.5 -1257.26 0

-952.75 -2658.5 -1245.76 0
-952.75 2658.5 -1245.76 0

-952.75 -2658.5 -1257.26 0
-952.75 -2658.5 -1245.76 0

-952.75 2658.5 -1257.26 0
-952.75 2658.5 -1245.76 0

-941.25 -2658.5 -1245.76 0
-941.25 2658.5 -1245.76 0

-941.25 -2658.5 -1257.26 0
-941.25 2658.5 -1257.26 0

-941.25 -2658.5 -1245.76 0
-941.25 -2658.5 -1257.26 0

-941.25 2658.5 -1245.76 0
-941.25 2658.5 -1257.26 0

-941.25 -2658.5 -1257.26 0
-952.75 -2658.5 -1257.26 0

-941.25 -2658.5 -1245.76 0
-952.75 -2658.5 -1245.76 0

-941.25 -2658.5 -1257.26 0
-941.25 -2658.5 -1245.76 0

-952.75 -2658.5 -1257.26 0
-952.75 -2658.5 -1245.76 0

-941.25 2658.5 -1245.76 0
-952.75 2658.5 -1245.76 0

-941.25 2658.5 -1257.26 0
-952.75 2658.5 -1257.26 0

-941.25 2658.5 -1245.76 0
-941.25 2658.5 -1257.26 0

-952.75 2658.5 -1245.76 0
-952.75 2658.5 -1257.26 0

-941.25 -2658.5 -1240.27 0
-941.25 0 -1240.27 0

-941.25 0 -1240.27 0
-941.25 1329.25 -1240.27 0
-941.25 2658.5 -1240.27 0

-941.25 2658.5 -1240.27 0

-952.75 -2658.5 -1240.27 0
-952.75 2658.5 -1240.27 0

-941.25 -2658.5 -1240.27 0
-952.75 -2658.5 -1240.27 0

-941.25 2658.5 -1240.27 0
-952.75 2658.5 -1240.27 0

-952.75 -2658.5 -1228.77 0
-952.75 2658.5 -1228.77 0

-941.25 -2658.5 -1228.77 0
-941.25 2658.5 -1228.77 0

-952.75 -2658.5 -1228.77 0
-941.25 -2658.5 -1228.77 0

-952.75 2658.5 -1228.77 0
-941.25 2658.5 -1228.77 0

-952.75 -2658.5 -1240.27 0
-952.75 2658.5 -1240.27 0

-952.75 -2658.5 -1228.77 0
-952.75 2658.5 -1228.77 0

-952.75 -2658.5 -1240.27 0
-952.75 -2658.5 -1228.77 0

-952.75 2658.5 -1240.27 0
-952.75 2658.5 -1228.77 0

-941.25 -2658.5 -1228.77 0
-941.25 2658.5 -1228.77 0

-941.25 -2658.5 -1240.27 0
-941.25 2658.5 -1240.27 0

-941.25 -2658.5 -1228.77 0
-941.25 -2658.5 -1240.27 0

-941.25 2658.5 -1228.77 0
-941.25 2658.5 -1240.27 0

-941.25 -2658.5 -1240.27 0
-952.75 -2658.5 -1240.27 0

-941.25 -2658.5 -1228.77 0
-952.75 -2658.5 -1228.77 0

-941.25 -2658.5 -1240.27 0
-941.25 -2658.5 -1228.77 0

-952.75 -2658.5 -1240.27 0
-952.75 -2658.5 -1228.77 0

-941.25 2658.5 -1228.77 0
-952.75 2658.5 -1228.77 0

-941.25 2658.5 -1240.27 0
-952.75 2658.5 -1240.27 0

-941.25 2658.5 -1228.77 0
-941.25 2658.5 -1240.27 0

-952.75 2658.5 -1228.77 0
-952.75 2658.5 -1240.27 0

-941.25 -2658.5 -1223.28 0
-941.25 0 -1223.28 0

-941.25 0 -1223.28 0
-941.25 1329.25 -1223.28 0
-941.25 2658.5 -1223.28 0

-941.25 2658.5 -1223.28 0

-952.75 -2658.5 -1223.28 0
-952.75 2658.5 -1223.28 0

-941.25 -2658.5 -1223.28 0
-952.75 -2658.5 -1223.28 0

-941.25 2658.5 -1223.28 0
-952.75 2658.5 -1223.28 0

-952.75 -2658.5 -1211.78 0
-952.75 2658.5 -1211.78 0

-941.25 -2658.5 -1211.78 0
-941.25 2658.5 -1211.78 0

-952.75 -2658.5 -1211.78 0
-941.25 -2658.5 -1211.78 0

-952.75 2658.5 -1211.78 0
-941.25 2658.5 -1211.78 0

-952.75 -2658.5 -1223.28 0
-952.75 2658.5 -1223.28 0

-952.75 -2658.5 -1211.78 0
-952.75 2658.5 -1211.78 0

-952.75 -2658.5 -1223.28 0
-952.75 -2658.5 -1211.78 0

-952.75 2658.5 -1223.28 0
-952.75 2658.5 -1211.78 0

-941.25 -2658.5 -1211.78 0
-941.25 2658.5 -1211.78 0

-941.25 -2658.5 -1223.28 0
-941.25 2658.5 -1223.28 0

-941.25 -2658.5 -1211.78 0
-941.25 -2658.5 -1223.28 0

-941.25 2658.5 -1211.78 0
-941.25 2658.5 -1223.28 0

-941.25 -2658.5 -1223.28 0
-952.75 -2658.5 -1223.28 0

-941.25 -2658.5 -1211.78 0
-952.75 -2658.5 -1211.78 0

-941.25 -2658.5 -1223.28 0
-941.25 -2658.5 -1211.78 0

-952.75 -2658.5 -1223.28 0
-952.75 -2658.5 -1211.78 0

-941.25 2658.5 -1211.78 0
-952.75 2658.5 -1211.78 0

-941.25 2658.5 -1223.28 0
-952.75 2658.5 -1223.28 0

-941.25 2658.5 -1211.78 0
-941.25 2658.5 -1223.28 0

-952.75 2658.5 -1211.78 0
-952.75 2658.5 -1223.28 0

-941.25 -2658.5 -1206.29 0
-941.25 0 -1206.29 0

-941.25 0 -1206.29 0
-941.25 1329.25 -1206.29 0
-941.25 2658.5 -1206.29 0

-941.25 2658.5 -1206.29 0

-952.75 -2658.5 -1206.29 0
-952.75 2658.5 -1206.29 0

-941.25 -2658.5 -1206.29 0
-952.75 -2658.5 -1206.29 0

-941.25 2658.5 -1206.29 0
-952.75 2658.5 -1206.29 0

-952.75 -2658.5 -1194.79 0
-952.75 2658.5 -1194.79 0

-941.25 -2658.5 -1194.79 0
-941.25 2658.5 -1194.79 0

-952.75 -2658.5 -1194.79 0
-941.25 -2658.5 -1194.79 0

-952.75 2658.5 -1194.79 0
-941.25 2658.5 -1194.79 0

-952.75 -2658.5 -1206.29 0
-952.75 2658.5 -1206.29 0

-952.75 -2658.5 -1194.79 0
-952.75 2658.5 -1194.79 0

-952.75 -2658.5 -1206.29 0
-952.75 -2658.5 -1194.79 0

-952.75 2658.5 -1206.29 0
-952.75 2658.5 -1194.79 0

-941.25 -2658.5 -1194.79 0
-941.25 2658.5 -1194.79 0

-941.25 -2658.5 -1206.29 0
-941.25 2658.5 -1206.29 0

-941.25 -2658.5 -1194.79 0
-941.25 -2658.5 -1206.29 0

-941.25 2658.5 -1194.79 0
-941.25 2658.5 -1206.29 0

-941.25 -2658.5 -1206.29 0
-952.75 -2658.5 -1206.29 0

-941.25 -2658.5 -1194.79 0
-952.75 -2658.5 -1194.79 0

-941.25 -2658.5 -1206.29 0
-941.25 -2658.5 -1194.79 0

-952.75 -2658.5 -1206.29 0
-952.75 -2658.5 -1194.79 0

-941.25 2658.5 -1194.79 0
-952.75 2658.5 -1194.79 0

-941.25 2658.5 -1206.29 0
-952.75 2658.5 -1206.29 0

-941.25 2658.5 -1194.79 0
-941.25 2658.5 -1206.29 0

-952.75 2658.5 -1194.79 0
-952.75 2658.5 -1206.29 0

-941.25 -2658.5 -1189.3 0
-941.25 0 -1189.3 0

-941.25 0 -1189.3 0
-941.25 1329.25 -1189.3 0
-941.25 2658.5 -1189.3 0

-941.25 2658.5 -1189.3 0

-952.75 -2658.5 -1189.3 0
-952.75 2658.5 -1189.3 0

-941.25 -2658.5 -1189.3 0
-952.75 -2658.5 -1189.3 0

-941.25 2658.5 -1189.3 0
-952.75 2658.5 -1189.3 0

-952.75 -2658.5 -1177.8 0
-952.75 2658.5 -1177.8 0

-941.25 -2658.5 -1177.8 0
-941.25 2658.5 -1177.8 0

-952.75 -2658.5 -1177.8 0
-941.25 -2658.5 -1177.8 0

-952.75 2658.5 -1177.8 0
-941.25 2658.5 -1177.8 0

-952.75 -2658.5 -1189.3 0
-952.75 2658.5 -1189.3 0

-952.75 -2658.5 -1177.8 0
-952.75 2658.5 -1177.8 0

-952.75 -2658.5 -1189.3 0
-952.75 -2658.5 -1177.8 0

-952.75 2658.5 -1189.3 0
-952.75 2658.5 -1177.8 0

-941.25 -2658.5 -1177.8 0
-941.25 2658.5 -1177.8 0

-941.25 -2658.5 -1189.3 0
-941.25 2658.5 -1189.3 0

-941.25 -2658.5 -1177.8 0
-941.25 -2658.5 -1189.3 0

-941.25 2658.5 -1177.8 0
-941.25 2658.5 -1189.3 0

-941.25 -2658.5 -1189.3 0
-952.75 -2658.5 -1189.3 0

-941.25 -2658.5 -1177.8 0
-952.75 -2658.5 -1177.8 0

-941.25 -2658.5 -1189.3 0
-941.25 -2658.5 -1177.8 0

-952.75 -2658.5 -1189.3 0
-952.75 -2658.5 -1177.8 0

-941.25 2658.5 -1177.8 0
-952.75 2658.5 -1177.8 0

-941.25 2658.5 -1189.3 0
-952.75 2658.5 -1189.3 0

-941.25 2658.5 -1177.8 0
-941.25 2658.5 -1189.3 0

-952.75 2658.5 -1177.8 0
-952.75 2658.5 -1189.3 0

-941.25 -2658.5 -1172.31 0
-941.25 0 -1172.31 0

-941.25 0 -1172.31 0
-941.25 1329.25 -1172.31 0
-941.25 2658.5 -1172.31 0

-941.25 2658.5 -1172.31 0

-952.75 -2658.5 -1172.31 0
-952.75 2658.5 -1172.31 0

-941.25 -2658.5 -1172.31 0
-952.75 -2658.5 -1172.31 0

-941.25 2658.5 -1172.31 0
-952.75 2658.5 -1172.31 0

-952.75 -2658.5 -1160.81 0
-952.75 2658.5 -1160.81 0

-941.25 -2658.5 -1160.81 0
-941.25 2658.5 -1160.81 0

-952.75 -2658.5 -1160.81 0
-941.25 -2658.5 -1160.81 0

-952.75 2658.5 -1160.81 0
-941.25 2658.5 -1160.81 0

-952.75 -2658.5 -1172.31 0
-952.75 2658.5 -1172.31 0

-952.75 -2658.5 -1160.81 0
-952.75 2658.5 -1160.81 0

-952.75 -2658.5 -1172.31 0
-952.75 -2658.5 -1160.81 0

-952.75 2658.5 -1172.31 0
-952.75 2658.5 -1160.81 0

-941.25 -2658.5 -1160.81 0
-941.25 2658.5 -1160.81 0

-941.25 -2658.5 -1172.31 0
-941.25 2658.5 -1172.31 0

-941.25 -2658.5 -1160.81 0
-941.25 -2658.5 -1172.31 0

-941.25 2658.5 -1160.81 0
-941.25 2658.5 -1172.31 0

-941.25 -2658.5 -1172.31 0
-952.75 -2658.5 -1172.31 0

-941.25 -2658.5 -1160.81 0
-952.75 -2658.5 -1160.81 0

-941.25 -2658.5 -1172.31 0
-941.25 -2658.5 -1160.81 0

-952.75 -2658.5 -1172.31 0
-952.75 -2658.5 -1160.81 0

-941.25 2658.5 -1160.81 0
-952.75 2658.5 -1160.81 0

-941.25 2658.5 -1172.31 0
-952.75 2658.5 -1172.31 0

-941.25 2658.5 -1160.81 0
-941.25 2658.5 -1172.31 0

-952.75 2658.5 -1160.81 0
-952.75 2658.5 -1172.31 0

-941.25 -2658.5 -1155.32 0
-941.25 0 -1155.32 0

-941.25 0 -1155.32 0
-941.25 1329.25 -1155.32 0
-941.25 2658.5 -1155.32 0

-941.25 2658.5 -1155.32 0

-952.75 -2658.5 -1155.32 0
-952.75 2658.5 -1155.32 0

-941.25 -2658.5 -1155.32 0
-952.75 -2658.5 -1155.32 0

-941.25 2658.5 -1155.32 0
-952.75 2658.5 -1155.32 0

-952.75 -2658.5 -1143.82 0
-952.75 2658.5 -1143.82 0

-941.25 -2658.5 -1143.82 0
-941.25 2658.5 -1143.82 0

-952.75 -2658.5 -1143.82 0
-941.25 -2658.5 -1143.82 0

-952.75 2658.5 -1143.82 0
-941.25 2658.5 -1143.82 0

-952.75 -2658.5 -1155.32 0
-952.75 2658.5 -1155.32 0

-952.75 -2658.5 -1143.82 0
-952.75 2658.5 -1143.82 0

-952.75 -2658.5 -1155.32 0
-952.75 -2658.5 -1143.82 0

-952.75 2658.5 -1155.32 0
-952.75 2658.5 -1143.82 0

-941.25 -2658.5 -1143.82 0
-941.25 2658.5 -1143.82 0

-941.25 -2658.5 -1155.32 0
-941.25 2658.5 -1155.32 0

-941.25 -2658.5 -1143.82 0
-941.25 -2658.5 -1155.32 0

-941.25 2658.5 -1143.82 0
-941.25 2658.5 -1155.32 0

-941.25 -2658.5 -1155.32 0
-952.75 -2658.5 -1155.32 0

-941.25 -2658.5 -1143.82 0
-952.75 -2658.5 -1143.82 0

-941.25 -2658.5 -1155.32 0
-941.25 -2658.5 -1143.82 0

-952.75 -2658.5 -1155.32 0
-952.75 -2658.5 -1143.82 0

-941.25 2658.5 -1143.82 0
-952.75 2658.5 -1143.82 0

-941.25 2658.5 -1155.32 0
-952.75 2658.5 -1155.32 0

-941.25 2658.5 -1143.82 0
-941.25 2658.5 -1155.32 0

-952.75 2658.5 -1143.82 0
-952.75 2658.5 -1155.32 0

-941.25 -2658.5 -1138.33 0
-941.25 0 -1138.33 0

-941.25 0 -1138.33 0
-941.25 1329.25 -1138.33 0
-941.25 2658.5 -1138.33 0

-941.25 2658.5 -1138.33 0

-952.75 -2658.5 -1138.33 0
-952.75 2658.5 -1138.33 0

-941.25 -2658.5 -1138.33 0
-952.75 -2658.5 -1138.33 0

-941.25 2658.5 -1138.33 0
-952.75 2658.5 -1138.33 0

-952.75 -2658.5 -1126.83 0
-952.75 2658.5 -1126.83 0

-941.25 -2658.5 -1126.83 0
-941.25 2658.5 -1126.83 0

-952.75 -2658.5 -1126.83 0
-941.25 -2658.5 -1126.83 0

-952.75 2658.5 -1126.83 0
-941.25 2658.5 -1126.83 0

-952.75 -2658.5 -1138.33 0
-952.75 2658.5 -1138.33 0

-952.75 -2658.5 -1126.83 0
-952.75 2658.5 -1126.83 0

-952.75 -2658.5 -1138.33 0
-952.75 -2658.5 -1126.83 0

-952.75 2658.5 -1138.33 0
-952.75 2658.5 -1126.83 0

-941.25 -2658.5 -1126.83 0
-941.25 2658.5 -1126.83 0

-941.25 -2658.5 -1138.33 0
-941.25 2658.5 -1138.33 0

-941.25 -2658.5 -1126.83 0
-941.25 -2658.5 -1138.33 0

-941.25 2658.5 -1126.83 0
-941.25 2658.5 -1138.33 0

-941.25 -2658.5 -1138.33 0
-952.75 -2658.5 -1138.33 0

-941.25 -2658.5 -1126.83 0
-952.75 -2658.5 -1126.83 0

-941.25 -2658.5 -1138.33 0
-941.25 -2658.5 -1126.83 0

-952.75 -2658.5 -1138.33 0
-952.75 -2658.5 -1126.83 0

-941.25 2658.5 -1126.83 0
-952.75 2658.5 -1126.83 0

-941.25 2658.5 -1138.33 0
-952.75 2658.5 -1138.33 0

-941.25 2658.5 -1126.83 0
-941.25 2658.5 -1138.33 0

-952.75 2658.5 -1126.83 0
-952.75 2658.5 -1138.33 0

-941.25 -2658.5 -1121.34 0
-941.25 0 -1121.34 0

-941.25 0 -1121.34 0
-941.25 1329.25 -1121.34 0
-941.25 2658.5 -1121.34 0

-941.25 2658.5 -1121.34 0

-952.75 -2658.5 -1121.34 0
-952.75 2658.5 -1121.34 0

-941.25 -2658.5 -1121.34 0
-952.75 -2658.5 -1121.34 0

-941.25 2658.5 -1121.34 0
-952.75 2658.5 -1121.34 0

-952.75 -2658.5 -1109.84 0
-952.75 2658.5 -1109.84 0

-941.25 -2658.5 -1109.84 0
-941.25 2658.5 -1109.84 0

-952.75 -2658.5 -1109.84 0
-941.25 -2658.5 -1109.84 0

-952.75 2658.5 -1109.84 0
-941.25 2658.5 -1109.84 0

-952.75 -2658.5 -1121.34 0
-952.75 2658.5 -1121.34 0

-952.75 -2658.5 -1109.84 0
-952.75 2658.5 -1109.84 0

-952.75 -2658.5 -1121.34 0
-952.75 -2658.5 -1109.84 0

-952.75 2658.5 -1121.34 0
-952.75 2658.5 -1109.84 0

-941.25 -2658.5 -1109.84 0
-941.25 2658.5 -1109.84 0

-941.25 -2658.5 -1121.34 0
-941.25 2658.5 -1121.34 0

-941.25 -2658.5 -1109.84 0
-941.25 -2658.5 -1121.34 0

-941.25 2658.5 -1109.84 0
-941.25 2658.5 -1121.34 0

-941.25 -2658.5 -1121.34 0
-952.75 -2658.5 -1121.34 0

-941.25 -2658.5 -1109.84 0
-952.75 -2658.5 -1109.84 0

-941.25 -2658.5 -1121.34 0
-941.25 -2658.5 -1109.84 0

-952.75 -2658.5 -1121.34 0
-952.75 -2658.5 -1109.84 0

-941.25 2658.5 -1109.84 0
-952.75 2658.5 -1109.84 0

-941.25 2658.5 -1121.34 0
-952.75 2658.5 -1121.34 0

-941.25 2658.5 -1109.84 0
-941.25 2658.5 -1121.34 0

-952.75 2658.5 -1109.84 0
-952.75 2658.5 -1121.34 0

-941.25 -2658.5 -1104.35 0
-941.25 0 -1104.35 0

-941.25 0 -1104.35 0
-941.25 1329.25 -1104.35 0
-941.25 2658.5 -1104.35 0

-941.25 2658.5 -1104.35 0

-952.75 -2658.5 -1104.35 0
-952.75 2658.5 -1104.35 0

-941.25 -2658.5 -1104.35 0
-952.75 -2658.5 -1104.35 0

-941.25 2658.5 -1104.35 0
-952.75 2658.5 -1104.35 0

-952.75 -2658.5 -1092.85 0
-952.75 2658.5 -1092.85 0

-941.25 -2658.5 -1092.85 0
-941.25 2658.5 -1092.85 0

-952.75 -2658.5 -1092.85 0
-941.25 -2658.5 -1092.85 0

-952.75 2658.5 -1092.85 0
-941.25 2658.5 -1092.85 0

-952.75 -2658.5 -1104.35 0
-952.75 2658.5 -1104.35 0

-952.75 -2658.5 -1092.85 0
-952.75 2658.5 -1092.85 0

-952.75 -2658.5 -1104.35 0
-952.75 -2658.5 -1092.85 0

-952.75 2658.5 -1104.35 0
-952.75 2658.5 -1092.85 0

-941.25 -2658.5 -1092.85 0
-941.25 2658.5 -1092.85 0

-941.25 -2658.5 -1104.35 0
-941.25 2658.5 -1104.35 0

-941.25 -2658.5 -1092.85 0
-941.25 -2658.5 -1104.35 0

-941.25 2658.5 -1092.85 0
-941.25 2658.5 -1104.35 0

-941.25 -2658.5 -1104.35 0
-952.75 -2658.5 -1104.35 0

-941.25 -2658.5 -1092.85 0
-952.75 -2658.5 -1092.85 0

-941.25 -2658.5 -1104.35 0
-941.25 -2658.5 -1092.85 0

-952.75 -2658.5 -1104.35 0
-952.75 -2658.5 -1092.85 0

-941.25 2658.5 -1092.85 0
-952.75 2658.5 -1092.85 0

-941.25 2658.5 -1104.35 0
-952.75 2658.5 -1104.35 0

-941.25 2658.5 -1092.85 0
-941.25 2658.5 -1104.35 0

-952.75 2658.5 -1092.85 0
-952.75 2658.5 -1104.35 0

-941.25 -2658.5 -1087.36 0
-941.25 0 -1087.36 0

-941.25 0 -1087.36 0
-941.25 1329.25 -1087.36 0
-941.25 2658.5 -1087.36 0

-941.25 2658.5 -1087.36 0

-952.75 -2658.5 -1087.36 0
-952.75 2658.5 -1087.36 0

-941.25 -2658.5 -1087.36 0
-952.75 -2658.5 -1087.36 0

-941.25 2658.5 -1087.36 0
-952.75 2658.5 -1087.36 0

-952.75 -2658.5 -1075.86 0
-952.75 2658.5 -1075.86 0

-941.25 -2658.5 -1075.86 0
-941.25 2658.5 -1075.86 0

-952.75 -2658.5 -1075.86 0
-941.25 -2658.5 -1075.86 0

-952.75 2658.5 -1075.86 0
-941.25 2658.5 -1075.86 0

-952.75 -2658.5 -1087.36 0
-952.75 2658.5 -1087.36 0

-952.75 -2658.5 -1075.86 0
-952.75 2658.5 -1075.86 0

-952.75 -2658.5 -1087.36 0
-952.75 -2658.5 -1075.86 0

-952.75 2658.5 -1087.36 0
-952.75 2658.5 -1075.86 0

-941.25 -2658.5 -1075.86 0
-941.25 2658.5 -1075.86 0

-941.25 -2658.5 -1087.36 0
-941.25 2658.5 -1087.36 0

-941.25 -2658.5 -1075.86 0
-941.25 -2658.5 -1087.36 0

-941.25 2658.5 -1075.86 0
-941.25 2658.5 -1087.36 0

-941.25 -2658.5 -1087.36 0
-952.75 -2658.5 -1087.36 0

-941.25 -2658.5 -1075.86 0
-952.75 -2658.5 -1075.86 0

-941.25 -2658.5 -1087.36 0
-941.25 -2658.5 -1075.86 0

-952.75 -2658.5 -1087.36 0
-952.75 -2658.5 -1075.86 0

-941.25 2658.5 -1075.86 0
-952.75 2658.5 -1075.86 0

-941.25 2658.5 -1087.36 0
-952.75 2658.5 -1087.36 0

-941.25 2658.5 -1075.86 0
-941.25 2658.5 -1087.36 0

-952.75 2658.5 -1075.86 0
-952.75 2658.5 -1087.36 0

-941.25 -2658.5 -1070.37 0
-941.25 0 -1070.37 0

-941.25 0 -1070.37 0
-941.25 1329.25 -1070.37 0
-941.25 2658.5 -1070.37 0

-941.25 2658.5 -1070.37 0

-952.75 -2658.5 -1070.37 0
-952.75 2658.5 -1070.37 0

-941.25 -2658.5 -1070.37 0
-952.75 -2658.5 -1070.37 0

-941.25 2658.5 -1070.37 0
-952.75 2658.5 -1070.37 0

-952.75 -2658.5 -1058.87 0
-952.75 2658.5 -1058.87 0

-941.25 -2658.5 -1058.87 0
-941.25 2658.5 -1058.87 0

-952.75 -2658.5 -1058.87 0
-941.25 -2658.5 -1058.87 0

-952.75 2658.5 -1058.87 0
-941.25 2658.5 -1058.87 0

-952.75 -2658.5 -1070.37 0
-952.75 2658.5 -1070.37 0

-952.75 -2658.5 -1058.87 0
-952.75 2658.5 -1058.87 0

-952.75 -2658.5 -1070.37 0
-952.75 -2658.5 -1058.87 0

-952.75 2658.5 -1070.37 0
-952.75 2658.5 -1058.87 0

-941.25 -2658.5 -1058.87 0
-941.25 2658.5 -1058.87 0

-941.25 -2658.5 -1070.37 0
-941.25 2658.5 -1070.37 0

-941.25 -2658.5 -1058.87 0
-941.25 -2658.5 -1070.37 0

-941.25 2658.5 -1058.87 0
-941.25 2658.5 -1070.37 0

-941.25 -2658.5 -1070.37 0
-952.75 -2658.5 -1070.37 0

-941.25 -2658.5 -1058.87 0
-952.75 -2658.5 -1058.87 0

-941.25 -2658.5 -1070.37 0
-941.25 -2658.5 -1058.87 0

-952.75 -2658.5 -1070.37 0
-952.75 -2658.5 -1058.87 0

-941.25 2658.5 -1058.87 0
-952.75 2658.5 -1058.87 0

-941.25 2658.5 -1070.37 0
-952.75 2658.5 -1070.37 0

-941.25 2658.5 -1058.87 0
-941.25 2658.5 -1070.37 0

-952.75 2658.5 -1058.87 0
-952.75 2658.5 -1070.37 0

-941.25 -2658.5 -1053.38 0
-941.25 0 -1053.38 0

-941.25 0 -1053.38 0
-941.25 1329.25 -1053.38 0
-941.25 2658.5 -1053.38 0

-941.25 2658.5 -1053.38 0

-952.75 -2658.5 -1053.38 0
-952.75 2658.5 -1053.38 0

-941.25 -2658.5 -1053.38 0
-952.75 -2658.5 -1053.38 0

-941.25 2658.5 -1053.38 0
-952.75 2658.5 -1053.38 0

-952.75 -2658.5 -1041.88 0
-952.75 2658.5 -1041.88 0

-941.25 -2658.5 -1041.88 0
-941.25 2658.5 -1041.88 0

-952.75 -2658.5 -1041.88 0
-941.25 -2658.5 -1041.88 0

-952.75 2658.5 -1041.88 0
-941.25 2658.5 -1041.88 0

-952.75 -2658.5 -1053.38 0
-952.75 2658.5 -1053.38 0

-952.75 -2658.5 -1041.88 0
-952.75 2658.5 -1041.88 0

-952.75 -2658.5 -1053.38 0
-952.75 -2658.5 -1041.88 0

-952.75 2658.5 -1053.38 0
-952.75 2658.5 -1041.88 0

-941.25 -2658.5 -1041.88 0
-941.25 2658.5 -1041.88 0

-941.25 -2658.5 -1053.38 0
-941.25 2658.5 -1053.38 0

-941.25 -2658.5 -1041.88 0
-941.25 -2658.5 -1053.38 0

-941.25 2658.5 -1041.88 0
-941.25 2658.5 -1053.38 0

-941.25 -2658.5 -1053.38 0
-952.75 -2658.5 -1053.38 0

-941.25 -2658.5 -1041.88 0
-952.75 -2658.5 -1041.88 0

-941.25 -2658.5 -1053.38 0
-941.25 -2658.5 -1041.88 0

-952.75 -2658.5 -1053.38 0
-952.75 -2658.5 -1041.88 0

-941.25 2658.5 -1041.88 0
-952.75 2658.5 -1041.88 0

-941.25 2658.5 -1053.38 0
-952.75 2658.5 -1053.38 0

-941.25 2658.5 -1041.88 0
-941.25 2658.5 -1053.38 0

-952.75 2658.5 -1041.88 0
-952.75 2658.5 -1053.38 0

-941.25 -2658.5 -1036.39 0
-941.25 0 -1036.39 0

-941.25 0 -1036.39 0
-941.25 1329.25 -1036.39 0
-941.25 2658.5 -1036.39 0

-941.25 2658.5 -1036.39 0

-952.75 -2658.5 -1036.39 0
-952.75 2658.5 -1036.39 0

-941.25 -2658.5 -1036.39 0
-952.75 -2658.5 -1036.39 0

-941.25 2658.5 -1036.39 0
-952.75 2658.5 -1036.39 0

-952.75 -2658.5 -1024.89 0
-952.75 2658.5 -1024.89 0

-941.25 -2658.5 -1024.89 0
-941.25 2658.5 -1024.89 0

-952.75 -2658.5 -1024.89 0
-941.25 -2658.5 -1024.89 0

-952.75 2658.5 -1024.89 0
-941.25 2658.5 -1024.89 0

-952.75 -2658.5 -1036.39 0
-952.75 2658.5 -1036.39 0

-952.75 -2658.5 -1024.89 0
-952.75 2658.5 -1024.89 0

-952.75 -2658.5 -1036.39 0
-952.75 -2658.5 -1024.89 0

-952.75 2658.5 -1036.39 0
-952.75 2658.5 -1024.89 0

-941.25 -2658.5 -1024.89 0
-941.25 2658.5 -1024.89 0

-941.25 -2658.5 -1036.39 0
-941.25 2658.5 -1036.39 0

-941.25 -2658.5 -1024.89 0
-941.25 -2658.5 -1036.39 0

-941.25 2658.5 -1024.89 0
-941.25 2658.5 -1036.39 0

-941.25 -2658.5 -1036.39 0
-952.75 -2658.5 -1036.39 0

-941.25 -2658.5 -1024.89 0
-952.75 -2658.5 -1024.89 0

-941.25 -2658.5 -1036.39 0
-941.25 -2658.5 -1024.89 0

-952.75 -2658.5 -1036.39 0
-952.75 -2658.5 -1024.89 0

-941.25 2658.5 -1024.89 0
-952.75 2658.5 -1024.89 0

-941.25 2658.5 -1036.39 0
-952.75 2658.5 -1036.39 0

-941.25 2658.5 -1024.89 0
-941.25 2658.5 -1036.39 0

-952.75 2658.5 -1024.89 0
-952.75 2658.5 -1036.39 0

-941.25 -2658.5 -1019.4 0
-941.25 0 -1019.4 0

-941.25 0 -1019.4 0
-941.25 1329.25 -1019.4 0
-941.25 2658.5 -1019.4 0

-941.25 2658.5 -1019.4 0

-952.75 -2658.5 -1019.4 0
-952.75 2658.5 -1019.4 0

-941.25 -2658.5 -1019.4 0
-952.75 -2658.5 -1019.4 0

-941.25 2658.5 -1019.4 0
-952.75 2658.5 -1019.4 0

-952.75 -2658.5 -1007.9 0
-952.75 2658.5 -1007.9 0

-941.25 -2658.5 -1007.9 0
-941.25 2658.5 -1007.9 0

-952.75 -2658.5 -1007.9 0
-941.25 -2658.5 -1007.9 0

-952.75 2658.5 -1007.9 0
-941.25 2658.5 -1007.9 0

-952.75 -2658.5 -1019.4 0
-952.75 2658.5 -1019.4 0

-952.75 -2658.5 -1007.9 0
-952.75 2658.5 -1007.9 0

-952.75 -2658.5 -1019.4 0
-952.75 -2658.5 -1007.9 0

-952.75 2658.5 -1019.4 0
-952.75 2658.5 -1007.9 0

-941.25 -2658.5 -1007.9 0
-941.25 2658.5 -1007.9 0

-941.25 -2658.5 -1019.4 0
-941.25 2658.5 -1019.4 0

-941.25 -2658.5 -1007.9 0
-941.25 -2658.5 -1019.4 0

-941.25 2658.5 -1007.9 0
-941.25 2658.5 -1019.4 0

-941.25 -2658.5 -1019.4 0
-952.75 -2658.5 -1019.4 0

-941.25 -2658.5 -1007.9 0
-952.75 -2658.5 -1007.9 0

-941.25 -2658.5 -1019.4 0
-941.25 -2658.5 -1007.9 0

-952.75 -2658.5 -1019.4 0
-952.75 -2658.5 -1007.9 0

-941.25 2658.5 -1007.9 0
-952.75 2658.5 -1007.9 0

-941.25 2658.5 -1019.4 0
-952.75 2658.5 -1019.4 0

-941.25 2658.5 -1007.9 0
-941.25 2658.5 -1019.4 0

-952.75 2658.5 -1007.9 0
-952.75 2658.5 -1019.4 0

-941.25 -2658.5 -1002.41 0
-941.25 0 -1002.41 0

-941.25 0 -1002.41 0
-941.25 1329.25 -1002.41 0
-941.25 2658.5 -1002.41 0

-941.25 2658.5 -1002.41 0

-952.75 -2658.5 -1002.41 0
-952.75 2658.5 -1002.41 0

-941.25 -2658.5 -1002.41 0
-952.75 -2658.5 -1002.41 0

-941.25 2658.5 -1002.41 0
-952.75 2658.5 -1002.41 0

-952.75 -2658.5 -990.91 0
-952.75 2658.5 -990.91 0

-941.25 -2658.5 -990.91 0
-941.25 2658.5 -990.91 0

-952.75 -2658.5 -990.91 0
-941.25 -2658.5 -990.91 0

-952.75 2658.5 -990.91 0
-941.25 2658.5 -990.91 0

-952.75 -2658.5 -1002.41 0
-952.75 2658.5 -1002.41 0

-952.75 -2658.5 -990.91 0
-952.75 2658.5 -990.91 0

-952.75 -2658.5 -1002.41 0
-952.75 -2658.5 -990.91 0

-952.75 2658.5 -1002.41 0
-952.75 2658.5 -990.91 0

-941.25 -2658.5 -990.91 0
-941.25 2658.5 -990.91 0

-941.25 -2658.5 -1002.41 0
-941.25 2658.5 -1002.41 0

-941.25 -2658.5 -990.91 0
-941.25 -2658.5 -1002.41 0

-941.25 2658.5 -990.91 0
-941.25 2658.5 -1002.41 0

-941.25 -2658.5 -1002.41 0
-952.75 -2658.5 -1002.41 0

-941.25 -2658.5 -990.91 0
-952.75 -2658.5 -990.91 0

-941.25 -2658.5 -1002.41 0
-941.25 -2658.5 -990.91 0

-952.75 -2658.5 -1002.41 0
-952.75 -2658.5 -990.91 0

-941.25 2658.5 -990.91 0
-952.75 2658.5 -990.91 0

-941.25 2658.5 -1002.41 0
-952.75 2658.5 -1002.41 0

-941.25 2658.5 -990.91 0
-941.25 2658.5 -1002.41 0

-952.75 2658.5 -990.91 0
-952.75 2658.5 -1002.41 0

-941.25 -2658.5 -985.42 0
-941.25 0 -985.42 0

-941.25 0 -985.42 0
-941.25 1329.25 -985.42 0
-941.25 2658.5 -985.42 0

-941.25 2658.5 -985.42 0

-952.75 -2658.5 -985.42 0
-952.75 2658.5 -985.42 0

-941.25 -2658.5 -985.42 0
-952.75 -2658.5 -985.42 0

-941.25 2658.5 -985.42 0
-952.75 2658.5 -985.42 0

-952.75 -2658.5 -973.92 0
-952.75 2658.5 -973.92 0

-941.25 -2658.5 -973.92 0
-941.25 2658.5 -973.92 0

-952.75 -2658.5 -973.92 0
-941.25 -2658.5 -973.92 0

-952.75 2658.5 -973.92 0
-941.25 2658.5 -973.92 0

-952.75 -2658.5 -985.42 0
-952.75 2658.5 -985.42 0

-952.75 -2658.5 -973.92 0
-952.75 2658.5 -973.92 0

-952.75 -2658.5 -985.42 0
-952.75 -2658.5 -973.92 0

-952.75 2658.5 -985.42 0
-952.75 2658.5 -973.92 0

-941.25 -2658.5 -973.92 0
-941.25 2658.5 -973.92 0

-941.25 -2658.5 -985.42 0
-941.25 2658.5 -985.42 0

-941.25 -2658.5 -973.92 0
-941.25 -2658.5 -985.42 0

-941.25 2658.5 -973.92 0
-941.25 2658.5 -985.42 0

-941.25 -2658.5 -985.42 0
-952.75 -2658.5 -985.42 0

-941.25 -2658.5 -973.92 0
-952.75 -2658.5 -973.92 0

-941.25 -2658.5 -985.42 0
-941.25 -2658.5 -973.92 0

-952.75 -2658.5 -985.42 0
-952.75 -2658.5 -973.92 0

-941.25 2658.5 -973.92 0
-952.75 2658.5 -973.92 0

-941.25 2658.5 -985.42 0
-952.75 2658.5 -985.42 0

-941.25 2658.5 -973.92 0
-941.25 2658.5 -985.42 0

-952.75 2658.5 -973.92 0
-952.75 2658.5 -985.42 0

-941.25 -2658.5 -968.43 0
-941.25 0 -968.43 0

-941.25 0 -968.43 0
-941.25 1329.25 -968.43 0
-941.25 2658.5 -968.43 0

-941.25 2658.5 -968.43 0

-952.75 -2658.5 -968.43 0
-952.75 2658.5 -968.43 0

-941.25 -2658.5 -968.43 0
-952.75 -2658.5 -968.43 0

-941.25 2658.5 -968.43 0
-952.75 2658.5 -968.43 0

-952.75 -2658.5 -956.93 0
-952.75 2658.5 -956.93 0

-941.25 -2658.5 -956.93 0
-941.25 2658.5 -956.93 0

-952.75 -2658.5 -956.93 0
-941.25 -2658.5 -956.93 0

-952.75 2658.5 -956.93 0
-941.25 2658.5 -956.93 0

-952.75 -2658.5 -968.43 0
-952.75 2658.5 -968.43 0

-952.75 -2658.5 -956.93 0
-952.75 2658.5 -956.93 0

-952.75 -2658.5 -968.43 0
-952.75 -2658.5 -956.93 0

-952.75 2658.5 -968.43 0
-952.75 2658.5 -956.93 0

-941.25 -2658.5 -956.93 0
-941.25 2658.5 -956.93 0

-941.25 -2658.5 -968.43 0
-941.25 2658.5 -968.43 0

-941.25 -2658.5 -956.93 0
-941.25 -2658.5 -968.43 0

-941.25 2658.5 -956.93 0
-941.25 2658.5 -968.43 0

-941.25 -2658.5 -968.43 0
-952.75 -2658.5 -968.43 0

-941.25 -2658.5 -956.93 0
-952.75 -2658.5 -956.93 0

-941.25 -2658.5 -968.43 0
-941.25 -2658.5 -956.93 0

-952.75 -2658.5 -968.43 0
-952.75 -2658.5 -956.93 0

-941.25 2658.5 -956.93 0
-952.75 2658.5 -956.93 0

-941.25 2658.5 -968.43 0
-952.75 2658.5 -968.43 0

-941.25 2658.5 -956.93 0
-941.25 2658.5 -968.43 0

-952.75 2658.5 -956.93 0
-952.75 2658.5 -968.43 0

-941.25 -2658.5 -951.44 0
-941.25 0 -951.44 0

-941.25 0 -951.44 0
-941.25 1329.25 -951.44 0
-941.25 2658.5 -951.44 0

-941.25 2658.5 -951.44 0

-952.75 -2658.5 -951.44 0
-952.75 2658.5 -951.44 0

-941.25 -2658.5 -951.44 0
-952.75 -2658.5 -951.44 0

-941.25 2658.5 -951.44 0
-952.75 2658.5 -951.44 0

-952.75 -2658.5 -939.94 0
-952.75 2658.5 -939.94 0

-941.25 -2658.5 -939.94 0
-941.25 2658.5 -939.94 0

-952.75 -2658.5 -939.94 0
-941.25 -2658.5 -939.94 0

-952.75 2658.5 -939.94 0
-941.25 2658.5 -939.94 0

-952.75 -2658.5 -951.44 0
-952.75 2658.5 -951.44 0

-952.75 -2658.5 -939.94 0
-952.75 2658.5 -939.94 0

-952.75 -2658.5 -951.44 0
-952.75 -2658.5 -939.94 0

-952.75 2658.5 -951.44 0
-952.75 2658.5 -939.94 0

-941.25 -2658.5 -939.94 0
-941.25 2658.5 -939.94 0

-941.25 -2658.5 -951.44 0
-941.25 2658.5 -951.44 0

-941.25 -2658.5 -939.94 0
-941.25 -2658.5 -951.44 0

-941.25 2658.5 -939.94 0
-941.25 2658.5 -951.44 0

-941.25 -2658.5 -951.44 0
-952.75 -2658.5 -951.44 0

-941.25 -2658.5 -939.94 0
-952.75 -2658.5 -939.94 0

-941.25 -2658.5 -951.44 0
-941.25 -2658.5 -939.94 0

-952.75 -2658.5 -951.44 0
-952.75 -2658.5 -939.94 0

-941.25 2658.5 -939.94 0
-952.75 2658.5 -939.94 0

-941.25 2658.5 -951.44 0
-952.75 2658.5 -951.44 0

-941.25 2658.5 -939.94 0
-941.25 2658.5 -951.44 0

-952.75 2658.5 -939.94 0
-952.75 2658.5 -951.44 0

-941.25 -2658.5 -934.45 0
-941.25 0 -934.45 0

-941.25 0 -934.45 0
-941.25 1329.25 -934.45 0
-941.25 2658.5 -934.45 0

-941.25 2658.5 -934.45 0

-952.75 -2658.5 -934.45 0
-952.75 2658.5 -934.45 0

-941.25 -2658.5 -934.45 0
-952.75 -2658.5 -934.45 0

-941.25 2658.5 -934.45 0
-952.75 2658.5 -934.45 0

-952.75 -2658.5 -922.95 0
-952.75 2658.5 -922.95 0

-941.25 -2658.5 -922.95 0
-941.25 2658.5 -922.95 0

-952.75 -2658.5 -922.95 0
-941.25 -2658.5 -922.95 0

-952.75 2658.5 -922.95 0
-941.25 2658.5 -922.95 0

-952.75 -2658.5 -934.45 0
-952.75 2658.5 -934.45 0

-952.75 -2658.5 -922.95 0
-952.75 2658.5 -922.95 0

-952.75 -2658.5 -934.45 0
-952.75 -2658.5 -922.95 0

-952.75 2658.5 -934.45 0
-952.75 2658.5 -922.95 0

-941.25 -2658.5 -922.95 0
-941.25 2658.5 -922.95 0

-941.25 -2658.5 -934.45 0
-941.25 2658.5 -934.45 0

-941.25 -2658.5 -922.95 0
-941.25 -2658.5 -934.45 0

-941.25 2658.5 -922.95 0
-941.25 2658.5 -934.45 0

-941.25 -2658.5 -934.45 0
-952.75 -2658.5 -934.45 0

-941.25 -2658.5 -922.95 0
-952.75 -2658.5 -922.95 0

-941.25 -2658.5 -934.45 0
-941.25 -2658.5 -922.95 0

-952.75 -2658.5 -934.45 0
-952.75 -2658.5 -922.95 0

-941.25 2658.5 -922.95 0
-952.75 2658.5 -922.95 0

-941.25 2658.5 -934.45 0
-952.75 2658.5 -934.45 0

-941.25 2658.5 -922.95 0
-941.25 2658.5 -934.45 0

-952.75 2658.5 -922.95 0
-952.75 2658.5 -934.45 0

-941.25 -2658.5 -917.46 0
-941.25 0 -917.46 0

-941.25 0 -917.46 0
-941.25 1329.25 -917.46 0
-941.25 2658.5 -917.46 0

-941.25 2658.5 -917.46 0

-952.75 -2658.5 -917.46 0
-952.75 2658.5 -917.46 0

-941.25 -2658.5 -917.46 0
-952.75 -2658.5 -917.46 0

-941.25 2658.5 -917.46 0
-952.75 2658.5 -917.46 0

-952.75 -2658.5 -905.96 0
-952.75 2658.5 -905.96 0

-941.25 -2658.5 -905.96 0
-941.25 2658.5 -905.96 0

-952.75 -2658.5 -905.96 0
-941.25 -2658.5 -905.96 0

-952.75 2658.5 -905.96 0
-941.25 2658.5 -905.96 0

-952.75 -2658.5 -917.46 0
-952.75 2658.5 -917.46 0

-952.75 -2658.5 -905.96 0
-952.75 2658.5 -905.96 0

-952.75 -2658.5 -917.46 0
-952.75 -2658.5 -905.96 0

-952.75 2658.5 -917.46 0
-952.75 2658.5 -905.96 0

-941.25 -2658.5 -905.96 0
-941.25 2658.5 -905.96 0

-941.25 -2658.5 -917.46 0
-941.25 2658.5 -917.46 0

-941.25 -2658.5 -905.96 0
-941.25 -2658.5 -917.46 0

-941.25 2658.5 -905.96 0
-941.25 2658.5 -917.46 0

-941.25 -2658.5 -917.46 0
-952.75 -2658.5 -917.46 0

-941.25 -2658.5 -905.96 0
-952.75 -2658.5 -905.96 0

-941.25 -2658.5 -917.46 0
-941.25 -2658.5 -905.96 0

-952.75 -2658.5 -917.46 0
-952.75 -2658.5 -905.96 0

-941.25 2658.5 -905.96 0
-952.75 2658.5 -905.96 0

-941.25 2658.5 -917.46 0
-952.75 2658.5 -917.46 0

-941.25 2658.5 -905.96 0
-941.25 2658.5 -917.46 0

-952.75 2658.5 -905.96 0
-952.75 2658.5 -917.46 0

-941.25 -2658.5 -900.47 0
-941.25 0 -900.47 0

-941.25 0 -900.47 0
-941.25 1329.25 -900.47 0
-941.25 2658.5 -900.47 0

-941.25 2658.5 -900.47 0

-952.75 -2658.5 -900.47 0
-952.75 2658.5 -900.47 0

-941.25 -2658.5 -900.47 0
-952.75 -2658.5 -900.47 0

-941.25 2658.5 -900.47 0
-952.75 2658.5 -900.47 0

-952.75 -2658.5 -888.97 0
-952.75 2658.5 -888.97 0

-941.25 -2658.5 -888.97 0
-941.25 2658.5 -888.97 0

-952.75 -2658.5 -888.97 0
-941.25 -2658.5 -888.97 0

-952.75 2658.5 -888.97 0
-941.25 2658.5 -888.97 0

-952.75 -2658.5 -900.47 0
-952.75 2658.5 -900.47 0

-952.75 -2658.5 -888.97 0
-952.75 2658.5 -888.97 0

-952.75 -2658.5 -900.47 0
-952.75 -2658.5 -888.97 0

-952.75 2658.5 -900.47 0
-952.75 2658.5 -888.97 0

-941.25 -2658.5 -888.97 0
-941.25 2658.5 -888.97 0

-941.25 -2658.5 -900.47 0
-941.25 2658.5 -900.47 0

-941.25 -2658.5 -888.97 0
-941.25 -2658.5 -900.47 0

-941.25 2658.5 -888.97 0
-941.25 2658.5 -900.47 0

-941.25 -2658.5 -900.47 0
-952.75 -2658.5 -900.47 0

-941.25 -2658.5 -888.97 0
-952.75 -2658.5 -888.97 0

-941.25 -2658.5 -900.47 0
-941.25 -2658.5 -888.97 0

-952.75 -2658.5 -900.47 0
-952.75 -2658.5 -888.97 0

-941.25 2658.5 -888.97 0
-952.75 2658.5 -888.97 0

-941.25 2658.5 -900.47 0
-952.75 2658.5 -900.47 0

-941.25 2658.5 -888.97 0
-941.25 2658.5 -900.47 0

-952.75 2658.5 -888.97 0
-952.75 2658.5 -900.47 0

-941.25 -2658.5 -883.48 0
-941.25 0 -883.48 0

-941.25 0 -883.48 0
-941.25 1329.25 -883.48 0
-941.25 2658.5 -883.48 0

-941.25 2658.5 -883.48 0

-952.75 -2658.5 -883.48 0
-952.75 2658.5 -883.48 0

-941.25 -2658.5 -883.48 0
-952.75 -2658.5 -883.48 0

-941.25 2658.5 -883.48 0
-952.75 2658.5 -883.48 0

-952.75 -2658.5 -871.98 0
-952.75 2658.5 -871.98 0

-941.25 -2658.5 -871.98 0
-941.25 2658.5 -871.98 0

-952.75 -2658.5 -871.98 0
-941.25 -2658.5 -871.98 0

-952.75 2658.5 -871.98 0
-941.25 2658.5 -871.98 0

-952.75 -2658.5 -883.48 0
-952.75 2658.5 -883.48 0

-952.75 -2658.5 -871.98 0
-952.75 2658.5 -871.98 0

-952.75 -2658.5 -883.48 0
-952.75 -2658.5 -871.98 0

-952.75 2658.5 -883.48 0
-952.75 2658.5 -871.98 0

-941.25 -2658.5 -871.98 0
-941.25 2658.5 -871.98 0

-941.25 -2658.5 -883.48 0
-941.25 2658.5 -883.48 0

-941.25 -2658.5 -871.98 0
-941.25 -2658.5 -883.48 0

-941.25 2658.5 -871.98 0
-941.25 2658.5 -883.48 0

-941.25 -2658.5 -883.48 0
-952.75 -2658.5 -883.48 0

-941.25 -2658.5 -871.98 0
-952.75 -2658.5 -871.98 0

-941.25 -2658.5 -883.48 0
-941.25 -2658.5 -871.98 0

-952.75 -2658.5 -883.48 0
-952.75 -2658.5 -871.98 0

-941.25 2658.5 -871.98 0
-952.75 2658.5 -871.98 0

-941.25 2658.5 -883.48 0
-952.75 2658.5 -883.48 0

-941.25 2658.5 -871.98 0
-941.25 2658.5 -883.48 0

-952.75 2658.5 -871.98 0
-952.75 2658.5 -883.48 0

-941.25 -2658.5 -866.49 0
-941.25 0 -866.49 0

-941.25 0 -866.49 0
-941.25 1329.25 -866.49 0
-941.25 2658.5 -866.49 0

-941.25 2658.5 -866.49 0

-952.75 -2658.5 -866.49 0
-952.75 2658.5 -866.49 0

-941.25 -2658.5 -866.49 0
-952.75 -2658.5 -866.49 0

-941.25 2658.5 -866.49 0
-952.75 2658.5 -866.49 0

-952.75 -2658.5 -854.99 0
-952.75 2658.5 -854.99 0

-941.25 -2658.5 -854.99 0
-941.25 2658.5 -854.99 0

-952.75 -2658.5 -854.99 0
-941.25 -2658.5 -854.99 0

-952.75 2658.5 -854.99 0
-941.25 2658.5 -854.99 0

-952.75 -2658.5 -866.49 0
-952.75 2658.5 -866.49 0

-952.75 -2658.5 -854.99 0
-952.75 2658.5 -854.99 0

-952.75 -2658.5 -866.49 0
-952.75 -2658.5 -854.99 0

-952.75 2658.5 -866.49 0
-952.75 2658.5 -854.99 0

-941.25 -2658.5 -854.99 0
-941.25 2658.5 -854.99 0

-941.25 -2658.5 -866.49 0
-941.25 2658.5 -866.49 0

-941.25 -2658.5 -854.99 0
-941.25 -2658.5 -866.49 0

-941.25 2658.5 -854.99 0
-941.25 2658.5 -866.49 0

-941.25 -2658.5 -866.49 0
-952.75 -2658.5 -866.49 0

-941.25 -2658.5 -854.99 0
-952.75 -2658.5 -854.99 0

-941.25 -2658.5 -866.49 0
-941.25 -2658.5 -854.99 0

-952.75 -2658.5 -866.49 0
-952.75 -2658.5 -854.99 0

-941.25 2658.5 -854.99 0
-952.75 2658.5 -854.99 0

-941.25 2658.5 -866.49 0
-952.75 2658.5 -866.49 0

-941.25 2658.5 -854.99 0
-941.25 2658.5 -866.49 0

-952.75 2658.5 -854.99 0
-952.75 2658.5 -866.49 0

-941.25 -2658.5 -849.5 0
-941.25 0 -849.5 0

-941.25 0 -849.5 0
-941.25 1329.25 -849.5 0
-941.25 2658.5 -849.5 0

-941.25 2658.5 -849.5 0

-952.75 -2658.5 -849.5 0
-952.75 2658.5 -849.5 0

-941.25 -2658.5 -849.5 0
-952.75 -2658.5 -849.5 0

-941.25 2658.5 -849.5 0
-952.75 2658.5 -849.5 0

-952.75 -2658.5 -838 0
-952.75 2658.5 -838 0

-941.25 -2658.5 -838 0
-941.25 2658.5 -838 0

-952.75 -2658.5 -838 0
-941.25 -2658.5 -838 0

-952.75 2658.5 -838 0
-941.25 2658.5 -838 0

-952.75 -2658.5 -849.5 0
-952.75 2658.5 -849.5 0

-952.75 -2658.5 -838 0
-952.75 2658.5 -838 0

-952.75 -2658.5 -849.5 0
-952.75 -2658.5 -838 0

-952.75 2658.5 -849.5 0
-952.75 2658.5 -838 0

-941.25 -2658.5 -838 0
-941.25 2658.5 -838 0

-941.25 -2658.5 -849.5 0
-941.25 2658.5 -849.5 0

-941.25 -2658.5 -838 0
-941.25 -2658.5 -849.5 0

-941.25 2658.5 -838 0
-941.25 2658.5 -849.5 0

-941.25 -2658.5 -849.5 0
-952.75 -2658.5 -849.5 0

-941.25 -2658.5 -838 0
-952.75 -2658.5 -838 0

-941.25 -2658.5 -849.5 0
-941.25 -2658.5 -838 0

-952.75 -2658.5 -849.5 0
-952.75 -2658.5 -838 0

-941.25 2658.5 -838 0
-952.75 2658.5 -838 0

-941.25 2658.5 -849.5 0
-952.75 2658.5 -849.5 0

-941.25 2658.5 -838 0
-941.25 2658.5 -849.5 0

-952.75 2658.5 -838 0
-952.75 2658.5 -849.5 0

-941.25 -2658.5 -832.51 0
-941.25 0 -832.51 0

-941.25 0 -832.51 0
-941.25 1329.25 -832.51 0
-941.25 2658.5 -832.51 0

-941.25 2658.5 -832.51 0

-952.75 -2658.5 -832.51 0
-952.75 2658.5 -832.51 0

-941.25 -2658.5 -832.51 0
-952.75 -2658.5 -832.51 0

-941.25 2658.5 -832.51 0
-952.75 2658.5 -832.51 0

-952.75 -2658.5 -821.01 0
-952.75 2658.5 -821.01 0

-941.25 -2658.5 -821.01 0
-941.25 2658.5 -821.01 0

-952.75 -2658.5 -821.01 0
-941.25 -2658.5 -821.01 0

-952.75 2658.5 -821.01 0
-941.25 2658.5 -821.01 0

-952.75 -2658.5 -832.51 0
-952.75 2658.5 -832.51 0

-952.75 -2658.5 -821.01 0
-952.75 2658.5 -821.01 0

-952.75 -2658.5 -832.51 0
-952.75 -2658.5 -821.01 0

-952.75 2658.5 -832.51 0
-952.75 2658.5 -821.01 0

-941.25 -2658.5 -821.01 0
-941.25 2658.5 -821.01 0

-941.25 -2658.5 -832.51 0
-941.25 2658.5 -832.51 0

-941.25 -2658.5 -821.01 0
-941.25 -2658.5 -832.51 0

-941.25 2658.5 -821.01 0
-941.25 2658.5 -832.51 0

-941.25 -2658.5 -832.51 0
-952.75 -2658.5 -832.51 0

-941.25 -2658.5 -821.01 0
-952.75 -2658.5 -821.01 0

-941.25 -2658.5 -832.51 0
-941.25 -2658.5 -821.01 0

-952.75 -2658.5 -832.51 0
-952.75 -2658.5 -821.01 0

-941.25 2658.5 -821.01 0
-952.75 2658.5 -821.01 0

-941.25 2658.5 -832.51 0
-952.75 2658.5 -832.51 0

-941.25 2658.5 -821.01 0
-941.25 2658.5 -832.51 0

-952.75 2658.5 -821.01 0
-952.75 2658.5 -832.51 0

-941.25 -2658.5 -815.52 0
-941.25 0 -815.52 0

-941.25 0 -815.52 0
-941.25 1329.25 -815.52 0
-941.25 2658.5 -815.52 0

-941.25 2658.5 -815.52 0

-952.75 -2658.5 -815.52 0
-952.75 2658.5 -815.52 0

-941.25 -2658.5 -815.52 0
-952.75 -2658.5 -815.52 0

-941.25 2658.5 -815.52 0
-952.75 2658.5 -815.52 0

-952.75 -2658.5 -804.02 0
-952.75 2658.5 -804.02 0

-941.25 -2658.5 -804.02 0
-941.25 2658.5 -804.02 0

-952.75 -2658.5 -804.02 0
-941.25 -2658.5 -804.02 0

-952.75 2658.5 -804.02 0
-941.25 2658.5 -804.02 0

-952.75 -2658.5 -815.52 0
-952.75 2658.5 -815.52 0

-952.75 -2658.5 -804.02 0
-952.75 2658.5 -804.02 0

-952.75 -2658.5 -815.52 0
-952.75 -2658.5 -804.02 0

-952.75 2658.5 -815.52 0
-952.75 2658.5 -804.02 0

-941.25 -2658.5 -804.02 0
-941.25 2658.5 -804.02 0

-941.25 -2658.5 -815.52 0
-941.25 2658.5 -815.52 0

-941.25 -2658.5 -804.02 0
-941.25 -2658.5 -815.52 0

-941.25 2658.5 -804.02 0
-941.25 2658.5 -815.52 0

-941.25 -2658.5 -815.52 0
-952.75 -2658.5 -815.52 0

-941.25 -2658.5 -804.02 0
-952.75 -2658.5 -804.02 0

-941.25 -2658.5 -815.52 0
-941.25 -2658.5 -804.02 0

-952.75 -2658.5 -815.52 0
-952.75 -2658.5 -804.02 0

-941.25 2658.5 -804.02 0
-952.75 2658.5 -804.02 0

-941.25 2658.5 -815.52 0
-952.75 2658.5 -815.52 0

-941.25 2658.5 -804.02 0
-941.25 2658.5 -815.52 0

-952.75 2658.5 -804.02 0
-952.75 2658.5 -815.52 0

-941.25 -2658.5 -798.53 0
-941.25 0 -798.53 0

-941.25 0 -798.53 0
-941.25 1329.25 -798.53 0
-941.25 2658.5 -798.53 0

-941.25 2658.5 -798.53 0

-952.75 -2658.5 -798.53 0
-952.75 2658.5 -798.53 0

-941.25 -2658.5 -798.53 0
-952.75 -2658.5 -798.53 0

-941.25 2658.5 -798.53 0
-952.75 2658.5 -798.53 0

-952.75 -2658.5 -787.03 0
-952.75 2658.5 -787.03 0

-941.25 -2658.5 -787.03 0
-941.25 2658.5 -787.03 0

-952.75 -2658.5 -787.03 0
-941.25 -2658.5 -787.03 0

-952.75 2658.5 -787.03 0
-941.25 2658.5 -787.03 0

-952.75 -2658.5 -798.53 0
-952.75 2658.5 -798.53 0

-952.75 -2658.5 -787.03 0
-952.75 2658.5 -787.03 0

-952.75 -2658.5 -798.53 0
-952.75 -2658.5 -787.03 0

-952.75 2658.5 -798.53 0
-952.75 2658.5 -787.03 0

-941.25 -2658.5 -787.03 0
-941.25 2658.5 -787.03 0

-941.25 -2658.5 -798.53 0
-941.25 2658.5 -798.53 0

-941.25 -2658.5 -787.03 0
-941.25 -2658.5 -798.53 0

-941.25 2658.5 -787.03 0
-941.25 2658.5 -798.53 0

-941.25 -2658.5 -798.53 0
-952.75 -2658.5 -798.53 0

-941.25 -2658.5 -787.03 0
-952.75 -2658.5 -787.03 0

-941.25 -2658.5 -798.53 0
-941.25 -2658.5 -787.03 0

-952.75 -2658.5 -798.53 0
-952.75 -2658.5 -787.03 0

-941.25 2658.5 -787.03 0
-952.75 2658.5 -787.03 0

-941.25 2658.5 -798.53 0
-952.75 2658.5 -798.53 0

-941.25 2658.5 -787.03 0
-941.25 2658.5 -798.53 0

-952.75 2658.5 -787.03 0
-952.75 2658.5 -798.53 0

-941.25 -2658.5 -781.54 0
-941.25 0 -781.54 0

-941.25 0 -781.54 0
-941.25 1329.25 -781.54 0
-941.25 2658.5 -781.54 0

-941.25 2658.5 -781.54 0

-952.75 -2658.5 -781.54 0
-952.75 2658.5 -781.54 0

-941.25 -2658.5 -781.54 0
-952.75 -2658.5 -781.54 0

-941.25 2658.5 -781.54 0
-952.75 2658.5 -781.54 0

-952.75 -2658.5 -770.04 0
-952.75 2658.5 -770.04 0

-941.25 -2658.5 -770.04 0
-941.25 2658.5 -770.04 0

-952.75 -2658.5 -770.04 0
-941.25 -2658.5 -770.04 0

-952.75 2658.5 -770.04 0
-941.25 2658.5 -770.04 0

-952.75 -2658.5 -781.54 0
-952.75 2658.5 -781.54 0

-952.75 -2658.5 -770.04 0
-952.75 2658.5 -770.04 0

-952.75 -2658.5 -781.54 0
-952.75 -2658.5 -770.04 0

-952.75 2658.5 -781.54 0
-952.75 2658.5 -770.04 0

-941.25 -2658.5 -770.04 0
-941.25 2658.5 -770.04 0

-941.25 -2658.5 -781.54 0
-941.25 2658.5 -781.54 0

-941.25 -2658.5 -770.04 0
-941.25 -2658.5 -781.54 0

-941.25 2658.5 -770.04 0
-941.25 2658.5 -781.54 0

-941.25 -2658.5 -781.54 0
-952.75 -2658.5 -781.54 0

-941.25 -2658.5 -770.04 0
-952.75 -2658.5 -770.04 0

-941.25 -2658.5 -781.54 0
-941.25 -2658.5 -770.04 0

-952.75 -2658.5 -781.54 0
-952.75 -2658.5 -770.04 0

-941.25 2658.5 -770.04 0
-952.75 2658.5 -770.04 0

-941.25 2658.5 -781.54 0
-952.75 2658.5 -781.54 0

-941.25 2658.5 -770.04 0
-941.25 2658.5 -781.54 0

-952.75 2658.5 -770.04 0
-952.75 2658.5 -781.54 0

-941.25 -2658.5 -764.55 0
-941.25 0 -764.55 0

-941.25 0 -764.55 0
-941.25 1329.25 -764.55 0
-941.25 2658.5 -764.55 0

-941.25 2658.5 -764.55 0

-952.75 -2658.5 -764.55 0
-952.75 2658.5 -764.55 0

-941.25 -2658.5 -764.55 0
-952.75 -2658.5 -764.55 0

-941.25 2658.5 -764.55 0
-952.75 2658.5 -764.55 0

-952.75 -2658.5 -753.05 0
-952.75 2658.5 -753.05 0

-941.25 -2658.5 -753.05 0
-941.25 2658.5 -753.05 0

-952.75 -2658.5 -753.05 0
-941.25 -2658.5 -753.05 0

-952.75 2658.5 -753.05 0
-941.25 2658.5 -753.05 0

-952.75 -2658.5 -764.55 0
-952.75 2658.5 -764.55 0

-952.75 -2658.5 -753.05 0
-952.75 2658.5 -753.05 0

-952.75 -2658.5 -764.55 0
-952.75 -2658.5 -753.05 0

-952.75 2658.5 -764.55 0
-952.75 2658.5 -753.05 0

-941.25 -2658.5 -753.05 0
-941.25 2658.5 -753.05 0

-941.25 -2658.5 -764.55 0
-941.25 2658.5 -764.55 0

-941.25 -2658.5 -753.05 0
-941.25 -2658.5 -764.55 0

-941.25 2658.5 -753.05 0
-941.25 2658.5 -764.55 0

-941.25 -2658.5 -764.55 0
-952.75 -2658.5 -764.55 0

-941.25 -2658.5 -753.05 0
-952.75 -2658.5 -753.05 0

-941.25 -2658.5 -764.55 0
-941.25 -2658.5 -753.05 0

-952.75 -2658.5 -764.55 0
-952.75 -2658.5 -753.05 0

-941.25 2658.5 -753.05 0
-952.75 2658.5 -753.05 0

-941.25 2658.5 -764.55 0
-952.75 2658.5 -764.55 0

-941.25 2658.5 -753.05 0
-941.25 2658.5 -764.55 0

-952.75 2658.5 -753.05 0
-952.75 2658.5 -764.55 0

-941.25 -2658.5 -747.56 0
-941.25 0 -747.56 0

-941.25 0 -747.56 0
-941.25 1329.25 -747.56 0
-941.25 2658.5 -747.56 0

-941.25 2658.5 -747.56 0

-952.75 -2658.5 -747.56 0
-952.75 2658.5 -747.56 0

-941.25 -2658.5 -747.56 0
-952.75 -2658.5 -747.56 0

-941.25 2658.5 -747.56 0
-952.75 2658.5 -747.56 0

-952.75 -2658.5 -736.06 0
-952.75 2658.5 -736.06 0

-941.25 -2658.5 -736.06 0
-941.25 2658.5 -736.06 0

-952.75 -2658.5 -736.06 0
-941.25 -2658.5 -736.06 0

-952.75 2658.5 -736.06 0
-941.25 2658.5 -736.06 0

-952.75 -2658.5 -747.56 0
-952.75 2658.5 -747.56 0

-952.75 -2658.5 -736.06 0
-952.75 2658.5 -736.06 0

-952.75 -2658.5 -747.56 0
-952.75 -2658.5 -736.06 0

-952.75 2658.5 -747.56 0
-952.75 2658.5 -736.06 0

-941.25 -2658.5 -736.06 0
-941.25 2658.5 -736.06 0

-941.25 -2658.5 -747.56 0
-941.25 2658.5 -747.56 0

-941.25 -2658.5 -736.06 0
-941.25 -2658.5 -747.56 0

-941.25 2658.5 -736.06 0
-941.25 2658.5 -747.56 0

-941.25 -2658.5 -747.56 0
-952.75 -2658.5 -747.56 0

-941.25 -2658.5 -736.06 0
-952.75 -2658.5 -736.06 0

-941.25 -2658.5 -747.56 0
-941.25 -2658.5 -736.06 0

-952.75 -2658.5 -747.56 0
-952.75 -2658.5 -736.06 0

-941.25 2658.5 -736.06 0
-952.75 2658.5 -736.06 0

-941.25 2658.5 -747.56 0
-952.75 2658.5 -747.56 0

-941.25 2658.5 -736.06 0
-941.25 2658.5 -747.56 0

-952.75 2658.5 -736.06 0
-952.75 2658.5 -747.56 0

-941.25 -2658.5 -730.57 0
-941.25 0 -730.57 0

-941.25 0 -730.57 0
-941.25 1329.25 -730.57 0
-941.25 2658.5 -730.57 0

-941.25 2658.5 -730.57 0

-952.75 -2658.5 -730.57 0
-952.75 2658.5 -730.57 0

-941.25 -2658.5 -730.57 0
-952.75 -2658.5 -730.57 0

-941.25 2658.5 -730.57 0
-952.75 2658.5 -730.57 0

-952.75 -2658.5 -719.07 0
-952.75 2658.5 -719.07 0

-941.25 -2658.5 -719.07 0
-941.25 2658.5 -719.07 0

-952.75 -2658.5 -719.07 0
-941.25 -2658.5 -719.07 0

-952.75 2658.5 -719.07 0
-941.25 2658.5 -719.07 0

-952.75 -2658.5 -730.57 0
-952.75 2658.5 -730.57 0

-952.75 -2658.5 -719.07 0
-952.75 2658.5 -719.07 0

-952.75 -2658.5 -730.57 0
-952.75 -2658.5 -719.07 0

-952.75 2658.5 -730.57 0
-952.75 2658.5 -719.07 0

-941.25 -2658.5 -719.07 0
-941.25 2658.5 -719.07 0

-941.25 -2658.5 -730.57 0
-941.25 2658.5 -730.57 0

-941.25 -2658.5 -719.07 0
-941.25 -2658.5 -730.57 0

-941.25 2658.5 -719.07 0
-941.25 2658.5 -730.57 0

-941.25 -2658.5 -730.57 0
-952.75 -2658.5 -730.57 0

-941.25 -2658.5 -719.07 0
-952.75 -2658.5 -719.07 0

-941.25 -2658.5 -730.57 0
-941.25 -2658.5 -719.07 0

-952.75 -2658.5 -730.57 0
-952.75 -2658.5 -719.07 0

-941.25 2658.5 -719.07 0
-952.75 2658.5 -719.07 0

-941.25 2658.5 -730.57 0
-952.75 2658.5 -730.57 0

-941.25 2658.5 -719.07 0
-941.25 2658.5 -730.57 0

-952.75 2658.5 -719.07 0
-952.75 2658.5 -730.57 0

-941.25 -2658.5 -713.58 0
-941.25 0 -713.58 0

-941.25 0 -713.58 0
-941.25 1329.25 -713.58 0
-941.25 2658.5 -713.58 0

-941.25 2658.5 -713.58 0

-952.75 -2658.5 -713.58 0
-952.75 2658.5 -713.58 0

-941.25 -2658.5 -713.58 0
-952.75 -2658.5 -713.58 0

-941.25 2658.5 -713.58 0
-952.75 2658.5 -713.58 0

-952.75 -2658.5 -702.08 0
-952.75 2658.5 -702.08 0

-941.25 -2658.5 -702.08 0
-941.25 2658.5 -702.08 0

-952.75 -2658.5 -702.08 0
-941.25 -2658.5 -702.08 0

-952.75 2658.5 -702.08 0
-941.25 2658.5 -702.08 0

-952.75 -2658.5 -713.58 0
-952.75 2658.5 -713.58 0

-952.75 -2658.5 -702.08 0
-952.75 2658.5 -702.08 0

-952.75 -2658.5 -713.58 0
-952.75 -2658.5 -702.08 0

-952.75 2658.5 -713.58 0
-952.75 2658.5 -702.08 0

-941.25 -2658.5 -702.08 0
-941.25 2658.5 -702.08 0

-941.25 -2658.5 -713.58 0
-941.25 2658.5 -713.58 0

-941.25 -2658.5 -702.08 0
-941.25 -2658.5 -713.58 0

-941.25 2658.5 -702.08 0
-941.25 2658.5 -713.58 0

-941.25 -2658.5 -713.58 0
-952.75 -2658.5 -713.58 0

-941.25 -2658.5 -702.08 0
-952.75 -2658.5 -702.08 0

-941.25 -2658.5 -713.58 0
-941.25 -2658.5 -702.08 0

-952.75 -2658.5 -713.58 0
-952.75 -2658.5 -702.08 0

-941.25 2658.5 -702.08 0
-952.75 2658.5 -702.08 0

-941.25 2658.5 -713.58 0
-952.75 2658.5 -713.58 0

-941.25 2658.5 -702.08 0
-941.25 2658.5 -713.58 0

-952.75 2658.5 -702.08 0
-952.75 2658.5 -713.58 0

-941.25 -2658.5 -696.59 0
-941.25 0 -696.59 0

-941.25 0 -696.59 0
-941.25 1329.25 -696.59 0
-941.25 2658.5 -696.59 0

-941.25 2658.5 -696.59 0

-952.75 -2658.5 -696.59 0
-952.75 2658.5 -696.59 0

-941.25 -2658.5 -696.59 0
-952.75 -2658.5 -696.59 0

-941.25 2658.5 -696.59 0
-952.75 2658.5 -696.59 0

-952.75 -2658.5 -685.09 0
-952.75 2658.5 -685.09 0

-941.25 -2658.5 -685.09 0
-941.25 2658.5 -685.09 0

-952.75 -2658.5 -685.09 0
-941.25 -2658.5 -685.09 0

-952.75 2658.5 -685.09 0
-941.25 2658.5 -685.09 0

-952.75 -2658.5 -696.59 0
-952.75 2658.5 -696.59 0

-952.75 -2658.5 -685.09 0
-952.75 2658.5 -685.09 0

-952.75 -2658.5 -696.59 0
-952.75 -2658.5 -685.09 0

-952.75 2658.5 -696.59 0
-952.75 2658.5 -685.09 0

-941.25 -2658.5 -685.09 0
-941.25 2658.5 -685.09 0

-941.25 -2658.5 -696.59 0
-941.25 2658.5 -696.59 0

-941.25 -2658.5 -685.09 0
-941.25 -2658.5 -696.59 0

-941.25 2658.5 -685.09 0
-941.25 2658.5 -696.59 0

-941.25 -2658.5 -696.59 0
-952.75 -2658.5 -696.59 0

-941.25 -2658.5 -685.09 0
-952.75 -2658.5 -685.09 0

-941.25 -2658.5 -696.59 0
-941.25 -2658.5 -685.09 0

-952.75 -2658.5 -696.59 0
-952.75 -2658.5 -685.09 0

-941.25 2658.5 -685.09 0
-952.75 2658.5 -685.09 0

-941.25 2658.5 -696.59 0
-952.75 2658.5 -696.59 0

-941.25 2658.5 -685.09 0
-941.25 2658.5 -696.59 0

-952.75 2658.5 -685.09 0
-952.75 2658.5 -696.59 0

-941.25 -2658.5 -679.6 0
-941.25 0 -679.6 0

-941.25 0 -679.6 0
-941.25 1329.25 -679.6 0
-941.25 2658.5 -679.6 0

-941.25 2658.5 -679.6 0

-952.75 -2658.5 -679.6 0
-952.75 2658.5 -679.6 0

-941.25 -2658.5 -679.6 0
-952.75 -2658.5 -679.6 0

-941.25 2658.5 -679.6 0
-952.75 2658.5 -679.6 0

-952.75 -2658.5 -668.1 0
-952.75 2658.5 -668.1 0

-941.25 -2658.5 -668.1 0
-941.25 2658.5 -668.1 0

-952.75 -2658.5 -668.1 0
-941.25 -2658.5 -668.1 0

-952.75 2658.5 -668.1 0
-941.25 2658.5 -668.1 0

-952.75 -2658.5 -679.6 0
-952.75 2658.5 -679.6 0

-952.75 -2658.5 -668.1 0
-952.75 2658.5 -668.1 0

-952.75 -2658.5 -679.6 0
-952.75 -2658.5 -668.1 0

-952.75 2658.5 -679.6 0
-952.75 2658.5 -668.1 0

-941.25 -2658.5 -668.1 0
-941.25 2658.5 -668.1 0

-941.25 -2658.5 -679.6 0
-941.25 2658.5 -679.6 0

-941.25 -2658.5 -668.1 0
-941.25 -2658.5 -679.6 0

-941.25 2658.5 -668.1 0
-941.25 2658.5 -679.6 0

-941.25 -2658.5 -679.6 0
-952.75 -2658.5 -679.6 0

-941.25 -2658.5 -668.1 0
-952.75 -2658.5 -668.1 0

-941.25 -2658.5 -679.6 0
-941.25 -2658.5 -668.1 0

-952.75 -2658.5 -679.6 0
-952.75 -2658.5 -668.1 0

-941.25 2658.5 -668.1 0
-952.75 2658.5 -668.1 0

-941.25 2658.5 -679.6 0
-952.75 2658.5 -679.6 0

-941.25 2658.5 -668.1 0
-941.25 2658.5 -679.6 0

-952.75 2658.5 -668.1 0
-952.75 2658.5 -679.6 0

-941.25 -2658.5 -662.61 0
-941.25 0 -662.61 0

-941.25 0 -662.61 0
-941.25 1329.25 -662.61 0
-941.25 2658.5 -662.61 0

-941.25 2658.5 -662.61 0

-952.75 -2658.5 -662.61 0
-952.75 2658.5 -662.61 0

-941.25 -2658.5 -662.61 0
-952.75 -2658.5 -662.61 0

-941.25 2658.5 -662.61 0
-952.75 2658.5 -662.61 0

-952.75 -2658.5 -651.11 0
-952.75 2658.5 -651.11 0

-941.25 -2658.5 -651.11 0
-941.25 2658.5 -651.11 0

-952.75 -2658.5 -651.11 0
-941.25 -2658.5 -651.11 0

-952.75 2658.5 -651.11 0
-941.25 2658.5 -651.11 0

-952.75 -2658.5 -662.61 0
-952.75 2658.5 -662.61 0

-952.75 -2658.5 -651.11 0
-952.75 2658.5 -651.11 0

-952.75 -2658.5 -662.61 0
-952.75 -2658.5 -651.11 0

-952.75 2658.5 -662.61 0
-952.75 2658.5 -651.11 0

-941.25 -2658.5 -651.11 0
-941.25 2658.5 -651.11 0

-941.25 -2658.5 -662.61 0
-941.25 2658.5 -662.61 0

-941.25 -2658.5 -651.11 0
-941.25 -2658.5 -662.61 0

-941.25 2658.5 -651.11 0
-941.25 2658.5 -662.61 0

-941.25 -2658.5 -662.61 0
-952.75 -2658.5 -662.61 0

-941.25 -2658.5 -651.11 0
-952.75 -2658.5 -651.11 0

-941.25 -2658.5 -662.61 0
-941.25 -2658.5 -651.11 0

-952.75 -2658.5 -662.61 0
-952.75 -2658.5 -651.11 0

-941.25 2658.5 -651.11 0
-952.75 2658.5 -651.11 0

-941.25 2658.5 -662.61 0
-952.75 2658.5 -662.61 0

-941.25 2658.5 -651.11 0
-941.25 2658.5 -662.61 0

-952.75 2658.5 -651.11 0
-952.75 2658.5 -662.61 0

-941.25 -2658.5 -645.62 0
-941.25 0 -645.62 0

-941.25 0 -645.62 0
-941.25 1329.25 -645.62 0
-941.25 2658.5 -645.62 0

-941.25 2658.5 -645.62 0

-952.75 -2658.5 -645.62 0
-952.75 2658.5 -645.62 0

-941.25 -2658.5 -645.62 0
-952.75 -2658.5 -645.62 0

-941.25 2658.5 -645.62 0
-952.75 2658.5 -645.62 0

-952.75 -2658.5 -634.12 0
-952.75 2658.5 -634.12 0

-941.25 -2658.5 -634.12 0
-941.25 2658.5 -634.12 0

-952.75 -2658.5 -634.12 0
-941.25 -2658.5 -634.12 0

-952.75 2658.5 -634.12 0
-941.25 2658.5 -634.12 0

-952.75 -2658.5 -645.62 0
-952.75 2658.5 -645.62 0

-952.75 -2658.5 -634.12 0
-952.75 2658.5 -634.12 0

-952.75 -2658.5 -645.62 0
-952.75 -2658.5 -634.12 0

-952.75 2658.5 -645.62 0
-952.75 2658.5 -634.12 0

-941.25 -2658.5 -634.12 0
-941.25 2658.5 -634.12 0

-941.25 -2658.5 -645.62 0
-941.25 2658.5 -645.62 0

-941.25 -2658.5 -634.12 0
-941.25 -2658.5 -645.62 0

-941.25 2658.5 -634.12 0
-941.25 2658.5 -645.62 0

-941.25 -2658.5 -645.62 0
-952.75 -2658.5 -645.62 0

-941.25 -2658.5 -634.12 0
-952.75 -2658.5 -634.12 0

-941.25 -2658.5 -645.62 0
-941.25 -2658.5 -634.12 0

-952.75 -2658.5 -645.62 0
-952.75 -2658.5 -634.12 0

-941.25 2658.5 -634.12 0
-952.75 2658.5 -634.12 0

-941.25 2658.5 -645.62 0
-952.75 2658.5 -645.62 0

-941.25 2658.5 -634.12 0
-941.25 2658.5 -645.62 0

-952.75 2658.5 -634.12 0
-952.75 2658.5 -645.62 0

-941.25 -2658.5 -628.63 0
-941.25 0 -628.63 0

-941.25 0 -628.63 0
-941.25 1329.25 -628.63 0
-941.25 2658.5 -628.63 0

-941.25 2658.5 -628.63 0

-952.75 -2658.5 -628.63 0
-952.75 2658.5 -628.63 0

-941.25 -2658.5 -628.63 0
-952.75 -2658.5 -628.63 0

-941.25 2658.5 -628.63 0
-952.75 2658.5 -628.63 0

-952.75 -2658.5 -617.13 0
-952.75 2658.5 -617.13 0

-941.25 -2658.5 -617.13 0
-941.25 2658.5 -617.13 0

-952.75 -2658.5 -617.13 0
-941.25 -2658.5 -617.13 0

-952.75 2658.5 -617.13 0
-941.25 2658.5 -617.13 0

-952.75 -2658.5 -628.63 0
-952.75 2658.5 -628.63 0

-952.75 -2658.5 -617.13 0
-952.75 2658.5 -617.13 0

-952.75 -2658.5 -628.63 0
-952.75 -2658.5 -617.13 0

-952.75 2658.5 -628.63 0
-952.75 2658.5 -617.13 0

-941.25 -2658.5 -617.13 0
-941.25 2658.5 -617.13 0

-941.25 -2658.5 -628.63 0
-941.25 2658.5 -628.63 0

-941.25 -2658.5 -617.13 0
-941.25 -2658.5 -628.63 0

-941.25 2658.5 -617.13 0
-941.25 2658.5 -628.63 0

-941.25 -2658.5 -628.63 0
-952.75 -2658.5 -628.63 0

-941.25 -2658.5 -617.13 0
-952.75 -2658.5 -617.13 0

-941.25 -2658.5 -628.63 0
-941.25 -2658.5 -617.13 0

-952.75 -2658.5 -628.63 0
-952.75 -2658.5 -617.13 0

-941.25 2658.5 -617.13 0
-952.75 2658.5 -617.13 0

-941.25 2658.5 -628.63 0
-952.75 2658.5 -628.63 0

-941.25 2658.5 -617.13 0
-941.25 2658.5 -628.63 0

-952.75 2658.5 -617.13 0
-952.75 2658.5 -628.63 0

-941.25 -2658.5 -611.64 0
-941.25 0 -611.64 0

-941.25 0 -611.64 0
-941.25 1329.25 -611.64 0
-941.25 2658.5 -611.64 0

-941.25 2658.5 -611.64 0

-952.75 -2658.5 -611.64 0
-952.75 2658.5 -611.64 0

-941.25 -2658.5 -611.64 0
-952.75 -2658.5 -611.64 0

-941.25 2658.5 -611.64 0
-952.75 2658.5 -611.64 0

-952.75 -2658.5 -600.14 0
-952.75 2658.5 -600.14 0

-941.25 -2658.5 -600.14 0
-941.25 2658.5 -600.14 0

-952.75 -2658.5 -600.14 0
-941.25 -2658.5 -600.14 0

-952.75 2658.5 -600.14 0
-941.25 2658.5 -600.14 0

-952.75 -2658.5 -611.64 0
-952.75 2658.5 -611.64 0

-952.75 -2658.5 -600.14 0
-952.75 2658.5 -600.14 0

-952.75 -2658.5 -611.64 0
-952.75 -2658.5 -600.14 0

-952.75 2658.5 -611.64 0
-952.75 2658.5 -600.14 0

-941.25 -2658.5 -600.14 0
-941.25 2658.5 -600.14 0

-941.25 -2658.5 -611.64 0
-941.25 2658.5 -611.64 0

-941.25 -2658.5 -600.14 0
-941.25 -2658.5 -611.64 0

-941.25 2658.5 -600.14 0
-941.25 2658.5 -611.64 0

-941.25 -2658.5 -611.64 0
-952.75 -2658.5 -611.64 0

-941.25 -2658.5 -600.14 0
-952.75 -2658.5 -600.14 0

-941.25 -2658.5 -611.64 0
-941.25 -2658.5 -600.14 0

-952.75 -2658.5 -611.64 0
-952.75 -2658.5 -600.14 0

-941.25 2658.5 -600.14 0
-952.75 2658.5 -600.14 0

-941.25 2658.5 -611.64 0
-952.75 2658.5 -611.64 0

-941.25 2658.5 -600.14 0
-941.25 2658.5 -611.64 0

-952.75 2658.5 -600.14 0
-952.75 2658.5 -611.64 0

-941.25 -2658.5 -594.65 0
-941.25 0 -594.65 0

-941.25 0 -594.65 0
-941.25 1329.25 -594.65 0
-941.25 2658.5 -594.65 0

-941.25 2658.5 -594.65 0

-952.75 -2658.5 -594.65 0
-952.75 2658.5 -594.65 0

-941.25 -2658.5 -594.65 0
-952.75 -2658.5 -594.65 0

-941.25 2658.5 -594.65 0
-952.75 2658.5 -594.65 0

-952.75 -2658.5 -583.15 0
-952.75 2658.5 -583.15 0

-941.25 -2658.5 -583.15 0
-941.25 2658.5 -583.15 0

-952.75 -2658.5 -583.15 0
-941.25 -2658.5 -583.15 0

-952.75 2658.5 -583.15 0
-941.25 2658.5 -583.15 0

-952.75 -2658.5 -594.65 0
-952.75 2658.5 -594.65 0

-952.75 -2658.5 -583.15 0
-952.75 2658.5 -583.15 0

-952.75 -2658.5 -594.65 0
-952.75 -2658.5 -583.15 0

-952.75 2658.5 -594.65 0
-952.75 2658.5 -583.15 0

-941.25 -2658.5 -583.15 0
-941.25 2658.5 -583.15 0

-941.25 -2658.5 -594.65 0
-941.25 2658.5 -594.65 0

-941.25 -2658.5 -583.15 0
-941.25 -2658.5 -594.65 0

-941.25 2658.5 -583.15 0
-941.25 2658.5 -594.65 0

-941.25 -2658.5 -594.65 0
-952.75 -2658.5 -594.65 0

-941.25 -2658.5 -583.15 0
-952.75 -2658.5 -583.15 0

-941.25 -2658.5 -594.65 0
-941.25 -2658.5 -583.15 0

-952.75 -2658.5 -594.65 0
-952.75 -2658.5 -583.15 0

-941.25 2658.5 -583.15 0
-952.75 2658.5 -583.15 0

-941.25 2658.5 -594.65 0
-952.75 2658.5 -594.65 0

-941.25 2658.5 -583.15 0
-941.25 2658.5 -594.65 0

-952.75 2658.5 -583.15 0
-952.75 2658.5 -594.65 0

-941.25 -2658.5 -577.66 0
-941.25 0 -577.66 0

-941.25 0 -577.66 0
-941.25 1329.25 -577.66 0
-941.25 2658.5 -577.66 0

-941.25 2658.5 -577.66 0

-952.75 -2658.5 -577.66 0
-952.75 2658.5 -577.66 0

-941.25 -2658.5 -577.66 0
-952.75 -2658.5 -577.66 0

-941.25 2658.5 -577.66 0
-952.75 2658.5 -577.66 0

-952.75 -2658.5 -566.16 0
-952.75 2658.5 -566.16 0

-941.25 -2658.5 -566.16 0
-941.25 2658.5 -566.16 0

-952.75 -2658.5 -566.16 0
-941.25 -2658.5 -566.16 0

-952.75 2658.5 -566.16 0
-941.25 2658.5 -566.16 0

-952.75 -2658.5 -577.66 0
-952.75 2658.5 -577.66 0

-952.75 -2658.5 -566.16 0
-952.75 2658.5 -566.16 0

-952.75 -2658.5 -577.66 0
-952.75 -2658.5 -566.16 0

-952.75 2658.5 -577.66 0
-952.75 2658.5 -566.16 0

-941.25 -2658.5 -566.16 0
-941.25 2658.5 -566.16 0

-941.25 -2658.5 -577.66 0
-941.25 2658.5 -577.66 0

-941.25 -2658.5 -566.16 0
-941.25 -2658.5 -577.66 0

-941.25 2658.5 -566.16 0
-941.25 2658.5 -577.66 0

-941.25 -2658.5 -577.66 0
-952.75 -2658.5 -577.66 0

-941.25 -2658.5 -566.16 0
-952.75 -2658.5 -566.16 0

-941.25 -2658.5 -577.66 0
-941.25 -2658.5 -566.16 0

-952.75 -2658.5 -577.66 0
-952.75 -2658.5 -566.16 0

-941.25 2658.5 -566.16 0
-952.75 2658.5 -566.16 0

-941.25 2658.5 -577.66 0
-952.75 2658.5 -577.66 0

-941.25 2658.5 -566.16 0
-941.25 2658.5 -577.66 0

-952.75 2658.5 -566.16 0
-952.75 2658.5 -577.66 0

-941.25 -2658.5 -560.67 0
-941.25 0 -560.67 0

-941.25 0 -560.67 0
-941.25 1329.25 -560.67 0
-941.25 2658.5 -560.67 0

-941.25 2658.5 -560.67 0

-952.75 -2658.5 -560.67 0
-952.75 2658.5 -560.67 0

-941.25 -2658.5 -560.67 0
-952.75 -2658.5 -560.67 0

-941.25 2658.5 -560.67 0
-952.75 2658.5 -560.67 0

-952.75 -2658.5 -549.17 0
-952.75 2658.5 -549.17 0

-941.25 -2658.5 -549.17 0
-941.25 2658.5 -549.17 0

-952.75 -2658.5 -549.17 0
-941.25 -2658.5 -549.17 0

-952.75 2658.5 -549.17 0
-941.25 2658.5 -549.17 0

-952.75 -2658.5 -560.67 0
-952.75 2658.5 -560.67 0

-952.75 -2658.5 -549.17 0
-952.75 2658.5 -549.17 0

-952.75 -2658.5 -560.67 0
-952.75 -2658.5 -549.17 0

-952.75 2658.5 -560.67 0
-952.75 2658.5 -549.17 0

-941.25 -2658.5 -549.17 0
-941.25 2658.5 -549.17 0

-941.25 -2658.5 -560.67 0
-941.25 2658.5 -560.67 0

-941.25 -2658.5 -549.17 0
-941.25 -2658.5 -560.67 0

-941.25 2658.5 -549.17 0
-941.25 2658.5 -560.67 0

-941.25 -2658.5 -560.67 0
-952.75 -2658.5 -560.67 0

-941.25 -2658.5 -549.17 0
-952.75 -2658.5 -549.17 0

-941.25 -2658.5 -560.67 0
-941.25 -2658.5 -549.17 0

-952.75 -2658.5 -560.67 0
-952.75 -2658.5 -549.17 0

-941.25 2658.5 -549.17 0
-952.75 2658.5 -549.17 0

-941.25 2658.5 -560.67 0
-952.75 2658.5 -560.67 0

-941.25 2658.5 -549.17 0
-941.25 2658.5 -560.67 0

-952.75 2658.5 -549.17 0
-952.75 2658.5 -560.67 0

-941.25 -2658.5 -543.68 0
-941.25 0 -543.68 0

-941.25 0 -543.68 0
-941.25 1329.25 -543.68 0
-941.25 2658.5 -543.68 0

-941.25 2658.5 -543.68 0

-952.75 -2658.5 -543.68 0
-952.75 2658.5 -543.68 0

-941.25 -2658.5 -543.68 0
-952.75 -2658.5 -543.68 0

-941.25 2658.5 -543.68 0
-952.75 2658.5 -543.68 0

-952.75 -2658.5 -532.18 0
-952.75 2658.5 -532.18 0

-941.25 -2658.5 -532.18 0
-941.25 2658.5 -532.18 0

-952.75 -2658.5 -532.18 0
-941.25 -2658.5 -532.18 0

-952.75 2658.5 -532.18 0
-941.25 2658.5 -532.18 0

-952.75 -2658.5 -543.68 0
-952.75 2658.5 -543.68 0

-952.75 -2658.5 -532.18 0
-952.75 2658.5 -532.18 0

-952.75 -2658.5 -543.68 0
-952.75 -2658.5 -532.18 0

-952.75 2658.5 -543.68 0
-952.75 2658.5 -532.18 0

-941.25 -2658.5 -532.18 0
-941.25 2658.5 -532.18 0

-941.25 -2658.5 -543.68 0
-941.25 2658.5 -543.68 0

-941.25 -2658.5 -532.18 0
-941.25 -2658.5 -543.68 0

-941.25 2658.5 -532.18 0
-941.25 2658.5 -543.68 0

-941.25 -2658.5 -543.68 0
-952.75 -2658.5 -543.68 0

-941.25 -2658.5 -532.18 0
-952.75 -2658.5 -532.18 0

-941.25 -2658.5 -543.68 0
-941.25 -2658.5 -532.18 0

-952.75 -2658.5 -543.68 0
-952.75 -2658.5 -532.18 0

-941.25 2658.5 -532.18 0
-952.75 2658.5 -532.18 0

-941.25 2658.5 -543.68 0
-952.75 2658.5 -543.68 0

-941.25 2658.5 -532.18 0
-941.25 2658.5 -543.68 0

-952.75 2658.5 -532.18 0
-952.75 2658.5 -543.68 0

-941.25 -2658.5 -526.69 0
-941.25 0 -526.69 0

-941.25 0 -526.69 0
-941.25 1329.25 -526.69 0
-941.25 2658.5 -526.69 0

-941.25 2658.5 -526.69 0

-952.75 -2658.5 -526.69 0
-952.75 2658.5 -526.69 0

-941.25 -2658.5 -526.69 0
-952.75 -2658.5 -526.69 0

-941.25 2658.5 -526.69 0
-952.75 2658.5 -526.69 0

-952.75 -2658.5 -515.19 0
-952.75 2658.5 -515.19 0

-941.25 -2658.5 -515.19 0
-941.25 2658.5 -515.19 0

-952.75 -2658.5 -515.19 0
-941.25 -2658.5 -515.19 0

-952.75 2658.5 -515.19 0
-941.25 2658.5 -515.19 0

-952.75 -2658.5 -526.69 0
-952.75 2658.5 -526.69 0

-952.75 -2658.5 -515.19 0
-952.75 2658.5 -515.19 0

-952.75 -2658.5 -526.69 0
-952.75 -2658.5 -515.19 0

-952.75 2658.5 -526.69 0
-952.75 2658.5 -515.19 0

-941.25 -2658.5 -515.19 0
-941.25 2658.5 -515.19 0

-941.25 -2658.5 -526.69 0
-941.25 2658.5 -526.69 0

-941.25 -2658.5 -515.19 0
-941.25 -2658.5 -526.69 0

-941.25 2658.5 -515.19 0
-941.25 2658.5 -526.69 0

-941.25 -2658.5 -526.69 0
-952.75 -2658.5 -526.69 0

-941.25 -2658.5 -515.19 0
-952.75 -2658.5 -515.19 0

-941.25 -2658.5 -526.69 0
-941.25 -2658.5 -515.19 0

-952.75 -2658.5 -526.69 0
-952.75 -2658.5 -515.19 0

-941.25 2658.5 -515.19 0
-952.75 2658.5 -515.19 0

-941.25 2658.5 -526.69 0
-952.75 2658.5 -526.69 0

-941.25 2658.5 -515.19 0
-941.25 2658.5 -526.69 0

-952.75 2658.5 -515.19 0
-952.75 2658.5 -526.69 0

-941.25 -2658.5 -509.7 0
-941.25 0 -509.7 0

-941.25 0 -509.7 0
-941.25 1329.25 -509.7 0
-941.25 2658.5 -509.7 0

-941.25 2658.5 -509.7 0

-952.75 -2658.5 -509.7 0
-952.75 2658.5 -509.7 0

-941.25 -2658.5 -509.7 0
-952.75 -2658.5 -509.7 0

-941.25 2658.5 -509.7 0
-952.75 2658.5 -509.7 0

-952.75 -2658.5 -498.2 0
-952.75 2658.5 -498.2 0

-941.25 -2658.5 -498.2 0
-941.25 2658.5 -498.2 0

-952.75 -2658.5 -498.2 0
-941.25 -2658.5 -498.2 0

-952.75 2658.5 -498.2 0
-941.25 2658.5 -498.2 0

-952.75 -2658.5 -509.7 0
-952.75 2658.5 -509.7 0

-952.75 -2658.5 -498.2 0
-952.75 2658.5 -498.2 0

-952.75 -2658.5 -509.7 0
-952.75 -2658.5 -498.2 0

-952.75 2658.5 -509.7 0
-952.75 2658.5 -498.2 0

-941.25 -2658.5 -498.2 0
-941.25 2658.5 -498.2 0

-941.25 -2658.5 -509.7 0
-941.25 2658.5 -509.7 0

-941.25 -2658.5 -498.2 0
-941.25 -2658.5 -509.7 0

-941.25 2658.5 -498.2 0
-941.25 2658.5 -509.7 0

-941.25 -2658.5 -509.7 0
-952.75 -2658.5 -509.7 0

-941.25 -2658.5 -498.2 0
-952.75 -2658.5 -498.2 0

-941.25 -2658.5 -509.7 0
-941.25 -2658.5 -498.2 0

-952.75 -2658.5 -509.7 0
-952.75 -2658.5 -498.2 0

-941.25 2658.5 -498.2 0
-952.75 2658.5 -498.2 0

-941.25 2658.5 -509.7 0
-952.75 2658.5 -509.7 0

-941.25 2658.5 -498.2 0
-941.25 2658.5 -509.7 0

-952.75 2658.5 -498.2 0
-952.75 2658.5 -509.7 0

-941.25 -2658.5 -492.71 0
-941.25 0 -492.71 0

-941.25 0 -492.71 0
-941.25 1329.25 -492.71 0
-941.25 2658.5 -492.71 0

-941.25 2658.5 -492.71 0

-952.75 -2658.5 -492.71 0
-952.75 2658.5 -492.71 0

-941.25 -2658.5 -492.71 0
-952.75 -2658.5 -492.71 0

-941.25 2658.5 -492.71 0
-952.75 2658.5 -492.71 0

-952.75 -2658.5 -481.21 0
-952.75 2658.5 -481.21 0

-941.25 -2658.5 -481.21 0
-941.25 2658.5 -481.21 0

-952.75 -2658.5 -481.21 0
-941.25 -2658.5 -481.21 0

-952.75 2658.5 -481.21 0
-941.25 2658.5 -481.21 0

-952.75 -2658.5 -492.71 0
-952.75 2658.5 -492.71 0

-952.75 -2658.5 -481.21 0
-952.75 2658.5 -481.21 0

-952.75 -2658.5 -492.71 0
-952.75 -2658.5 -481.21 0

-952.75 2658.5 -492.71 0
-952.75 2658.5 -481.21 0

-941.25 -2658.5 -481.21 0
-941.25 2658.5 -481.21 0

-941.25 -2658.5 -492.71 0
-941.25 2658.5 -492.71 0

-941.25 -2658.5 -481.21 0
-941.25 -2658.5 -492.71 0

-941.25 2658.5 -481.21 0
-941.25 2658.5 -492.71 0

-941.25 -2658.5 -492.71 0
-952.75 -2658.5 -492.71 0

-941.25 -2658.5 -481.21 0
-952.75 -2658.5 -481.21 0

-941.25 -2658.5 -492.71 0
-941.25 -2658.5 -481.21 0

-952.75 -2658.5 -492.71 0
-952.75 -2658.5 -481.21 0

-941.25 2658.5 -481.21 0
-952.75 2658.5 -481.21 0

-941.25 2658.5 -492.71 0
-952.75 2658.5 -492.71 0

-941.25 2658.5 -481.21 0
-941.25 2658.5 -492.71 0

-952.75 2658.5 -481.21 0
-952.75 2658.5 -492.71 0

-941.25 -2658.5 -475.72 0
-941.25 0 -475.72 0

-941.25 0 -475.72 0
-941.25 1329.25 -475.72 0
-941.25 2658.5 -475.72 0

-941.25 2658.5 -475.72 0

-952.75 -2658.5 -475.72 0
-952.75 2658.5 -475.72 0

-941.25 -2658.5 -475.72 0
-952.75 -2658.5 -475.72 0

-941.25 2658.5 -475.72 0
-952.75 2658.5 -475.72 0

-952.75 -2658.5 -464.22 0
-952.75 2658.5 -464.22 0

-941.25 -2658.5 -464.22 0
-941.25 2658.5 -464.22 0

-952.75 -2658.5 -464.22 0
-941.25 -2658.5 -464.22 0

-952.75 2658.5 -464.22 0
-941.25 2658.5 -464.22 0

-952.75 -2658.5 -475.72 0
-952.75 2658.5 -475.72 0

-952.75 -2658.5 -464.22 0
-952.75 2658.5 -464.22 0

-952.75 -2658.5 -475.72 0
-952.75 -2658.5 -464.22 0

-952.75 2658.5 -475.72 0
-952.75 2658.5 -464.22 0

-941.25 -2658.5 -464.22 0
-941.25 2658.5 -464.22 0

-941.25 -2658.5 -475.72 0
-941.25 2658.5 -475.72 0

-941.25 -2658.5 -464.22 0
-941.25 -2658.5 -475.72 0

-941.25 2658.5 -464.22 0
-941.25 2658.5 -475.72 0

-941.25 -2658.5 -475.72 0
-952.75 -2658.5 -475.72 0

-941.25 -2658.5 -464.22 0
-952.75 -2658.5 -464.22 0

-941.25 -2658.5 -475.72 0
-941.25 -2658.5 -464.22 0

-952.75 -2658.5 -475.72 0
-952.75 -2658.5 -464.22 0

-941.25 2658.5 -464.22 0
-952.75 2658.5 -464.22 0

-941.25 2658.5 -475.72 0
-952.75 2658.5 -475.72 0

-941.25 2658.5 -464.22 0
-941.25 2658.5 -475.72 0

-952.75 2658.5 -464.22 0
-952.75 2658.5 -475.72 0

-941.25 -2658.5 -458.73 0
-941.25 0 -458.73 0

-941.25 0 -458.73 0
-941.25 1329.25 -458.73 0
-941.25 2658.5 -458.73 0

-941.25 2658.5 -458.73 0

-952.75 -2658.5 -458.73 0
-952.75 2658.5 -458.73 0

-941.25 -2658.5 -458.73 0
-952.75 -2658.5 -458.73 0

-941.25 2658.5 -458.73 0
-952.75 2658.5 -458.73 0

-952.75 -2658.5 -447.23 0
-952.75 2658.5 -447.23 0

-941.25 -2658.5 -447.23 0
-941.25 2658.5 -447.23 0

-952.75 -2658.5 -447.23 0
-941.25 -2658.5 -447.23 0

-952.75 2658.5 -447.23 0
-941.25 2658.5 -447.23 0

-952.75 -2658.5 -458.73 0
-952.75 2658.5 -458.73 0

-952.75 -2658.5 -447.23 0
-952.75 2658.5 -447.23 0

-952.75 -2658.5 -458.73 0
-952.75 -2658.5 -447.23 0

-952.75 2658.5 -458.73 0
-952.75 2658.5 -447.23 0

-941.25 -2658.5 -447.23 0
-941.25 2658.5 -447.23 0

-941.25 -2658.5 -458.73 0
-941.25 2658.5 -458.73 0

-941.25 -2658.5 -447.23 0
-941.25 -2658.5 -458.73 0

-941.25 2658.5 -447.23 0
-941.25 2658.5 -458.73 0

-941.25 -2658.5 -458.73 0
-952.75 -2658.5 -458.73 0

-941.25 -2658.5 -447.23 0
-952.75 -2658.5 -447.23 0

-941.25 -2658.5 -458.73 0
-941.25 -2658.5 -447.23 0

-952.75 -2658.5 -458.73 0
-952.75 -2658.5 -447.23 0

-941.25 2658.5 -447.23 0
-952.75 2658.5 -447.23 0

-941.25 2658.5 -458.73 0
-952.75 2658.5 -458.73 0

-941.25 2658.5 -447.23 0
-941.25 2658.5 -458.73 0

-952.75 2658.5 -447.23 0
-952.75 2658.5 -458.73 0

-941.25 -2658.5 -441.74 0
-941.25 0 -441.74 0

-941.25 0 -441.74 0
-941.25 1329.25 -441.74 0
-941.25 2658.5 -441.74 0

-941.25 2658.5 -441.74 0

-952.75 -2658.5 -441.74 0
-952.75 2658.5 -441.74 0

-941.25 -2658.5 -441.74 0
-952.75 -2658.5 -441.74 0

-941.25 2658.5 -441.74 0
-952.75 2658.5 -441.74 0

-952.75 -2658.5 -430.24 0
-952.75 2658.5 -430.24 0

-941.25 -2658.5 -430.24 0
-941.25 2658.5 -430.24 0

-952.75 -2658.5 -430.24 0
-941.25 -2658.5 -430.24 0

-952.75 2658.5 -430.24 0
-941.25 2658.5 -430.24 0

-952.75 -2658.5 -441.74 0
-952.75 2658.5 -441.74 0

-952.75 -2658.5 -430.24 0
-952.75 2658.5 -430.24 0

-952.75 -2658.5 -441.74 0
-952.75 -2658.5 -430.24 0

-952.75 2658.5 -441.74 0
-952.75 2658.5 -430.24 0

-941.25 -2658.5 -430.24 0
-941.25 2658.5 -430.24 0

-941.25 -2658.5 -441.74 0
-941.25 2658.5 -441.74 0

-941.25 -2658.5 -430.24 0
-941.25 -2658.5 -441.74 0

-941.25 2658.5 -430.24 0
-941.25 2658.5 -441.74 0

-941.25 -2658.5 -441.74 0
-952.75 -2658.5 -441.74 0

-941.25 -2658.5 -430.24 0
-952.75 -2658.5 -430.24 0

-941.25 -2658.5 -441.74 0
-941.25 -2658.5 -430.24 0

-952.75 -2658.5 -441.74 0
-952.75 -2658.5 -430.24 0

-941.25 2658.5 -430.24 0
-952.75 2658.5 -430.24 0

-941.25 2658.5 -441.74 0
-952.75 2658.5 -441.74 0

-941.25 2658.5 -430.24 0
-941.25 2658.5 -441.74 0

-952.75 2658.5 -430.24 0
-952.75 2658.5 -441.74 0

-941.25 -2658.5 -424.75 0
-941.25 0 -424.75 0

-941.25 0 -424.75 0
-941.25 1329.25 -424.75 0
-941.25 2658.5 -424.75 0

-941.25 2658.5 -424.75 0

-952.75 -2658.5 -424.75 0
-952.75 2658.5 -424.75 0

-941.25 -2658.5 -424.75 0
-952.75 -2658.5 -424.75 0

-941.25 2658.5 -424.75 0
-952.75 2658.5 -424.75 0

-952.75 -2658.5 -413.25 0
-952.75 2658.5 -413.25 0

-941.25 -2658.5 -413.25 0
-941.25 2658.5 -413.25 0

-952.75 -2658.5 -413.25 0
-941.25 -2658.5 -413.25 0

-952.75 2658.5 -413.25 0
-941.25 2658.5 -413.25 0

-952.75 -2658.5 -424.75 0
-952.75 2658.5 -424.75 0

-952.75 -2658.5 -413.25 0
-952.75 2658.5 -413.25 0

-952.75 -2658.5 -424.75 0
-952.75 -2658.5 -413.25 0

-952.75 2658.5 -424.75 0
-952.75 2658.5 -413.25 0

-941.25 -2658.5 -413.25 0
-941.25 2658.5 -413.25 0

-941.25 -2658.5 -424.75 0
-941.25 2658.5 -424.75 0

-941.25 -2658.5 -413.25 0
-941.25 -2658.5 -424.75 0

-941.25 2658.5 -413.25 0
-941.25 2658.5 -424.75 0

-941.25 -2658.5 -424.75 0
-952.75 -2658.5 -424.75 0

-941.25 -2658.5 -413.25 0
-952.75 -2658.5 -413.25 0

-941.25 -2658.5 -424.75 0
-941.25 -2658.5 -413.25 0

-952.75 -2658.5 -424.75 0
-952.75 -2658.5 -413.25 0

-941.25 2658.5 -413.25 0
-952.75 2658.5 -413.25 0

-941.25 2658.5 -424.75 0
-952.75 2658.5 -424.75 0

-941.25 2658.5 -413.25 0
-941.25 2658.5 -424.75 0

-952.75 2658.5 -413.25 0
-952.75 2658.5 -424.75 0

-941.25 -2658.5 -407.76 0
-941.25 0 -407.76 0

-941.25 0 -407.76 0
-941.25 1329.25 -407.76 0
-941.25 2658.5 -407.76 0

-941.25 2658.5 -407.76 0

-952.75 -2658.5 -407.76 0
-952.75 2658.5 -407.76 0

-941.25 -2658.5 -407.76 0
-952.75 -2658.5 -407.76 0

-941.25 2658.5 -407.76 0
-952.75 2658.5 -407.76 0

-952.75 -2658.5 -396.26 0
-952.75 2658.5 -396.26 0

-941.25 -2658.5 -396.26 0
-941.25 2658.5 -396.26 0

-952.75 -2658.5 -396.26 0
-941.25 -2658.5 -396.26 0

-952.75 2658.5 -396.26 0
-941.25 2658.5 -396.26 0

-952.75 -2658.5 -407.76 0
-952.75 2658.5 -407.76 0

-952.75 -2658.5 -396.26 0
-952.75 2658.5 -396.26 0

-952.75 -2658.5 -407.76 0
-952.75 -2658.5 -396.26 0

-952.75 2658.5 -407.76 0
-952.75 2658.5 -396.26 0

-941.25 -2658.5 -396.26 0
-941.25 2658.5 -396.26 0

-941.25 -2658.5 -407.76 0
-941.25 2658.5 -407.76 0

-941.25 -2658.5 -396.26 0
-941.25 -2658.5 -407.76 0

-941.25 2658.5 -396.26 0
-941.25 2658.5 -407.76 0

-941.25 -2658.5 -407.76 0
-952.75 -2658.5 -407.76 0

-941.25 -2658.5 -396.26 0
-952.75 -2658.5 -396.26 0

-941.25 -2658.5 -407.76 0
-941.25 -2658.5 -396.26 0

-952.75 -2658.5 -407.76 0
-952.75 -2658.5 -396.26 0

-941.25 2658.5 -396.26 0
-952.75 2658.5 -396.26 0

-941.25 2658.5 -407.76 0
-952.75 2658.5 -407.76 0

-941.25 2658.5 -396.26 0
-941.25 2658.5 -407.76 0

-952.75 2658.5 -396.26 0
-952.75 2658.5 -407.76 0

-941.25 -2658.5 -390.77 0
-941.25 0 -390.77 0

-941.25 0 -390.77 0
-941.25 1329.25 -390.77 0
-941.25 2658.5 -390.77 0

-941.25 2658.5 -390.77 0

-952.75 -2658.5 -390.77 0
-952.75 2658.5 -390.77 0

-941.25 -2658.5 -390.77 0
-952.75 -2658.5 -390.77 0

-941.25 2658.5 -390.77 0
-952.75 2658.5 -390.77 0

-952.75 -2658.5 -379.27 0
-952.75 2658.5 -379.27 0

-941.25 -2658.5 -379.27 0
-941.25 2658.5 -379.27 0

-952.75 -2658.5 -379.27 0
-941.25 -2658.5 -379.27 0

-952.75 2658.5 -379.27 0
-941.25 2658.5 -379.27 0

-952.75 -2658.5 -390.77 0
-952.75 2658.5 -390.77 0

-952.75 -2658.5 -379.27 0
-952.75 2658.5 -379.27 0

-952.75 -2658.5 -390.77 0
-952.75 -2658.5 -379.27 0

-952.75 2658.5 -390.77 0
-952.75 2658.5 -379.27 0

-941.25 -2658.5 -379.27 0
-941.25 2658.5 -379.27 0

-941.25 -2658.5 -390.77 0
-941.25 2658.5 -390.77 0

-941.25 -2658.5 -379.27 0
-941.25 -2658.5 -390.77 0

-941.25 2658.5 -379.27 0
-941.25 2658.5 -390.77 0

-941.25 -2658.5 -390.77 0
-952.75 -2658.5 -390.77 0

-941.25 -2658.5 -379.27 0
-952.75 -2658.5 -379.27 0

-941.25 -2658.5 -390.77 0
-941.25 -2658.5 -379.27 0

-952.75 -2658.5 -390.77 0
-952.75 -2658.5 -379.27 0

-941.25 2658.5 -379.27 0
-952.75 2658.5 -379.27 0

-941.25 2658.5 -390.77 0
-952.75 2658.5 -390.77 0

-941.25 2658.5 -379.27 0
-941.25 2658.5 -390.77 0

-952.75 2658.5 -379.27 0
-952.75 2658.5 -390.77 0

-941.25 -2658.5 -373.78 0
-941.25 0 -373.78 0

-941.25 0 -373.78 0
-941.25 1329.25 -373.78 0
-941.25 2658.5 -373.78 0

-941.25 2658.5 -373.78 0

-952.75 -2658.5 -373.78 0
-952.75 2658.5 -373.78 0

-941.25 -2658.5 -373.78 0
-952.75 -2658.5 -373.78 0

-941.25 2658.5 -373.78 0
-952.75 2658.5 -373.78 0

-952.75 -2658.5 -362.28 0
-952.75 2658.5 -362.28 0

-941.25 -2658.5 -362.28 0
-941.25 2658.5 -362.28 0

-952.75 -2658.5 -362.28 0
-941.25 -2658.5 -362.28 0

-952.75 2658.5 -362.28 0
-941.25 2658.5 -362.28 0

-952.75 -2658.5 -373.78 0
-952.75 2658.5 -373.78 0

-952.75 -2658.5 -362.28 0
-952.75 2658.5 -362.28 0

-952.75 -2658.5 -373.78 0
-952.75 -2658.5 -362.28 0

-952.75 2658.5 -373.78 0
-952.75 2658.5 -362.28 0

-941.25 -2658.5 -362.28 0
-941.25 2658.5 -362.28 0

-941.25 -2658.5 -373.78 0
-941.25 2658.5 -373.78 0

-941.25 -2658.5 -362.28 0
-941.25 -2658.5 -373.78 0

-941.25 2658.5 -362.28 0
-941.25 2658.5 -373.78 0

-941.25 -2658.5 -373.78 0
-952.75 -2658.5 -373.78 0

-941.25 -2658.5 -362.28 0
-952.75 -2658.5 -362.28 0

-941.25 -2658.5 -373.78 0
-941.25 -2658.5 -362.28 0

-952.75 -2658.5 -373.78 0
-952.75 -2658.5 -362.28 0

-941.25 2658.5 -362.28 0
-952.75 2658.5 -362.28 0

-941.25 2658.5 -373.78 0
-952.75 2658.5 -373.78 0

-941.25 2658.5 -362.28 0
-941.25 2658.5 -373.78 0

-952.75 2658.5 -362.28 0
-952.75 2658.5 -373.78 0

-941.25 -2658.5 -356.79 0
-941.25 0 -356.79 0

-941.25 0 -356.79 0
-941.25 1329.25 -356.79 0
-941.25 2658.5 -356.79 0

-941.25 2658.5 -356.79 0

-952.75 -2658.5 -356.79 0
-952.75 2658.5 -356.79 0

-941.25 -2658.5 -356.79 0
-952.75 -2658.5 -356.79 0

-941.25 2658.5 -356.79 0
-952.75 2658.5 -356.79 0

-952.75 -2658.5 -345.29 0
-952.75 2658.5 -345.29 0

-941.25 -2658.5 -345.29 0
-941.25 2658.5 -345.29 0

-952.75 -2658.5 -345.29 0
-941.25 -2658.5 -345.29 0

-952.75 2658.5 -345.29 0
-941.25 2658.5 -345.29 0

-952.75 -2658.5 -356.79 0
-952.75 2658.5 -356.79 0

-952.75 -2658.5 -345.29 0
-952.75 2658.5 -345.29 0

-952.75 -2658.5 -356.79 0
-952.75 -2658.5 -345.29 0

-952.75 2658.5 -356.79 0
-952.75 2658.5 -345.29 0

-941.25 -2658.5 -345.29 0
-941.25 2658.5 -345.29 0

-941.25 -2658.5 -356.79 0
-941.25 2658.5 -356.79 0

-941.25 -2658.5 -345.29 0
-941.25 -2658.5 -356.79 0

-941.25 2658.5 -345.29 0
-941.25 2658.5 -356.79 0

-941.25 -2658.5 -356.79 0
-952.75 -2658.5 -356.79 0

-941.25 -2658.5 -345.29 0
-952.75 -2658.5 -345.29 0

-941.25 -2658.5 -356.79 0
-941.25 -2658.5 -345.29 0

-952.75 -2658.5 -356.79 0
-952.75 -2658.5 -345.29 0

-941.25 2658.5 -345.29 0
-952.75 2658.5 -345.29 0

-941.25 2658.5 -356.79 0
-952.75 2658.5 -356.79 0

-941.25 2658.5 -345.29 0
-941.25 2658.5 -356.79 0

-952.75 2658.5 -345.29 0
-952.75 2658.5 -356.79 0

-941.25 -2658.5 -339.8 0
-941.25 0 -339.8 0

-941.25 0 -339.8 0
-941.25 1329.25 -339.8 0
-941.25 2658.5 -339.8 0

-941.25 2658.5 -339.8 0

-952.75 -2658.5 -339.8 0
-952.75 2658.5 -339.8 0

-941.25 -2658.5 -339.8 0
-952.75 -2658.5 -339.8 0

-941.25 2658.5 -339.8 0
-952.75 2658.5 -339.8 0

-952.75 -2658.5 -328.3 0
-952.75 2658.5 -328.3 0

-941.25 -2658.5 -328.3 0
-941.25 2658.5 -328.3 0

-952.75 -2658.5 -328.3 0
-941.25 -2658.5 -328.3 0

-952.75 2658.5 -328.3 0
-941.25 2658.5 -328.3 0

-952.75 -2658.5 -339.8 0
-952.75 2658.5 -339.8 0

-952.75 -2658.5 -328.3 0
-952.75 2658.5 -328.3 0

-952.75 -2658.5 -339.8 0
-952.75 -2658.5 -328.3 0

-952.75 2658.5 -339.8 0
-952.75 2658.5 -328.3 0

-941.25 -2658.5 -328.3 0
-941.25 2658.5 -328.3 0

-941.25 -2658.5 -339.8 0
-941.25 2658.5 -339.8 0

-941.25 -2658.5 -328.3 0
-941.25 -2658.5 -339.8 0

-941.25 2658.5 -328.3 0
-941.25 2658.5 -339.8 0

-941.25 -2658.5 -339.8 0
-952.75 -2658.5 -339.8 0

-941.25 -2658.5 -328.3 0
-952.75 -2658.5 -328.3 0

-941.25 -2658.5 -339.8 0
-941.25 -2658.5 -328.3 0

-952.75 -2658.5 -339.8 0
-952.75 -2658.5 -328.3 0

-941.25 2658.5 -328.3 0
-952.75 2658.5 -328.3 0

-941.25 2658.5 -339.8 0
-952.75 2658.5 -339.8 0

-941.25 2658.5 -328.3 0
-941.25 2658.5 -339.8 0

-952.75 2658.5 -328.3 0
-952.75 2658.5 -339.8 0

-941.25 -2658.5 -322.81 0
-941.25 0 -322.81 0

-941.25 0 -322.81 0
-941.25 1329.25 -322.81 0
-941.25 2658.5 -322.81 0

-941.25 2658.5 -322.81 0

-952.75 -2658.5 -322.81 0
-952.75 2658.5 -322.81 0

-941.25 -2658.5 -322.81 0
-952.75 -2658.5 -322.81 0

-941.25 2658.5 -322.81 0
-952.75 2658.5 -322.81 0

-952.75 -2658.5 -311.31 0
-952.75 2658.5 -311.31 0

-941.25 -2658.5 -311.31 0
-941.25 2658.5 -311.31 0

-952.75 -2658.5 -311.31 0
-941.25 -2658.5 -311.31 0

-952.75 2658.5 -311.31 0
-941.25 2658.5 -311.31 0

-952.75 -2658.5 -322.81 0
-952.75 2658.5 -322.81 0

-952.75 -2658.5 -311.31 0
-952.75 2658.5 -311.31 0

-952.75 -2658.5 -322.81 0
-952.75 -2658.5 -311.31 0

-952.75 2658.5 -322.81 0
-952.75 2658.5 -311.31 0

-941.25 -2658.5 -311.31 0
-941.25 2658.5 -311.31 0

-941.25 -2658.5 -322.81 0
-941.25 2658.5 -322.81 0

-941.25 -2658.5 -311.31 0
-941.25 -2658.5 -322.81 0

-941.25 2658.5 -311.31 0
-941.25 2658.5 -322.81 0

-941.25 -2658.5 -322.81 0
-952.75 -2658.5 -322.81 0

-941.25 -2658.5 -311.31 0
-952.75 -2658.5 -311.31 0

-941.25 -2658.5 -322.81 0
-941.25 -2658.5 -311.31 0

-952.75 -2658.5 -322.81 0
-952.75 -2658.5 -311.31 0

-941.25 2658.5 -311.31 0
-952.75 2658.5 -311.31 0

-941.25 2658.5 -322.81 0
-952.75 2658.5 -322.81 0

-941.25 2658.5 -311.31 0
-941.25 2658.5 -322.81 0

-952.75 2658.5 -311.31 0
-952.75 2658.5 -322.81 0

-941.25 -2658.5 -305.82 0
-941.25 0 -305.82 0

-941.25 0 -305.82 0
-941.25 1329.25 -305.82 0
-941.25 2658.5 -305.82 0

-941.25 2658.5 -305.82 0

-952.75 -2658.5 -305.82 0
-952.75 2658.5 -305.82 0

-941.25 -2658.5 -305.82 0
-952.75 -2658.5 -305.82 0

-941.25 2658.5 -305.82 0
-952.75 2658.5 -305.82 0

-952.75 -2658.5 -294.32 0
-952.75 2658.5 -294.32 0

-941.25 -2658.5 -294.32 0
-941.25 2658.5 -294.32 0

-952.75 -2658.5 -294.32 0
-941.25 -2658.5 -294.32 0

-952.75 2658.5 -294.32 0
-941.25 2658.5 -294.32 0

-952.75 -2658.5 -305.82 0
-952.75 2658.5 -305.82 0

-952.75 -2658.5 -294.32 0
-952.75 2658.5 -294.32 0

-952.75 -2658.5 -305.82 0
-952.75 -2658.5 -294.32 0

-952.75 2658.5 -305.82 0
-952.75 2658.5 -294.32 0

-941.25 -2658.5 -294.32 0
-941.25 2658.5 -294.32 0

-941.25 -2658.5 -305.82 0
-941.25 2658.5 -305.82 0

-941.25 -2658.5 -294.32 0
-941.25 -2658.5 -305.82 0

-941.25 2658.5 -294.32 0
-941.25 2658.5 -305.82 0

-941.25 -2658.5 -305.82 0
-952.75 -2658.5 -305.82 0

-941.25 -2658.5 -294.32 0
-952.75 -2658.5 -294.32 0

-941.25 -2658.5 -305.82 0
-941.25 -2658.5 -294.32 0

-952.75 -2658.5 -305.82 0
-952.75 -2658.5 -294.32 0

-941.25 2658.5 -294.32 0
-952.75 2658.5 -294.32 0

-941.25 2658.5 -305.82 0
-952.75 2658.5 -305.82 0

-941.25 2658.5 -294.32 0
-941.25 2658.5 -305.82 0

-952.75 2658.5 -294.32 0
-952.75 2658.5 -305.82 0

-941.25 -2658.5 -288.83 0
-941.25 0 -288.83 0

-941.25 0 -288.83 0
-941.25 1329.25 -288.83 0
-941.25 2658.5 -288.83 0

-941.25 2658.5 -288.83 0

-952.75 -2658.5 -288.83 0
-952.75 2658.5 -288.83 0

-941.25 -2658.5 -288.83 0
-952.75 -2658.5 -288.83 0

-941.25 2658.5 -288.83 0
-952.75 2658.5 -288.83 0

-952.75 -2658.5 -277.33 0
-952.75 2658.5 -277.33 0

-941.25 -2658.5 -277.33 0
-941.25 2658.5 -277.33 0

-952.75 -2658.5 -277.33 0
-941.25 -2658.5 -277.33 0

-952.75 2658.5 -277.33 0
-941.25 2658.5 -277.33 0

-952.75 -2658.5 -288.83 0
-952.75 2658.5 -288.83 0

-952.75 -2658.5 -277.33 0
-952.75 2658.5 -277.33 0

-952.75 -2658.5 -288.83 0
-952.75 -2658.5 -277.33 0

-952.75 2658.5 -288.83 0
-952.75 2658.5 -277.33 0

-941.25 -2658.5 -277.33 0
-941.25 2658.5 -277.33 0

-941.25 -2658.5 -288.83 0
-941.25 2658.5 -288.83 0

-941.25 -2658.5 -277.33 0
-941.25 -2658.5 -288.83 0

-941.25 2658.5 -277.33 0
-941.25 2658.5 -288.83 0

-941.25 -2658.5 -288.83 0
-952.75 -2658.5 -288.83 0

-941.25 -2658.5 -277.33 0
-952.75 -2658.5 -277.33 0

-941.25 -2658.5 -288.83 0
-941.25 -2658.5 -277.33 0

-952.75 -2658.5 -288.83 0
-952.75 -2658.5 -277.33 0

-941.25 2658.5 -277.33 0
-952.75 2658.5 -277.33 0

-941.25 2658.5 -288.83 0
-952.75 2658.5 -288.83 0

-941.25 2658.5 -277.33 0
-941.25 2658.5 -288.83 0

-952.75 2658.5 -277.33 0
-952.75 2658.5 -288.83 0

-941.25 -2658.5 -271.84 0
-941.25 0 -271.84 0

-941.25 0 -271.84 0
-941.25 1329.25 -271.84 0
-941.25 2658.5 -271.84 0

-941.25 2658.5 -271.84 0

-952.75 -2658.5 -271.84 0
-952.75 2658.5 -271.84 0

-941.25 -2658.5 -271.84 0
-952.75 -2658.5 -271.84 0

-941.25 2658.5 -271.84 0
-952.75 2658.5 -271.84 0

-952.75 -2658.5 -260.34 0
-952.75 2658.5 -260.34 0

-941.25 -2658.5 -260.34 0
-941.25 2658.5 -260.34 0

-952.75 -2658.5 -260.34 0
-941.25 -2658.5 -260.34 0

-952.75 2658.5 -260.34 0
-941.25 2658.5 -260.34 0

-952.75 -2658.5 -271.84 0
-952.75 2658.5 -271.84 0

-952.75 -2658.5 -260.34 0
-952.75 2658.5 -260.34 0

-952.75 -2658.5 -271.84 0
-952.75 -2658.5 -260.34 0

-952.75 2658.5 -271.84 0
-952.75 2658.5 -260.34 0

-941.25 -2658.5 -260.34 0
-941.25 2658.5 -260.34 0

-941.25 -2658.5 -271.84 0
-941.25 2658.5 -271.84 0

-941.25 -2658.5 -260.34 0
-941.25 -2658.5 -271.84 0

-941.25 2658.5 -260.34 0
-941.25 2658.5 -271.84 0

-941.25 -2658.5 -271.84 0
-952.75 -2658.5 -271.84 0

-941.25 -2658.5 -260.34 0
-952.75 -2658.5 -260.34 0

-941.25 -2658.5 -271.84 0
-941.25 -2658.5 -260.34 0

-952.75 -2658.5 -271.84 0
-952.75 -2658.5 -260.34 0

-941.25 2658.5 -260.34 0
-952.75 2658.5 -260.34 0

-941.25 2658.5 -271.84 0
-952.75 2658.5 -271.84 0

-941.25 2658.5 -260.34 0
-941.25 2658.5 -271.84 0

-952.75 2658.5 -260.34 0
-952.75 2658.5 -271.84 0

-941.25 -2658.5 -254.85 0
-941.25 0 -254.85 0

-941.25 0 -254.85 0
-941.25 1329.25 -254.85 0
-941.25 2658.5 -254.85 0

-941.25 2658.5 -254.85 0

-952.75 -2658.5 -254.85 0
-952.75 2658.5 -254.85 0

-941.25 -2658.5 -254.85 0
-952.75 -2658.5 -254.85 0

-941.25 2658.5 -254.85 0
-952.75 2658.5 -254.85 0

-952.75 -2658.5 -243.35 0
-952.75 2658.5 -243.35 0

-941.25 -2658.5 -243.35 0
-941.25 2658.5 -243.35 0

-952.75 -2658.5 -243.35 0
-941.25 -2658.5 -243.35 0

-952.75 2658.5 -243.35 0
-941.25 2658.5 -243.35 0

-952.75 -2658.5 -254.85 0
-952.75 2658.5 -254.85 0

-952.75 -2658.5 -243.35 0
-952.75 2658.5 -243.35 0

-952.75 -2658.5 -254.85 0
-952.75 -2658.5 -243.35 0

-952.75 2658.5 -254.85 0
-952.75 2658.5 -243.35 0

-941.25 -2658.5 -243.35 0
-941.25 2658.5 -243.35 0

-941.25 -2658.5 -254.85 0
-941.25 2658.5 -254.85 0

-941.25 -2658.5 -243.35 0
-941.25 -2658.5 -254.85 0

-941.25 2658.5 -243.35 0
-941.25 2658.5 -254.85 0

-941.25 -2658.5 -254.85 0
-952.75 -2658.5 -254.85 0

-941.25 -2658.5 -243.35 0
-952.75 -2658.5 -243.35 0

-941.25 -2658.5 -254.85 0
-941.25 -2658.5 -243.35 0

-952.75 -2658.5 -254.85 0
-952.75 -2658.5 -243.35 0

-941.25 2658.5 -243.35 0
-952.75 2658.5 -243.35 0

-941.25 2658.5 -254.85 0
-952.75 2658.5 -254.85 0

-941.25 2658.5 -243.35 0
-941.25 2658.5 -254.85 0

-952.75 2658.5 -243.35 0
-952.75 2658.5 -254.85 0

-941.25 -2658.5 -237.86 0
-941.25 0 -237.86 0

-941.25 0 -237.86 0
-941.25 1329.25 -237.86 0
-941.25 2658.5 -237.86 0

-941.25 2658.5 -237.86 0

-952.75 -2658.5 -237.86 0
-952.75 2658.5 -237.86 0

-941.25 -2658.5 -237.86 0
-952.75 -2658.5 -237.86 0

-941.25 2658.5 -237.86 0
-952.75 2658.5 -237.86 0

-952.75 -2658.5 -226.36 0
-952.75 2658.5 -226.36 0

-941.25 -2658.5 -226.36 0
-941.25 2658.5 -226.36 0

-952.75 -2658.5 -226.36 0
-941.25 -2658.5 -226.36 0

-952.75 2658.5 -226.36 0
-941.25 2658.5 -226.36 0

-952.75 -2658.5 -237.86 0
-952.75 2658.5 -237.86 0

-952.75 -2658.5 -226.36 0
-952.75 2658.5 -226.36 0

-952.75 -2658.5 -237.86 0
-952.75 -2658.5 -226.36 0

-952.75 2658.5 -237.86 0
-952.75 2658.5 -226.36 0

-941.25 -2658.5 -226.36 0
-941.25 2658.5 -226.36 0

-941.25 -2658.5 -237.86 0
-941.25 2658.5 -237.86 0

-941.25 -2658.5 -226.36 0
-941.25 -2658.5 -237.86 0

-941.25 2658.5 -226.36 0
-941.25 2658.5 -237.86 0

-941.25 -2658.5 -237.86 0
-952.75 -2658.5 -237.86 0

-941.25 -2658.5 -226.36 0
-952.75 -2658.5 -226.36 0

-941.25 -2658.5 -237.86 0
-941.25 -2658.5 -226.36 0

-952.75 -2658.5 -237.86 0
-952.75 -2658.5 -226.36 0

-941.25 2658.5 -226.36 0
-952.75 2658.5 -226.36 0

-941.25 2658.5 -237.86 0
-952.75 2658.5 -237.86 0

-941.25 2658.5 -226.36 0
-941.25 2658.5 -237.86 0

-952.75 2658.5 -226.36 0
-952.75 2658.5 -237.86 0

-941.25 -2658.5 -220.87 0
-941.25 0 -220.87 0

-941.25 0 -220.87 0
-941.25 1329.25 -220.87 0
-941.25 2658.5 -220.87 0

-941.25 2658.5 -220.87 0

-952.75 -2658.5 -220.87 0
-952.75 2658.5 -220.87 0

-941.25 -2658.5 -220.87 0
-952.75 -2658.5 -220.87 0

-941.25 2658.5 -220.87 0
-952.75 2658.5 -220.87 0

-952.75 -2658.5 -209.37 0
-952.75 2658.5 -209.37 0

-941.25 -2658.5 -209.37 0
-941.25 2658.5 -209.37 0

-952.75 -2658.5 -209.37 0
-941.25 -2658.5 -209.37 0

-952.75 2658.5 -209.37 0
-941.25 2658.5 -209.37 0

-952.75 -2658.5 -220.87 0
-952.75 2658.5 -220.87 0

-952.75 -2658.5 -209.37 0
-952.75 2658.5 -209.37 0

-952.75 -2658.5 -220.87 0
-952.75 -2658.5 -209.37 0

-952.75 2658.5 -220.87 0
-952.75 2658.5 -209.37 0

-941.25 -2658.5 -209.37 0
-941.25 2658.5 -209.37 0

-941.25 -2658.5 -220.87 0
-941.25 2658.5 -220.87 0

-941.25 -2658.5 -209.37 0
-941.25 -2658.5 -220.87 0

-941.25 2658.5 -209.37 0
-941.25 2658.5 -220.87 0

-941.25 -2658.5 -220.87 0
-952.75 -2658.5 -220.87 0

-941.25 -2658.5 -209.37 0
-952.75 -2658.5 -209.37 0

-941.25 -2658.5 -220.87 0
-941.25 -2658.5 -209.37 0

-952.75 -2658.5 -220.87 0
-952.75 -2658.5 -209.37 0

-941.25 2658.5 -209.37 0
-952.75 2658.5 -209.37 0

-941.25 2658.5 -220.87 0
-952.75 2658.5 -220.87 0

-941.25 2658.5 -209.37 0
-941.25 2658.5 -220.87 0

-952.75 2658.5 -209.37 0
-952.75 2658.5 -220.87 0

-941.25 -2658.5 -203.88 0
-941.25 0 -203.88 0

-941.25 0 -203.88 0
-941.25 1329.25 -203.88 0
-941.25 2658.5 -203.88 0

-941.25 2658.5 -203.88 0

-952.75 -2658.5 -203.88 0
-952.75 2658.5 -203.88 0

-941.25 -2658.5 -203.88 0
-952.75 -2658.5 -203.88 0

-941.25 2658.5 -203.88 0
-952.75 2658.5 -203.88 0

-952.75 -2658.5 -192.38 0
-952.75 2658.5 -192.38 0

-941.25 -2658.5 -192.38 0
-941.25 2658.5 -192.38 0

-952.75 -2658.5 -192.38 0
-941.25 -2658.5 -192.38 0

-952.75 2658.5 -192.38 0
-941.25 2658.5 -192.38 0

-952.75 -2658.5 -203.88 0
-952.75 2658.5 -203.88 0

-952.75 -2658.5 -192.38 0
-952.75 2658.5 -192.38 0

-952.75 -2658.5 -203.88 0
-952.75 -2658.5 -192.38 0

-952.75 2658.5 -203.88 0
-952.75 2658.5 -192.38 0

-941.25 -2658.5 -192.38 0
-941.25 2658.5 -192.38 0

-941.25 -2658.5 -203.88 0
-941.25 2658.5 -203.88 0

-941.25 -2658.5 -192.38 0
-941.25 -2658.5 -203.88 0

-941.25 2658.5 -192.38 0
-941.25 2658.5 -203.88 0

-941.25 -2658.5 -203.88 0
-952.75 -2658.5 -203.88 0

-941.25 -2658.5 -192.38 0
-952.75 -2658.5 -192.38 0

-941.25 -2658.5 -203.88 0
-941.25 -2658.5 -192.38 0

-952.75 -2658.5 -203.88 0
-952.75 -2658.5 -192.38 0

-941.25 2658.5 -192.38 0
-952.75 2658.5 -192.38 0

-941.25 2658.5 -203.88 0
-952.75 2658.5 -203.88 0

-941.25 2658.5 -192.38 0
-941.25 2658.5 -203.88 0

-952.75 2658.5 -192.38 0
-952.75 2658.5 -203.88 0

-941.25 -2658.5 -186.89 0
-941.25 0 -186.89 0

-941.25 0 -186.89 0
-941.25 1329.25 -186.89 0
-941.25 2658.5 -186.89 0

-941.25 2658.5 -186.89 0

-952.75 -2658.5 -186.89 0
-952.75 2658.5 -186.89 0

-941.25 -2658.5 -186.89 0
-952.75 -2658.5 -186.89 0

-941.25 2658.5 -186.89 0
-952.75 2658.5 -186.89 0

-952.75 -2658.5 -175.39 0
-952.75 2658.5 -175.39 0

-941.25 -2658.5 -175.39 0
-941.25 2658.5 -175.39 0

-952.75 -2658.5 -175.39 0
-941.25 -2658.5 -175.39 0

-952.75 2658.5 -175.39 0
-941.25 2658.5 -175.39 0

-952.75 -2658.5 -186.89 0
-952.75 2658.5 -186.89 0

-952.75 -2658.5 -175.39 0
-952.75 2658.5 -175.39 0

-952.75 -2658.5 -186.89 0
-952.75 -2658.5 -175.39 0

-952.75 2658.5 -186.89 0
-952.75 2658.5 -175.39 0

-941.25 -2658.5 -175.39 0
-941.25 2658.5 -175.39 0

-941.25 -2658.5 -186.89 0
-941.25 2658.5 -186.89 0

-941.25 -2658.5 -175.39 0
-941.25 -2658.5 -186.89 0

-941.25 2658.5 -175.39 0
-941.25 2658.5 -186.89 0

-941.25 -2658.5 -186.89 0
-952.75 -2658.5 -186.89 0

-941.25 -2658.5 -175.39 0
-952.75 -2658.5 -175.39 0

-941.25 -2658.5 -186.89 0
-941.25 -2658.5 -175.39 0

-952.75 -2658.5 -186.89 0
-952.75 -2658.5 -175.39 0

-941.25 2658.5 -175.39 0
-952.75 2658.5 -175.39 0

-941.25 2658.5 -186.89 0
-952.75 2658.5 -186.89 0

-941.25 2658.5 -175.39 0
-941.25 2658.5 -186.89 0

-952.75 2658.5 -175.39 0
-952.75 2658.5 -186.89 0

-941.25 -2658.5 -169.9 0
-941.25 0 -169.9 0

-941.25 0 -169.9 0
-941.25 1329.25 -169.9 0
-941.25 2658.5 -169.9 0

-941.25 2658.5 -169.9 0

-952.75 -2658.5 -169.9 0
-952.75 2658.5 -169.9 0

-941.25 -2658.5 -169.9 0
-952.75 -2658.5 -169.9 0

-941.25 2658.5 -169.9 0
-952.75 2658.5 -169.9 0

-952.75 -2658.5 -158.4 0
-952.75 2658.5 -158.4 0

-941.25 -2658.5 -158.4 0
-941.25 2658.5 -158.4 0

-952.75 -2658.5 -158.4 0
-941.25 -2658.5 -158.4 0

-952.75 2658.5 -158.4 0
-941.25 2658.5 -158.4 0

-952.75 -2658.5 -169.9 0
-952.75 2658.5 -169.9 0

-952.75 -2658.5 -158.4 0
-952.75 2658.5 -158.4 0

-952.75 -2658.5 -169.9 0
-952.75 -2658.5 -158.4 0

-952.75 2658.5 -169.9 0
-952.75 2658.5 -158.4 0

-941.25 -2658.5 -158.4 0
-941.25 2658.5 -158.4 0

-941.25 -2658.5 -169.9 0
-941.25 2658.5 -169.9 0

-941.25 -2658.5 -158.4 0
-941.25 -2658.5 -169.9 0

-941.25 2658.5 -158.4 0
-941.25 2658.5 -169.9 0

-941.25 -2658.5 -169.9 0
-952.75 -2658.5 -169.9 0

-941.25 -2658.5 -158.4 0
-952.75 -2658.5 -158.4 0

-941.25 -2658.5 -169.9 0
-941.25 -2658.5 -158.4 0

-952.75 -2658.5 -169.9 0
-952.75 -2658.5 -158.4 0

-941.25 2658.5 -158.4 0
-952.75 2658.5 -158.4 0

-941.25 2658.5 -169.9 0
-952.75 2658.5 -169.9 0

-941.25 2658.5 -158.4 0
-941.25 2658.5 -169.9 0

-952.75 2658.5 -158.4 0
-952.75 2658.5 -169.9 0

-941.25 -2658.5 -152.91 0
-941.25 0 -152.91 0

-941.25 0 -152.91 0
-941.25 1329.25 -152.91 0
-941.25 2658.5 -152.91 0

-941.25 2658.5 -152.91 0

-952.75 -2658.5 -152.91 0
-952.75 2658.5 -152.91 0

-941.25 -2658.5 -152.91 0
-952.75 -2658.5 -152.91 0

-941.25 2658.5 -152.91 0
-952.75 2658.5 -152.91 0

-952.75 -2658.5 -141.41 0
-952.75 2658.5 -141.41 0

-941.25 -2658.5 -141.41 0
-941.25 2658.5 -141.41 0

-952.75 -2658.5 -141.41 0
-941.25 -2658.5 -141.41 0

-952.75 2658.5 -141.41 0
-941.25 2658.5 -141.41 0

-952.75 -2658.5 -152.91 0
-952.75 2658.5 -152.91 0

-952.75 -2658.5 -141.41 0
-952.75 2658.5 -141.41 0

-952.75 -2658.5 -152.91 0
-952.75 -2658.5 -141.41 0

-952.75 2658.5 -152.91 0
-952.75 2658.5 -141.41 0

-941.25 -2658.5 -141.41 0
-941.25 2658.5 -141.41 0

-941.25 -2658.5 -152.91 0
-941.25 2658.5 -152.91 0

-941.25 -2658.5 -141.41 0
-941.25 -2658.5 -152.91 0

-941.25 2658.5 -141.41 0
-941.25 2658.5 -152.91 0

-941.25 -2658.5 -152.91 0
-952.75 -2658.5 -152.91 0

-941.25 -2658.5 -141.41 0
-952.75 -2658.5 -141.41 0

-941.25 -2658.5 -152.91 0
-941.25 -2658.5 -141.41 0

-952.75 -2658.5 -152.91 0
-952.75 -2658.5 -141.41 0

-941.25 2658.5 -141.41 0
-952.75 2658.5 -141.41 0

-941.25 2658.5 -152.91 0
-952.75 2658.5 -152.91 0

-941.25 2658.5 -141.41 0
-941.25 2658.5 -152.91 0

-952.75 2658.5 -141.41 0
-952.75 2658.5 -152.91 0

-941.25 -2658.5 -135.92 0
-941.25 0 -135.92 0

-941.25 0 -135.92 0
-941.25 1329.25 -135.92 0
-941.25 2658.5 -135.92 0

-941.25 2658.5 -135.92 0

-952.75 -2658.5 -135.92 0
-952.75 2658.5 -135.92 0

-941.25 -2658.5 -135.92 0
-952.75 -2658.5 -135.92 0

-941.25 2658.5 -135.92 0
-952.75 2658.5 -135.92 0

-952.75 -2658.5 -124.42 0
-952.75 2658.5 -124.42 0

-941.25 -2658.5 -124.42 0
-941.25 2658.5 -124.42 0

-952.75 -2658.5 -124.42 0
-941.25 -2658.5 -124.42 0

-952.75 2658.5 -124.42 0
-941.25 2658.5 -124.42 0

-952.75 -2658.5 -135.92 0
-952.75 2658.5 -135.92 0

-952.75 -2658.5 -124.42 0
-952.75 2658.5 -124.42 0

-952.75 -2658.5 -135.92 0
-952.75 -2658.5 -124.42 0

-952.75 2658.5 -135.92 0
-952.75 2658.5 -124.42 0

-941.25 -2658.5 -124.42 0
-941.25 2658.5 -124.42 0

-941.25 -2658.5 -135.92 0
-941.25 2658.5 -135.92 0

-941.25 -2658.5 -124.42 0
-941.25 -2658.5 -135.92 0

-941.25 2658.5 -124.42 0
-941.25 2658.5 -135.92 0

-941.25 -2658.5 -135.92 0
-952.75 -2658.5 -135.92 0

-941.25 -2658.5 -124.42 0
-952.75 -2658.5 -124.42 0

-941.25 -2658.5 -135.92 0
-941.25 -2658.5 -124.42 0

-952.75 -2658.5 -135.92 0
-952.75 -2658.5 -124.42 0

-941.25 2658.5 -124.42 0
-952.75 2658.5 -124.42 0

-941.25 2658.5 -135.92 0
-952.75 2658.5 -135.92 0

-941.25 2658.5 -124.42 0
-941.25 2658.5 -135.92 0

-952.75 2658.5 -124.42 0
-952.75 2658.5 -135.92 0

-941.25 -2658.5 -118.93 0
-941.25 0 -118.93 0

-941.25 0 -118.93 0
-941.25 1329.25 -118.93 0
-941.25 2658.5 -118.93 0

-941.25 2658.5 -118.93 0

-952.75 -2658.5 -118.93 0
-952.75 2658.5 -118.93 0

-941.25 -2658.5 -118.93 0
-952.75 -2658.5 -118.93 0

-941.25 2658.5 -118.93 0
-952.75 2658.5 -118.93 0

-952.75 -2658.5 -107.43 0
-952.75 2658.5 -107.43 0

-941.25 -2658.5 -107.43 0
-941.25 2658.5 -107.43 0

-952.75 -2658.5 -107.43 0
-941.25 -2658.5 -107.43 0

-952.75 2658.5 -107.43 0
-941.25 2658.5 -107.43 0

-952.75 -2658.5 -118.93 0
-952.75 2658.5 -118.93 0

-952.75 -2658.5 -107.43 0
-952.75 2658.5 -107.43 0

-952.75 -2658.5 -118.93 0
-952.75 -2658.5 -107.43 0

-952.75 2658.5 -118.93 0
-952.75 2658.5 -107.43 0

-941.25 -2658.5 -107.43 0
-941.25 2658.5 -107.43 0

-941.25 -2658.5 -118.93 0
-941.25 2658.5 -118.93 0

-941.25 -2658.5 -107.43 0
-941.25 -2658.5 -118.93 0

-941.25 2658.5 -107.43 0
-941.25 2658.5 -118.93 0

-941.25 -2658.5 -118.93 0
-952.75 -2658.5 -118.93 0

-941.25 -2658.5 -107.43 0
-952.75 -2658.5 -107.43 0

-941.25 -2658.5 -118.93 0
-941.25 -2658.5 -107.43 0

-952.75 -2658.5 -118.93 0
-952.75 -2658.5 -107.43 0

-941.25 2658.5 -107.43 0
-952.75 2658.5 -107.43 0

-941.25 2658.5 -118.93 0
-952.75 2658.5 -118.93 0

-941.25 2658.5 -107.43 0
-941.25 2658.5 -118.93 0

-952.75 2658.5 -107.43 0
-952.75 2658.5 -118.93 0

-941.25 -2658.5 -101.94 0
-941.25 0 -101.94 0

-941.25 0 -101.94 0
-941.25 1329.25 -101.94 0
-941.25 2658.5 -101.94 0

-941.25 2658.5 -101.94 0

-952.75 -2658.5 -101.94 0
-952.75 2658.5 -101.94 0

-941.25 -2658.5 -101.94 0
-952.75 -2658.5 -101.94 0

-941.25 2658.5 -101.94 0
-952.75 2658.5 -101.94 0

-952.75 -2658.5 -90.4400000000002 0
-952.75 2658.5 -90.4400000000002 0

-941.25 -2658.5 -90.4400000000002 0
-941.25 2658.5 -90.4400000000002 0

-952.75 -2658.5 -90.4400000000002 0
-941.25 -2658.5 -90.4400000000002 0

-952.75 2658.5 -90.4400000000002 0
-941.25 2658.5 -90.4400000000002 0

-952.75 -2658.5 -101.94 0
-952.75 2658.5 -101.94 0

-952.75 -2658.5 -90.4400000000002 0
-952.75 2658.5 -90.4400000000002 0

-952.75 -2658.5 -101.94 0
-952.75 -2658.5 -90.4400000000002 0

-952.75 2658.5 -101.94 0
-952.75 2658.5 -90.4400000000002 0

-941.25 -2658.5 -90.4400000000002 0
-941.25 2658.5 -90.4400000000002 0

-941.25 -2658.5 -101.94 0
-941.25 2658.5 -101.94 0

-941.25 -2658.5 -90.4400000000002 0
-941.25 -2658.5 -101.94 0

-941.25 2658.5 -90.4400000000002 0
-941.25 2658.5 -101.94 0

-941.25 -2658.5 -101.94 0
-952.75 -2658.5 -101.94 0

-941.25 -2658.5 -90.4400000000002 0
-952.75 -2658.5 -90.4400000000002 0

-941.25 -2658.5 -101.94 0
-941.25 -2658.5 -90.4400000000002 0

-952.75 -2658.5 -101.94 0
-952.75 -2658.5 -90.4400000000002 0

-941.25 2658.5 -90.4400000000002 0
-952.75 2658.5 -90.4400000000002 0

-941.25 2658.5 -101.94 0
-952.75 2658.5 -101.94 0

-941.25 2658.5 -90.4400000000002 0
-941.25 2658.5 -101.94 0

-952.75 2658.5 -90.4400000000002 0
-952.75 2658.5 -101.94 0

-941.25 -2658.5 -84.9500000000002 0
-941.25 0 -84.9500000000002 0

-941.25 0 -84.9500000000002 0
-941.25 1329.25 -84.9500000000002 0
-941.25 2658.5 -84.9500000000002 0

-941.25 2658.5 -84.9500000000002 0

-952.75 -2658.5 -84.9500000000002 0
-952.75 2658.5 -84.9500000000002 0

-941.25 -2658.5 -84.9500000000002 0
-952.75 -2658.5 -84.9500000000002 0

-941.25 2658.5 -84.9500000000002 0
-952.75 2658.5 -84.9500000000002 0

-952.75 -2658.5 -73.4500000000002 0
-952.75 2658.5 -73.4500000000002 0

-941.25 -2658.5 -73.4500000000002 0
-941.25 2658.5 -73.4500000000002 0

-952.75 -2658.5 -73.4500000000002 0
-941.25 -2658.5 -73.4500000000002 0

-952.75 2658.5 -73.4500000000002 0
-941.25 2658.5 -73.4500000000002 0

-952.75 -2658.5 -84.9500000000002 0
-952.75 2658.5 -84.9500000000002 0

-952.75 -2658.5 -73.4500000000002 0
-952.75 2658.5 -73.4500000000002 0

-952.75 -2658.5 -84.9500000000002 0
-952.75 -2658.5 -73.4500000000002 0

-952.75 2658.5 -84.9500000000002 0
-952.75 2658.5 -73.4500000000002 0

-941.25 -2658.5 -73.4500000000002 0
-941.25 2658.5 -73.4500000000002 0

-941.25 -2658.5 -84.9500000000002 0
-941.25 2658.5 -84.9500000000002 0

-941.25 -2658.5 -73.4500000000002 0
-941.25 -2658.5 -84.9500000000002 0

-941.25 2658.5 -73.4500000000002 0
-941.25 2658.5 -84.9500000000002 0

-941.25 -2658.5 -84.9500000000002 0
-952.75 -2658.5 -84.9500000000002 0

-941.25 -2658.5 -73.4500000000002 0
-952.75 -2658.5 -73.4500000000002 0

-941.25 -2658.5 -84.9500000000002 0
-941.25 -2658.5 -73.4500000000002 0

-952.75 -2658.5 -84.9500000000002 0
-952.75 -2658.5 -73.4500000000002 0

-941.25 2658.5 -73.4500000000002 0
-952.75 2658.5 -73.4500000000002 0

-941.25 2658.5 -84.9500000000002 0
-952.75 2658.5 -84.9500000000002 0

-941.25 2658.5 -73.4500000000002 0
-941.25 2658.5 -84.9500000000002 0

-952.75 2658.5 -73.4500000000002 0
-952.75 2658.5 -84.9500000000002 0

-941.25 -2658.5 -67.9600000000002 0
-941.25 0 -67.9600000000002 0

-941.25 0 -67.9600000000002 0
-941.25 1329.25 -67.9600000000002 0
-941.25 2658.5 -67.9600000000002 0

-941.25 2658.5 -67.9600000000002 0

-952.75 -2658.5 -67.9600000000002 0
-952.75 2658.5 -67.9600000000002 0

-941.25 -2658.5 -67.9600000000002 0
-952.75 -2658.5 -67.9600000000002 0

-941.25 2658.5 -67.9600000000002 0
-952.75 2658.5 -67.9600000000002 0

-952.75 -2658.5 -56.4600000000002 0
-952.75 2658.5 -56.4600000000002 0

-941.25 -2658.5 -56.4600000000002 0
-941.25 2658.5 -56.4600000000002 0

-952.75 -2658.5 -56.4600000000002 0
-941.25 -2658.5 -56.4600000000002 0

-952.75 2658.5 -56.4600000000002 0
-941.25 2658.5 -56.4600000000002 0

-952.75 -2658.5 -67.9600000000002 0
-952.75 2658.5 -67.9600000000002 0

-952.75 -2658.5 -56.4600000000002 0
-952.75 2658.5 -56.4600000000002 0

-952.75 -2658.5 -67.9600000000002 0
-952.75 -2658.5 -56.4600000000002 0

-952.75 2658.5 -67.9600000000002 0
-952.75 2658.5 -56.4600000000002 0

-941.25 -2658.5 -56.4600000000002 0
-941.25 2658.5 -56.4600000000002 0

-941.25 -2658.5 -67.9600000000002 0
-941.25 2658.5 -67.9600000000002 0

-941.25 -2658.5 -56.4600000000002 0
-941.25 -2658.5 -67.9600000000002 0

-941.25 2658.5 -56.4600000000002 0
-941.25 2658.5 -67.9600000000002 0

-941.25 -2658.5 -67.9600000000002 0
-952.75 -2658.5 -67.9600000000002 0

-941.25 -2658.5 -56.4600000000002 0
-952.75 -2658.5 -56.4600000000002 0

-941.25 -2658.5 -67.9600000000002 0
-941.25 -2658.5 -56.4600000000002 0

-952.75 -2658.5 -67.9600000000002 0
-952.75 -2658.5 -56.4600000000002 0

-941.25 2658.5 -56.4600000000002 0
-952.75 2658.5 -56.4600000000002 0

-941.25 2658.5 -67.9600000000002 0
-952.75 2658.5 -67.9600000000002 0

-941.25 2658.5 -56.4600000000002 0
-941.25 2658.5 -67.9600000000002 0

-952.75 2658.5 -56.4600000000002 0
-952.75 2658.5 -67.9600000000002 0

-941.25 -2658.5 -50.9700000000001 0
-941.25 0 -50.9700000000001 0

-941.25 0 -50.9700000000001 0
-941.25 1329.25 -50.9700000000001 0
-941.25 2658.5 -50.9700000000001 0

-941.25 2658.5 -50.9700000000001 0

-952.75 -2658.5 -50.9700000000001 0
-952.75 2658.5 -50.9700000000001 0

-941.25 -2658.5 -50.9700000000001 0
-952.75 -2658.5 -50.9700000000001 0

-941.25 2658.5 -50.9700000000001 0
-952.75 2658.5 -50.9700000000001 0

-952.75 -2658.5 -39.4700000000001 0
-952.75 2658.5 -39.4700000000001 0

-941.25 -2658.5 -39.4700000000001 0
-941.25 2658.5 -39.4700000000001 0

-952.75 -2658.5 -39.4700000000001 0
-941.25 -2658.5 -39.4700000000001 0

-952.75 2658.5 -39.4700000000001 0
-941.25 2658.5 -39.4700000000001 0

-952.75 -2658.5 -50.9700000000001 0
-952.75 2658.5 -50.9700000000001 0

-952.75 -2658.5 -39.4700000000001 0
-952.75 2658.5 -39.4700000000001 0

-952.75 -2658.5 -50.9700000000001 0
-952.75 -2658.5 -39.4700000000001 0

-952.75 2658.5 -50.9700000000001 0
-952.75 2658.5 -39.4700000000001 0

-941.25 -2658.5 -39.4700000000001 0
-941.25 2658.5 -39.4700000000001 0

-941.25 -2658.5 -50.9700000000001 0
-941.25 2658.5 -50.9700000000001 0

-941.25 -2658.5 -39.4700000000001 0
-941.25 -2658.5 -50.9700000000001 0

-941.25 2658.5 -39.4700000000001 0
-941.25 2658.5 -50.9700000000001 0

-941.25 -2658.5 -50.9700000000001 0
-952.75 -2658.5 -50.9700000000001 0

-941.25 -2658.5 -39.4700000000001 0
-952.75 -2658.5 -39.4700000000001 0

-941.25 -2658.5 -50.9700000000001 0
-941.25 -2658.5 -39.4700000000001 0

-952.75 -2658.5 -50.9700000000001 0
-952.75 -2658.5 -39.4700000000001 0

-941.25 2658.5 -39.4700000000001 0
-952.75 2658.5 -39.4700000000001 0

-941.25 2658.5 -50.9700000000001 0
-952.75 2658.5 -50.9700000000001 0

-941.25 2658.5 -39.4700000000001 0
-941.25 2658.5 -50.9700000000001 0

-952.75 2658.5 -39.4700000000001 0
-952.75 2658.5 -50.9700000000001 0

-941.25 -2658.5 -33.9800000000001 0
-941.25 0 -33.9800000000001 0

-941.25 0 -33.9800000000001 0
-941.25 1329.25 -33.9800000000001 0
-941.25 2658.5 -33.9800000000001 0

-941.25 2658.5 -33.9800000000001 0

-952.75 -2658.5 -33.9800000000001 0
-952.75 2658.5 -33.9800000000001 0

-941.25 -2658.5 -33.9800000000001 0
-952.75 -2658.5 -33.9800000000001 0

-941.25 2658.5 -33.9800000000001 0
-952.75 2658.5 -33.9800000000001 0

-952.75 -2658.5 -22.4800000000001 0
-952.75 2658.5 -22.4800000000001 0

-941.25 -2658.5 -22.4800000000001 0
-941.25 2658.5 -22.4800000000001 0

-952.75 -2658.5 -22.4800000000001 0
-941.25 -2658.5 -22.4800000000001 0

-952.75 2658.5 -22.4800000000001 0
-941.25 2658.5 -22.4800000000001 0

-952.75 -2658.5 -33.9800000000001 0
-952.75 2658.5 -33.9800000000001 0

-952.75 -2658.5 -22.4800000000001 0
-952.75 2658.5 -22.4800000000001 0

-952.75 -2658.5 -33.9800000000001 0
-952.75 -2658.5 -22.4800000000001 0

-952.75 2658.5 -33.9800000000001 0
-952.75 2658.5 -22.4800000000001 0

-941.25 -2658.5 -22.4800000000001 0
-941.25 2658.5 -22.4800000000001 0

-941.25 -2658.5 -33.9800000000001 0
-941.25 2658.5 -33.9800000000001 0

-941.25 -2658.5 -22.4800000000001 0
-941.25 -2658.5 -33.9800000000001 0

-941.25 2658.5 -22.4800000000001 0
-941.25 2658.5 -33.9800000000001 0

-941.25 -2658.5 -33.9800000000001 0
-952.75 -2658.5 -33.9800000000001 0

-941.25 -2658.5 -22.4800000000001 0
-952.75 -2658.5 -22.4800000000001 0

-941.25 -2658.5 -33.9800000000001 0
-941.25 -2658.5 -22.4800000000001 0

-952.75 -2658.5 -33.9800000000001 0
-952.75 -2658.5 -22.4800000000001 0

-941.25 2658.5 -22.4800000000001 0
-952.75 2658.5 -22.4800000000001 0

-941.25 2658.5 -33.9800000000001 0
-952.75 2658.5 -33.9800000000001 0

-941.25 2658.5 -22.4800000000001 0
-941.25 2658.5 -33.9800000000001 0

-952.75 2658.5 -22.4800000000001 0
-952.75 2658.5 -33.9800000000001 0

-941.25 -2658.5 -16.9900000000001 0
-941.25 0 -16.9900000000001 0

-941.25 0 -16.9900000000001 0
-941.25 1329.25 -16.9900000000001 0
-941.25 2658.5 -16.9900000000001 0

-941.25 2658.5 -16.9900000000001 0

-952.75 -2658.5 -16.9900000000001 0
-952.75 2658.5 -16.9900000000001 0

-941.25 -2658.5 -16.9900000000001 0
-952.75 -2658.5 -16.9900000000001 0

-941.25 2658.5 -16.9900000000001 0
-952.75 2658.5 -16.9900000000001 0

-952.75 -2658.5 -5.49000000000012 0
-952.75 2658.5 -5.49000000000012 0

-941.25 -2658.5 -5.49000000000012 0
-941.25 2658.5 -5.49000000000012 0

-952.75 -2658.5 -5.49000000000012 0
-941.25 -2658.5 -5.49000000000012 0

-952.75 2658.5 -5.49000000000012 0
-941.25 2658.5 -5.49000000000012 0

-952.75 -2658.5 -16.9900000000001 0
-952.75 2658.5 -16.9900000000001 0

-952.75 -2658.5 -5.49000000000012 0
-952.75 2658.5 -5.49000000000012 0

-952.75 -2658.5 -16.9900000000001 0
-952.75 -2658.5 -5.49000000000012 0

-952.75 2658.5 -16.9900000000001 0
-952.75 2658.5 -5.49000000000012 0

-941.25 -2658.5 -5.49000000000012 0
-941.25 2658.5 -5.49000000000012 0

-941.25 -2658.5 -16.9900000000001 0
-941.25 2658.5 -16.9900000000001 0

-941.25 -2658.5 -5.49000000000012 0
-941.25 -2658.5 -16.9900000000001 0

-941.25 2658.5 -5.49000000000012 0
-941.25 2658.5 -16.9900000000001 0

-941.25 -2658.5 -16.9900000000001 0
-952.75 -2658.5 -16.9900000000001 0

-941.25 -2658.5 -5.49000000000012 0
-952.75 -2658.5 -5.49000000000012 0

-941.25 -2658.5 -16.9900000000001 0
-941.25 -2658.5 -5.49000000000012 0

-952.75 -2658.5 -16.9900000000001 0
-952.75 -2658.5 -5.49000000000012 0

-941.25 2658.5 -5.49000000000012 0
-952.75 2658.5 -5.49000000000012 0

-941.25 2658.5 -16.9900000000001 0
-952.75 2658.5 -16.9900000000001 0

-941.25 2658.5 -5.49000000000012 0
-941.25 2658.5 -16.9900000000001 0

-952.75 2658.5 -5.49000000000012 0
-952.75 2658.5 -16.9900000000001 0

-941.25 -2658.5 -1.10134124042816e-13 0
-941.25 0 -1.10134124042816e-13 0

-941.25 0 -1.10134124042816e-13 0
-941.25 1329.25 -1.10134124042816e-13 0
-941.25 2658.5 -1.10134124042816e-13 0

-941.25 2658.5 -1.10134124042816e-13 0

-952.75 -2658.5 -1.10134124042816e-13 0
-952.75 2658.5 -1.10134124042816e-13 0

-941.25 -2658.5 -1.10134124042816e-13 0
-952.75 -2658.5 -1.10134124042816e-13 0

-941.25 2658.5 -1.10134124042816e-13 0
-952.75 2658.5 -1.10134124042816e-13 0

-952.75 -2658.5 11.4999999999999 0
-952.75 2658.5 11.4999999999999 0

-941.25 -2658.5 11.4999999999999 0
-941.25 2658.5 11.4999999999999 0

-952.75 -2658.5 11.4999999999999 0
-941.25 -2658.5 11.4999999999999 0

-952.75 2658.5 11.4999999999999 0
-941.25 2658.5 11.4999999999999 0

-952.75 -2658.5 -1.10134124042816e-13 0
-952.75 2658.5 -1.10134124042816e-13 0

-952.75 -2658.5 11.4999999999999 0
-952.75 2658.5 11.4999999999999 0

-952.75 -2658.5 -1.10134124042816e-13 0
-952.75 -2658.5 11.4999999999999 0

-952.75 2658.5 -1.10134124042816e-13 0
-952.75 2658.5 11.4999999999999 0

-941.25 -2658.5 11.4999999999999 0
-941.25 2658.5 11.4999999999999 0

-941.25 -2658.5 -1.10134124042816e-13 0
-941.25 2658.5 -1.10134124042816e-13 0

-941.25 -2658.5 11.4999999999999 0
-941.25 -2658.5 -1.10134124042816e-13 0

-941.25 2658.5 11.4999999999999 0
-941.25 2658.5 -1.10134124042816e-13 0

-941.25 -2658.5 -1.10134124042816e-13 0
-952.75 -2658.5 -1.10134124042816e-13 0

-941.25 -2658.5 11.4999999999999 0
-952.75 -2658.5 11.4999999999999 0

-941.25 -2658.5 -1.10134124042816e-13 0
-941.25 -2658.5 11.4999999999999 0

-952.75 -2658.5 -1.10134124042816e-13 0
-952.75 -2658.5 11.4999999999999 0

-941.25 2658.5 11.4999999999999 0
-952.75 2658.5 11.4999999999999 0

-941.25 2658.5 -1.10134124042816e-13 0
-952.75 2658.5 -1.10134124042816e-13 0

-941.25 2658.5 11.4999999999999 0
-941.25 2658.5 -1.10134124042816e-13 0

-952.75 2658.5 11.4999999999999 0
-952.75 2658.5 -1.10134124042816e-13 0

-941.25 -2658.5 16.9899999999999 0
-941.25 0 16.9899999999999 0

-941.25 0 16.9899999999999 0
-941.25 1329.25 16.9899999999999 0
-941.25 2658.5 16.9899999999999 0

-941.25 2658.5 16.9899999999999 0

-952.75 -2658.5 16.9899999999999 0
-952.75 2658.5 16.9899999999999 0

-941.25 -2658.5 16.9899999999999 0
-952.75 -2658.5 16.9899999999999 0

-941.25 2658.5 16.9899999999999 0
-952.75 2658.5 16.9899999999999 0

-952.75 -2658.5 28.4899999999999 0
-952.75 2658.5 28.4899999999999 0

-941.25 -2658.5 28.4899999999999 0
-941.25 2658.5 28.4899999999999 0

-952.75 -2658.5 28.4899999999999 0
-941.25 -2658.5 28.4899999999999 0

-952.75 2658.5 28.4899999999999 0
-941.25 2658.5 28.4899999999999 0

-952.75 -2658.5 16.9899999999999 0
-952.75 2658.5 16.9899999999999 0

-952.75 -2658.5 28.4899999999999 0
-952.75 2658.5 28.4899999999999 0

-952.75 -2658.5 16.9899999999999 0
-952.75 -2658.5 28.4899999999999 0

-952.75 2658.5 16.9899999999999 0
-952.75 2658.5 28.4899999999999 0

-941.25 -2658.5 28.4899999999999 0
-941.25 2658.5 28.4899999999999 0

-941.25 -2658.5 16.9899999999999 0
-941.25 2658.5 16.9899999999999 0

-941.25 -2658.5 28.4899999999999 0
-941.25 -2658.5 16.9899999999999 0

-941.25 2658.5 28.4899999999999 0
-941.25 2658.5 16.9899999999999 0

-941.25 -2658.5 16.9899999999999 0
-952.75 -2658.5 16.9899999999999 0

-941.25 -2658.5 28.4899999999999 0
-952.75 -2658.5 28.4899999999999 0

-941.25 -2658.5 16.9899999999999 0
-941.25 -2658.5 28.4899999999999 0

-952.75 -2658.5 16.9899999999999 0
-952.75 -2658.5 28.4899999999999 0

-941.25 2658.5 28.4899999999999 0
-952.75 2658.5 28.4899999999999 0

-941.25 2658.5 16.9899999999999 0
-952.75 2658.5 16.9899999999999 0

-941.25 2658.5 28.4899999999999 0
-941.25 2658.5 16.9899999999999 0

-952.75 2658.5 28.4899999999999 0
-952.75 2658.5 16.9899999999999 0

-941.25 -2658.5 33.9799999999999 0
-941.25 0 33.9799999999999 0

-941.25 0 33.9799999999999 0
-941.25 1329.25 33.9799999999999 0
-941.25 2658.5 33.9799999999999 0

-941.25 2658.5 33.9799999999999 0

-952.75 -2658.5 33.9799999999999 0
-952.75 2658.5 33.9799999999999 0

-941.25 -2658.5 33.9799999999999 0
-952.75 -2658.5 33.9799999999999 0

-941.25 2658.5 33.9799999999999 0
-952.75 2658.5 33.9799999999999 0

-952.75 -2658.5 45.4799999999999 0
-952.75 2658.5 45.4799999999999 0

-941.25 -2658.5 45.4799999999999 0
-941.25 2658.5 45.4799999999999 0

-952.75 -2658.5 45.4799999999999 0
-941.25 -2658.5 45.4799999999999 0

-952.75 2658.5 45.4799999999999 0
-941.25 2658.5 45.4799999999999 0

-952.75 -2658.5 33.9799999999999 0
-952.75 2658.5 33.9799999999999 0

-952.75 -2658.5 45.4799999999999 0
-952.75 2658.5 45.4799999999999 0

-952.75 -2658.5 33.9799999999999 0
-952.75 -2658.5 45.4799999999999 0

-952.75 2658.5 33.9799999999999 0
-952.75 2658.5 45.4799999999999 0

-941.25 -2658.5 45.4799999999999 0
-941.25 2658.5 45.4799999999999 0

-941.25 -2658.5 33.9799999999999 0
-941.25 2658.5 33.9799999999999 0

-941.25 -2658.5 45.4799999999999 0
-941.25 -2658.5 33.9799999999999 0

-941.25 2658.5 45.4799999999999 0
-941.25 2658.5 33.9799999999999 0

-941.25 -2658.5 33.9799999999999 0
-952.75 -2658.5 33.9799999999999 0

-941.25 -2658.5 45.4799999999999 0
-952.75 -2658.5 45.4799999999999 0

-941.25 -2658.5 33.9799999999999 0
-941.25 -2658.5 45.4799999999999 0

-952.75 -2658.5 33.9799999999999 0
-952.75 -2658.5 45.4799999999999 0

-941.25 2658.5 45.4799999999999 0
-952.75 2658.5 45.4799999999999 0

-941.25 2658.5 33.9799999999999 0
-952.75 2658.5 33.9799999999999 0

-941.25 2658.5 45.4799999999999 0
-941.25 2658.5 33.9799999999999 0

-952.75 2658.5 45.4799999999999 0
-952.75 2658.5 33.9799999999999 0

-941.25 -2658.5 50.9699999999999 0
-941.25 0 50.9699999999999 0

-941.25 0 50.9699999999999 0
-941.25 1329.25 50.9699999999999 0
-941.25 2658.5 50.9699999999999 0

-941.25 2658.5 50.9699999999999 0

-952.75 -2658.5 50.9699999999999 0
-952.75 2658.5 50.9699999999999 0

-941.25 -2658.5 50.9699999999999 0
-952.75 -2658.5 50.9699999999999 0

-941.25 2658.5 50.9699999999999 0
-952.75 2658.5 50.9699999999999 0

-952.75 -2658.5 62.4699999999999 0
-952.75 2658.5 62.4699999999999 0

-941.25 -2658.5 62.4699999999999 0
-941.25 2658.5 62.4699999999999 0

-952.75 -2658.5 62.4699999999999 0
-941.25 -2658.5 62.4699999999999 0

-952.75 2658.5 62.4699999999999 0
-941.25 2658.5 62.4699999999999 0

-952.75 -2658.5 50.9699999999999 0
-952.75 2658.5 50.9699999999999 0

-952.75 -2658.5 62.4699999999999 0
-952.75 2658.5 62.4699999999999 0

-952.75 -2658.5 50.9699999999999 0
-952.75 -2658.5 62.4699999999999 0

-952.75 2658.5 50.9699999999999 0
-952.75 2658.5 62.4699999999999 0

-941.25 -2658.5 62.4699999999999 0
-941.25 2658.5 62.4699999999999 0

-941.25 -2658.5 50.9699999999999 0
-941.25 2658.5 50.9699999999999 0

-941.25 -2658.5 62.4699999999999 0
-941.25 -2658.5 50.9699999999999 0

-941.25 2658.5 62.4699999999999 0
-941.25 2658.5 50.9699999999999 0

-941.25 -2658.5 50.9699999999999 0
-952.75 -2658.5 50.9699999999999 0

-941.25 -2658.5 62.4699999999999 0
-952.75 -2658.5 62.4699999999999 0

-941.25 -2658.5 50.9699999999999 0
-941.25 -2658.5 62.4699999999999 0

-952.75 -2658.5 50.9699999999999 0
-952.75 -2658.5 62.4699999999999 0

-941.25 2658.5 62.4699999999999 0
-952.75 2658.5 62.4699999999999 0

-941.25 2658.5 50.9699999999999 0
-952.75 2658.5 50.9699999999999 0

-941.25 2658.5 62.4699999999999 0
-941.25 2658.5 50.9699999999999 0

-952.75 2658.5 62.4699999999999 0
-952.75 2658.5 50.9699999999999 0

-941.25 -2658.5 67.9599999999999 0
-941.25 0 67.9599999999999 0

-941.25 0 67.9599999999999 0
-941.25 1329.25 67.9599999999999 0
-941.25 2658.5 67.9599999999999 0

-941.25 2658.5 67.9599999999999 0

-952.75 -2658.5 67.9599999999999 0
-952.75 2658.5 67.9599999999999 0

-941.25 -2658.5 67.9599999999999 0
-952.75 -2658.5 67.9599999999999 0

-941.25 2658.5 67.9599999999999 0
-952.75 2658.5 67.9599999999999 0

-952.75 -2658.5 79.4599999999999 0
-952.75 2658.5 79.4599999999999 0

-941.25 -2658.5 79.4599999999999 0
-941.25 2658.5 79.4599999999999 0

-952.75 -2658.5 79.4599999999999 0
-941.25 -2658.5 79.4599999999999 0

-952.75 2658.5 79.4599999999999 0
-941.25 2658.5 79.4599999999999 0

-952.75 -2658.5 67.9599999999999 0
-952.75 2658.5 67.9599999999999 0

-952.75 -2658.5 79.4599999999999 0
-952.75 2658.5 79.4599999999999 0

-952.75 -2658.5 67.9599999999999 0
-952.75 -2658.5 79.4599999999999 0

-952.75 2658.5 67.9599999999999 0
-952.75 2658.5 79.4599999999999 0

-941.25 -2658.5 79.4599999999999 0
-941.25 2658.5 79.4599999999999 0

-941.25 -2658.5 67.9599999999999 0
-941.25 2658.5 67.9599999999999 0

-941.25 -2658.5 79.4599999999999 0
-941.25 -2658.5 67.9599999999999 0

-941.25 2658.5 79.4599999999999 0
-941.25 2658.5 67.9599999999999 0

-941.25 -2658.5 67.9599999999999 0
-952.75 -2658.5 67.9599999999999 0

-941.25 -2658.5 79.4599999999999 0
-952.75 -2658.5 79.4599999999999 0

-941.25 -2658.5 67.9599999999999 0
-941.25 -2658.5 79.4599999999999 0

-952.75 -2658.5 67.9599999999999 0
-952.75 -2658.5 79.4599999999999 0

-941.25 2658.5 79.4599999999999 0
-952.75 2658.5 79.4599999999999 0

-941.25 2658.5 67.9599999999999 0
-952.75 2658.5 67.9599999999999 0

-941.25 2658.5 79.4599999999999 0
-941.25 2658.5 67.9599999999999 0

-952.75 2658.5 79.4599999999999 0
-952.75 2658.5 67.9599999999999 0

-941.25 -2658.5 84.9499999999999 0
-941.25 0 84.9499999999999 0

-941.25 0 84.9499999999999 0
-941.25 1329.25 84.9499999999999 0
-941.25 2658.5 84.9499999999999 0

-941.25 2658.5 84.9499999999999 0

-952.75 -2658.5 84.9499999999999 0
-952.75 2658.5 84.9499999999999 0

-941.25 -2658.5 84.9499999999999 0
-952.75 -2658.5 84.9499999999999 0

-941.25 2658.5 84.9499999999999 0
-952.75 2658.5 84.9499999999999 0

-952.75 -2658.5 96.4499999999999 0
-952.75 2658.5 96.4499999999999 0

-941.25 -2658.5 96.4499999999999 0
-941.25 2658.5 96.4499999999999 0

-952.75 -2658.5 96.4499999999999 0
-941.25 -2658.5 96.4499999999999 0

-952.75 2658.5 96.4499999999999 0
-941.25 2658.5 96.4499999999999 0

-952.75 -2658.5 84.9499999999999 0
-952.75 2658.5 84.9499999999999 0

-952.75 -2658.5 96.4499999999999 0
-952.75 2658.5 96.4499999999999 0

-952.75 -2658.5 84.9499999999999 0
-952.75 -2658.5 96.4499999999999 0

-952.75 2658.5 84.9499999999999 0
-952.75 2658.5 96.4499999999999 0

-941.25 -2658.5 96.4499999999999 0
-941.25 2658.5 96.4499999999999 0

-941.25 -2658.5 84.9499999999999 0
-941.25 2658.5 84.9499999999999 0

-941.25 -2658.5 96.4499999999999 0
-941.25 -2658.5 84.9499999999999 0

-941.25 2658.5 96.4499999999999 0
-941.25 2658.5 84.9499999999999 0

-941.25 -2658.5 84.9499999999999 0
-952.75 -2658.5 84.9499999999999 0

-941.25 -2658.5 96.4499999999999 0
-952.75 -2658.5 96.4499999999999 0

-941.25 -2658.5 84.9499999999999 0
-941.25 -2658.5 96.4499999999999 0

-952.75 -2658.5 84.9499999999999 0
-952.75 -2658.5 96.4499999999999 0

-941.25 2658.5 96.4499999999999 0
-952.75 2658.5 96.4499999999999 0

-941.25 2658.5 84.9499999999999 0
-952.75 2658.5 84.9499999999999 0

-941.25 2658.5 96.4499999999999 0
-941.25 2658.5 84.9499999999999 0

-952.75 2658.5 96.4499999999999 0
-952.75 2658.5 84.9499999999999 0

-941.25 -2658.5 101.94 0
-941.25 0 101.94 0

-941.25 0 101.94 0
-941.25 1329.25 101.94 0
-941.25 2658.5 101.94 0

-941.25 2658.5 101.94 0

-952.75 -2658.5 101.94 0
-952.75 2658.5 101.94 0

-941.25 -2658.5 101.94 0
-952.75 -2658.5 101.94 0

-941.25 2658.5 101.94 0
-952.75 2658.5 101.94 0

-952.75 -2658.5 113.44 0
-952.75 2658.5 113.44 0

-941.25 -2658.5 113.44 0
-941.25 2658.5 113.44 0

-952.75 -2658.5 113.44 0
-941.25 -2658.5 113.44 0

-952.75 2658.5 113.44 0
-941.25 2658.5 113.44 0

-952.75 -2658.5 101.94 0
-952.75 2658.5 101.94 0

-952.75 -2658.5 113.44 0
-952.75 2658.5 113.44 0

-952.75 -2658.5 101.94 0
-952.75 -2658.5 113.44 0

-952.75 2658.5 101.94 0
-952.75 2658.5 113.44 0

-941.25 -2658.5 113.44 0
-941.25 2658.5 113.44 0

-941.25 -2658.5 101.94 0
-941.25 2658.5 101.94 0

-941.25 -2658.5 113.44 0
-941.25 -2658.5 101.94 0

-941.25 2658.5 113.44 0
-941.25 2658.5 101.94 0

-941.25 -2658.5 101.94 0
-952.75 -2658.5 101.94 0

-941.25 -2658.5 113.44 0
-952.75 -2658.5 113.44 0

-941.25 -2658.5 101.94 0
-941.25 -2658.5 113.44 0

-952.75 -2658.5 101.94 0
-952.75 -2658.5 113.44 0

-941.25 2658.5 113.44 0
-952.75 2658.5 113.44 0

-941.25 2658.5 101.94 0
-952.75 2658.5 101.94 0

-941.25 2658.5 113.44 0
-941.25 2658.5 101.94 0

-952.75 2658.5 113.44 0
-952.75 2658.5 101.94 0

-941.25 -2658.5 118.93 0
-941.25 0 118.93 0

-941.25 0 118.93 0
-941.25 1329.25 118.93 0
-941.25 2658.5 118.93 0

-941.25 2658.5 118.93 0

-952.75 -2658.5 118.93 0
-952.75 2658.5 118.93 0

-941.25 -2658.5 118.93 0
-952.75 -2658.5 118.93 0

-941.25 2658.5 118.93 0
-952.75 2658.5 118.93 0

-952.75 -2658.5 130.43 0
-952.75 2658.5 130.43 0

-941.25 -2658.5 130.43 0
-941.25 2658.5 130.43 0

-952.75 -2658.5 130.43 0
-941.25 -2658.5 130.43 0

-952.75 2658.5 130.43 0
-941.25 2658.5 130.43 0

-952.75 -2658.5 118.93 0
-952.75 2658.5 118.93 0

-952.75 -2658.5 130.43 0
-952.75 2658.5 130.43 0

-952.75 -2658.5 118.93 0
-952.75 -2658.5 130.43 0

-952.75 2658.5 118.93 0
-952.75 2658.5 130.43 0

-941.25 -2658.5 130.43 0
-941.25 2658.5 130.43 0

-941.25 -2658.5 118.93 0
-941.25 2658.5 118.93 0

-941.25 -2658.5 130.43 0
-941.25 -2658.5 118.93 0

-941.25 2658.5 130.43 0
-941.25 2658.5 118.93 0

-941.25 -2658.5 118.93 0
-952.75 -2658.5 118.93 0

-941.25 -2658.5 130.43 0
-952.75 -2658.5 130.43 0

-941.25 -2658.5 118.93 0
-941.25 -2658.5 130.43 0

-952.75 -2658.5 118.93 0
-952.75 -2658.5 130.43 0

-941.25 2658.5 130.43 0
-952.75 2658.5 130.43 0

-941.25 2658.5 118.93 0
-952.75 2658.5 118.93 0

-941.25 2658.5 130.43 0
-941.25 2658.5 118.93 0

-952.75 2658.5 130.43 0
-952.75 2658.5 118.93 0

-941.25 -2658.5 135.92 0
-941.25 0 135.92 0

-941.25 0 135.92 0
-941.25 1329.25 135.92 0
-941.25 2658.5 135.92 0

-941.25 2658.5 135.92 0

-952.75 -2658.5 135.92 0
-952.75 2658.5 135.92 0

-941.25 -2658.5 135.92 0
-952.75 -2658.5 135.92 0

-941.25 2658.5 135.92 0
-952.75 2658.5 135.92 0

-952.75 -2658.5 147.42 0
-952.75 2658.5 147.42 0

-941.25 -2658.5 147.42 0
-941.25 2658.5 147.42 0

-952.75 -2658.5 147.42 0
-941.25 -2658.5 147.42 0

-952.75 2658.5 147.42 0
-941.25 2658.5 147.42 0

-952.75 -2658.5 135.92 0
-952.75 2658.5 135.92 0

-952.75 -2658.5 147.42 0
-952.75 2658.5 147.42 0

-952.75 -2658.5 135.92 0
-952.75 -2658.5 147.42 0

-952.75 2658.5 135.92 0
-952.75 2658.5 147.42 0

-941.25 -2658.5 147.42 0
-941.25 2658.5 147.42 0

-941.25 -2658.5 135.92 0
-941.25 2658.5 135.92 0

-941.25 -2658.5 147.42 0
-941.25 -2658.5 135.92 0

-941.25 2658.5 147.42 0
-941.25 2658.5 135.92 0

-941.25 -2658.5 135.92 0
-952.75 -2658.5 135.92 0

-941.25 -2658.5 147.42 0
-952.75 -2658.5 147.42 0

-941.25 -2658.5 135.92 0
-941.25 -2658.5 147.42 0

-952.75 -2658.5 135.92 0
-952.75 -2658.5 147.42 0

-941.25 2658.5 147.42 0
-952.75 2658.5 147.42 0

-941.25 2658.5 135.92 0
-952.75 2658.5 135.92 0

-941.25 2658.5 147.42 0
-941.25 2658.5 135.92 0

-952.75 2658.5 147.42 0
-952.75 2658.5 135.92 0

-941.25 -2658.5 152.91 0
-941.25 0 152.91 0

-941.25 0 152.91 0
-941.25 1329.25 152.91 0
-941.25 2658.5 152.91 0

-941.25 2658.5 152.91 0

-952.75 -2658.5 152.91 0
-952.75 2658.5 152.91 0

-941.25 -2658.5 152.91 0
-952.75 -2658.5 152.91 0

-941.25 2658.5 152.91 0
-952.75 2658.5 152.91 0

-952.75 -2658.5 164.41 0
-952.75 2658.5 164.41 0

-941.25 -2658.5 164.41 0
-941.25 2658.5 164.41 0

-952.75 -2658.5 164.41 0
-941.25 -2658.5 164.41 0

-952.75 2658.5 164.41 0
-941.25 2658.5 164.41 0

-952.75 -2658.5 152.91 0
-952.75 2658.5 152.91 0

-952.75 -2658.5 164.41 0
-952.75 2658.5 164.41 0

-952.75 -2658.5 152.91 0
-952.75 -2658.5 164.41 0

-952.75 2658.5 152.91 0
-952.75 2658.5 164.41 0

-941.25 -2658.5 164.41 0
-941.25 2658.5 164.41 0

-941.25 -2658.5 152.91 0
-941.25 2658.5 152.91 0

-941.25 -2658.5 164.41 0
-941.25 -2658.5 152.91 0

-941.25 2658.5 164.41 0
-941.25 2658.5 152.91 0

-941.25 -2658.5 152.91 0
-952.75 -2658.5 152.91 0

-941.25 -2658.5 164.41 0
-952.75 -2658.5 164.41 0

-941.25 -2658.5 152.91 0
-941.25 -2658.5 164.41 0

-952.75 -2658.5 152.91 0
-952.75 -2658.5 164.41 0

-941.25 2658.5 164.41 0
-952.75 2658.5 164.41 0

-941.25 2658.5 152.91 0
-952.75 2658.5 152.91 0

-941.25 2658.5 164.41 0
-941.25 2658.5 152.91 0

-952.75 2658.5 164.41 0
-952.75 2658.5 152.91 0

-941.25 -2658.5 169.9 0
-941.25 0 169.9 0

-941.25 0 169.9 0
-941.25 1329.25 169.9 0
-941.25 2658.5 169.9 0

-941.25 2658.5 169.9 0

-952.75 -2658.5 169.9 0
-952.75 2658.5 169.9 0

-941.25 -2658.5 169.9 0
-952.75 -2658.5 169.9 0

-941.25 2658.5 169.9 0
-952.75 2658.5 169.9 0

-952.75 -2658.5 181.4 0
-952.75 2658.5 181.4 0

-941.25 -2658.5 181.4 0
-941.25 2658.5 181.4 0

-952.75 -2658.5 181.4 0
-941.25 -2658.5 181.4 0

-952.75 2658.5 181.4 0
-941.25 2658.5 181.4 0

-952.75 -2658.5 169.9 0
-952.75 2658.5 169.9 0

-952.75 -2658.5 181.4 0
-952.75 2658.5 181.4 0

-952.75 -2658.5 169.9 0
-952.75 -2658.5 181.4 0

-952.75 2658.5 169.9 0
-952.75 2658.5 181.4 0

-941.25 -2658.5 181.4 0
-941.25 2658.5 181.4 0

-941.25 -2658.5 169.9 0
-941.25 2658.5 169.9 0

-941.25 -2658.5 181.4 0
-941.25 -2658.5 169.9 0

-941.25 2658.5 181.4 0
-941.25 2658.5 169.9 0

-941.25 -2658.5 169.9 0
-952.75 -2658.5 169.9 0

-941.25 -2658.5 181.4 0
-952.75 -2658.5 181.4 0

-941.25 -2658.5 169.9 0
-941.25 -2658.5 181.4 0

-952.75 -2658.5 169.9 0
-952.75 -2658.5 181.4 0

-941.25 2658.5 181.4 0
-952.75 2658.5 181.4 0

-941.25 2658.5 169.9 0
-952.75 2658.5 169.9 0

-941.25 2658.5 181.4 0
-941.25 2658.5 169.9 0

-952.75 2658.5 181.4 0
-952.75 2658.5 169.9 0

-941.25 -2658.5 186.89 0
-941.25 0 186.89 0

-941.25 0 186.89 0
-941.25 1329.25 186.89 0
-941.25 2658.5 186.89 0

-941.25 2658.5 186.89 0

-952.75 -2658.5 186.89 0
-952.75 2658.5 186.89 0

-941.25 -2658.5 186.89 0
-952.75 -2658.5 186.89 0

-941.25 2658.5 186.89 0
-952.75 2658.5 186.89 0

-952.75 -2658.5 198.39 0
-952.75 2658.5 198.39 0

-941.25 -2658.5 198.39 0
-941.25 2658.5 198.39 0

-952.75 -2658.5 198.39 0
-941.25 -2658.5 198.39 0

-952.75 2658.5 198.39 0
-941.25 2658.5 198.39 0

-952.75 -2658.5 186.89 0
-952.75 2658.5 186.89 0

-952.75 -2658.5 198.39 0
-952.75 2658.5 198.39 0

-952.75 -2658.5 186.89 0
-952.75 -2658.5 198.39 0

-952.75 2658.5 186.89 0
-952.75 2658.5 198.39 0

-941.25 -2658.5 198.39 0
-941.25 2658.5 198.39 0

-941.25 -2658.5 186.89 0
-941.25 2658.5 186.89 0

-941.25 -2658.5 198.39 0
-941.25 -2658.5 186.89 0

-941.25 2658.5 198.39 0
-941.25 2658.5 186.89 0

-941.25 -2658.5 186.89 0
-952.75 -2658.5 186.89 0

-941.25 -2658.5 198.39 0
-952.75 -2658.5 198.39 0

-941.25 -2658.5 186.89 0
-941.25 -2658.5 198.39 0

-952.75 -2658.5 186.89 0
-952.75 -2658.5 198.39 0

-941.25 2658.5 198.39 0
-952.75 2658.5 198.39 0

-941.25 2658.5 186.89 0
-952.75 2658.5 186.89 0

-941.25 2658.5 198.39 0
-941.25 2658.5 186.89 0

-952.75 2658.5 198.39 0
-952.75 2658.5 186.89 0

-941.25 -2658.5 203.88 0
-941.25 0 203.88 0

-941.25 0 203.88 0
-941.25 1329.25 203.88 0
-941.25 2658.5 203.88 0

-941.25 2658.5 203.88 0

-952.75 -2658.5 203.88 0
-952.75 2658.5 203.88 0

-941.25 -2658.5 203.88 0
-952.75 -2658.5 203.88 0

-941.25 2658.5 203.88 0
-952.75 2658.5 203.88 0

-952.75 -2658.5 215.38 0
-952.75 2658.5 215.38 0

-941.25 -2658.5 215.38 0
-941.25 2658.5 215.38 0

-952.75 -2658.5 215.38 0
-941.25 -2658.5 215.38 0

-952.75 2658.5 215.38 0
-941.25 2658.5 215.38 0

-952.75 -2658.5 203.88 0
-952.75 2658.5 203.88 0

-952.75 -2658.5 215.38 0
-952.75 2658.5 215.38 0

-952.75 -2658.5 203.88 0
-952.75 -2658.5 215.38 0

-952.75 2658.5 203.88 0
-952.75 2658.5 215.38 0

-941.25 -2658.5 215.38 0
-941.25 2658.5 215.38 0

-941.25 -2658.5 203.88 0
-941.25 2658.5 203.88 0

-941.25 -2658.5 215.38 0
-941.25 -2658.5 203.88 0

-941.25 2658.5 215.38 0
-941.25 2658.5 203.88 0

-941.25 -2658.5 203.88 0
-952.75 -2658.5 203.88 0

-941.25 -2658.5 215.38 0
-952.75 -2658.5 215.38 0

-941.25 -2658.5 203.88 0
-941.25 -2658.5 215.38 0

-952.75 -2658.5 203.88 0
-952.75 -2658.5 215.38 0

-941.25 2658.5 215.38 0
-952.75 2658.5 215.38 0

-941.25 2658.5 203.88 0
-952.75 2658.5 203.88 0

-941.25 2658.5 215.38 0
-941.25 2658.5 203.88 0

-952.75 2658.5 215.38 0
-952.75 2658.5 203.88 0

-941.25 -2658.5 220.87 0
-941.25 0 220.87 0

-941.25 0 220.87 0
-941.25 1329.25 220.87 0
-941.25 2658.5 220.87 0

-941.25 2658.5 220.87 0

-952.75 -2658.5 220.87 0
-952.75 2658.5 220.87 0

-941.25 -2658.5 220.87 0
-952.75 -2658.5 220.87 0

-941.25 2658.5 220.87 0
-952.75 2658.5 220.87 0

-952.75 -2658.5 232.37 0
-952.75 2658.5 232.37 0

-941.25 -2658.5 232.37 0
-941.25 2658.5 232.37 0

-952.75 -2658.5 232.37 0
-941.25 -2658.5 232.37 0

-952.75 2658.5 232.37 0
-941.25 2658.5 232.37 0

-952.75 -2658.5 220.87 0
-952.75 2658.5 220.87 0

-952.75 -2658.5 232.37 0
-952.75 2658.5 232.37 0

-952.75 -2658.5 220.87 0
-952.75 -2658.5 232.37 0

-952.75 2658.5 220.87 0
-952.75 2658.5 232.37 0

-941.25 -2658.5 232.37 0
-941.25 2658.5 232.37 0

-941.25 -2658.5 220.87 0
-941.25 2658.5 220.87 0

-941.25 -2658.5 232.37 0
-941.25 -2658.5 220.87 0

-941.25 2658.5 232.37 0
-941.25 2658.5 220.87 0

-941.25 -2658.5 220.87 0
-952.75 -2658.5 220.87 0

-941.25 -2658.5 232.37 0
-952.75 -2658.5 232.37 0

-941.25 -2658.5 220.87 0
-941.25 -2658.5 232.37 0

-952.75 -2658.5 220.87 0
-952.75 -2658.5 232.37 0

-941.25 2658.5 232.37 0
-952.75 2658.5 232.37 0

-941.25 2658.5 220.87 0
-952.75 2658.5 220.87 0

-941.25 2658.5 232.37 0
-941.25 2658.5 220.87 0

-952.75 2658.5 232.37 0
-952.75 2658.5 220.87 0

-941.25 -2658.5 237.86 0
-941.25 0 237.86 0

-941.25 0 237.86 0
-941.25 1329.25 237.86 0
-941.25 2658.5 237.86 0

-941.25 2658.5 237.86 0

-952.75 -2658.5 237.86 0
-952.75 2658.5 237.86 0

-941.25 -2658.5 237.86 0
-952.75 -2658.5 237.86 0

-941.25 2658.5 237.86 0
-952.75 2658.5 237.86 0

-952.75 -2658.5 249.36 0
-952.75 2658.5 249.36 0

-941.25 -2658.5 249.36 0
-941.25 2658.5 249.36 0

-952.75 -2658.5 249.36 0
-941.25 -2658.5 249.36 0

-952.75 2658.5 249.36 0
-941.25 2658.5 249.36 0

-952.75 -2658.5 237.86 0
-952.75 2658.5 237.86 0

-952.75 -2658.5 249.36 0
-952.75 2658.5 249.36 0

-952.75 -2658.5 237.86 0
-952.75 -2658.5 249.36 0

-952.75 2658.5 237.86 0
-952.75 2658.5 249.36 0

-941.25 -2658.5 249.36 0
-941.25 2658.5 249.36 0

-941.25 -2658.5 237.86 0
-941.25 2658.5 237.86 0

-941.25 -2658.5 249.36 0
-941.25 -2658.5 237.86 0

-941.25 2658.5 249.36 0
-941.25 2658.5 237.86 0

-941.25 -2658.5 237.86 0
-952.75 -2658.5 237.86 0

-941.25 -2658.5 249.36 0
-952.75 -2658.5 249.36 0

-941.25 -2658.5 237.86 0
-941.25 -2658.5 249.36 0

-952.75 -2658.5 237.86 0
-952.75 -2658.5 249.36 0

-941.25 2658.5 249.36 0
-952.75 2658.5 249.36 0

-941.25 2658.5 237.86 0
-952.75 2658.5 237.86 0

-941.25 2658.5 249.36 0
-941.25 2658.5 237.86 0

-952.75 2658.5 249.36 0
-952.75 2658.5 237.86 0

-941.25 -2658.5 254.85 0
-941.25 0 254.85 0

-941.25 0 254.85 0
-941.25 1329.25 254.85 0
-941.25 2658.5 254.85 0

-941.25 2658.5 254.85 0

-952.75 -2658.5 254.85 0
-952.75 2658.5 254.85 0

-941.25 -2658.5 254.85 0
-952.75 -2658.5 254.85 0

-941.25 2658.5 254.85 0
-952.75 2658.5 254.85 0

-952.75 -2658.5 266.35 0
-952.75 2658.5 266.35 0

-941.25 -2658.5 266.35 0
-941.25 2658.5 266.35 0

-952.75 -2658.5 266.35 0
-941.25 -2658.5 266.35 0

-952.75 2658.5 266.35 0
-941.25 2658.5 266.35 0

-952.75 -2658.5 254.85 0
-952.75 2658.5 254.85 0

-952.75 -2658.5 266.35 0
-952.75 2658.5 266.35 0

-952.75 -2658.5 254.85 0
-952.75 -2658.5 266.35 0

-952.75 2658.5 254.85 0
-952.75 2658.5 266.35 0

-941.25 -2658.5 266.35 0
-941.25 2658.5 266.35 0

-941.25 -2658.5 254.85 0
-941.25 2658.5 254.85 0

-941.25 -2658.5 266.35 0
-941.25 -2658.5 254.85 0

-941.25 2658.5 266.35 0
-941.25 2658.5 254.85 0

-941.25 -2658.5 254.85 0
-952.75 -2658.5 254.85 0

-941.25 -2658.5 266.35 0
-952.75 -2658.5 266.35 0

-941.25 -2658.5 254.85 0
-941.25 -2658.5 266.35 0

-952.75 -2658.5 254.85 0
-952.75 -2658.5 266.35 0

-941.25 2658.5 266.35 0
-952.75 2658.5 266.35 0

-941.25 2658.5 254.85 0
-952.75 2658.5 254.85 0

-941.25 2658.5 266.35 0
-941.25 2658.5 254.85 0

-952.75 2658.5 266.35 0
-952.75 2658.5 254.85 0

-941.25 -2658.5 271.84 0
-941.25 0 271.84 0

-941.25 0 271.84 0
-941.25 1329.25 271.84 0
-941.25 2658.5 271.84 0

-941.25 2658.5 271.84 0

-952.75 -2658.5 271.84 0
-952.75 2658.5 271.84 0

-941.25 -2658.5 271.84 0
-952.75 -2658.5 271.84 0

-941.25 2658.5 271.84 0
-952.75 2658.5 271.84 0

-952.75 -2658.5 283.34 0
-952.75 2658.5 283.34 0

-941.25 -2658.5 283.34 0
-941.25 2658.5 283.34 0

-952.75 -2658.5 283.34 0
-941.25 -2658.5 283.34 0

-952.75 2658.5 283.34 0
-941.25 2658.5 283.34 0

-952.75 -2658.5 271.84 0
-952.75 2658.5 271.84 0

-952.75 -2658.5 283.34 0
-952.75 2658.5 283.34 0

-952.75 -2658.5 271.84 0
-952.75 -2658.5 283.34 0

-952.75 2658.5 271.84 0
-952.75 2658.5 283.34 0

-941.25 -2658.5 283.34 0
-941.25 2658.5 283.34 0

-941.25 -2658.5 271.84 0
-941.25 2658.5 271.84 0

-941.25 -2658.5 283.34 0
-941.25 -2658.5 271.84 0

-941.25 2658.5 283.34 0
-941.25 2658.5 271.84 0

-941.25 -2658.5 271.84 0
-952.75 -2658.5 271.84 0

-941.25 -2658.5 283.34 0
-952.75 -2658.5 283.34 0

-941.25 -2658.5 271.84 0
-941.25 -2658.5 283.34 0

-952.75 -2658.5 271.84 0
-952.75 -2658.5 283.34 0

-941.25 2658.5 283.34 0
-952.75 2658.5 283.34 0

-941.25 2658.5 271.84 0
-952.75 2658.5 271.84 0

-941.25 2658.5 283.34 0
-941.25 2658.5 271.84 0

-952.75 2658.5 283.34 0
-952.75 2658.5 271.84 0

-941.25 -2658.5 288.83 0
-941.25 0 288.83 0

-941.25 0 288.83 0
-941.25 1329.25 288.83 0
-941.25 2658.5 288.83 0

-941.25 2658.5 288.83 0

-952.75 -2658.5 288.83 0
-952.75 2658.5 288.83 0

-941.25 -2658.5 288.83 0
-952.75 -2658.5 288.83 0

-941.25 2658.5 288.83 0
-952.75 2658.5 288.83 0

-952.75 -2658.5 300.33 0
-952.75 2658.5 300.33 0

-941.25 -2658.5 300.33 0
-941.25 2658.5 300.33 0

-952.75 -2658.5 300.33 0
-941.25 -2658.5 300.33 0

-952.75 2658.5 300.33 0
-941.25 2658.5 300.33 0

-952.75 -2658.5 288.83 0
-952.75 2658.5 288.83 0

-952.75 -2658.5 300.33 0
-952.75 2658.5 300.33 0

-952.75 -2658.5 288.83 0
-952.75 -2658.5 300.33 0

-952.75 2658.5 288.83 0
-952.75 2658.5 300.33 0

-941.25 -2658.5 300.33 0
-941.25 2658.5 300.33 0

-941.25 -2658.5 288.83 0
-941.25 2658.5 288.83 0

-941.25 -2658.5 300.33 0
-941.25 -2658.5 288.83 0

-941.25 2658.5 300.33 0
-941.25 2658.5 288.83 0

-941.25 -2658.5 288.83 0
-952.75 -2658.5 288.83 0

-941.25 -2658.5 300.33 0
-952.75 -2658.5 300.33 0

-941.25 -2658.5 288.83 0
-941.25 -2658.5 300.33 0

-952.75 -2658.5 288.83 0
-952.75 -2658.5 300.33 0

-941.25 2658.5 300.33 0
-952.75 2658.5 300.33 0

-941.25 2658.5 288.83 0
-952.75 2658.5 288.83 0

-941.25 2658.5 300.33 0
-941.25 2658.5 288.83 0

-952.75 2658.5 300.33 0
-952.75 2658.5 288.83 0

-941.25 -2658.5 305.82 0
-941.25 0 305.82 0

-941.25 0 305.82 0
-941.25 1329.25 305.82 0
-941.25 2658.5 305.82 0

-941.25 2658.5 305.82 0

-952.75 -2658.5 305.82 0
-952.75 2658.5 305.82 0

-941.25 -2658.5 305.82 0
-952.75 -2658.5 305.82 0

-941.25 2658.5 305.82 0
-952.75 2658.5 305.82 0

-952.75 -2658.5 317.32 0
-952.75 2658.5 317.32 0

-941.25 -2658.5 317.32 0
-941.25 2658.5 317.32 0

-952.75 -2658.5 317.32 0
-941.25 -2658.5 317.32 0

-952.75 2658.5 317.32 0
-941.25 2658.5 317.32 0

-952.75 -2658.5 305.82 0
-952.75 2658.5 305.82 0

-952.75 -2658.5 317.32 0
-952.75 2658.5 317.32 0

-952.75 -2658.5 305.82 0
-952.75 -2658.5 317.32 0

-952.75 2658.5 305.82 0
-952.75 2658.5 317.32 0

-941.25 -2658.5 317.32 0
-941.25 2658.5 317.32 0

-941.25 -2658.5 305.82 0
-941.25 2658.5 305.82 0

-941.25 -2658.5 317.32 0
-941.25 -2658.5 305.82 0

-941.25 2658.5 317.32 0
-941.25 2658.5 305.82 0

-941.25 -2658.5 305.82 0
-952.75 -2658.5 305.82 0

-941.25 -2658.5 317.32 0
-952.75 -2658.5 317.32 0

-941.25 -2658.5 305.82 0
-941.25 -2658.5 317.32 0

-952.75 -2658.5 305.82 0
-952.75 -2658.5 317.32 0

-941.25 2658.5 317.32 0
-952.75 2658.5 317.32 0

-941.25 2658.5 305.82 0
-952.75 2658.5 305.82 0

-941.25 2658.5 317.32 0
-941.25 2658.5 305.82 0

-952.75 2658.5 317.32 0
-952.75 2658.5 305.82 0

-941.25 -2658.5 322.81 0
-941.25 0 322.81 0

-941.25 0 322.81 0
-941.25 1329.25 322.81 0
-941.25 2658.5 322.81 0

-941.25 2658.5 322.81 0

-952.75 -2658.5 322.81 0
-952.75 2658.5 322.81 0

-941.25 -2658.5 322.81 0
-952.75 -2658.5 322.81 0

-941.25 2658.5 322.81 0
-952.75 2658.5 322.81 0

-952.75 -2658.5 334.31 0
-952.75 2658.5 334.31 0

-941.25 -2658.5 334.31 0
-941.25 2658.5 334.31 0

-952.75 -2658.5 334.31 0
-941.25 -2658.5 334.31 0

-952.75 2658.5 334.31 0
-941.25 2658.5 334.31 0

-952.75 -2658.5 322.81 0
-952.75 2658.5 322.81 0

-952.75 -2658.5 334.31 0
-952.75 2658.5 334.31 0

-952.75 -2658.5 322.81 0
-952.75 -2658.5 334.31 0

-952.75 2658.5 322.81 0
-952.75 2658.5 334.31 0

-941.25 -2658.5 334.31 0
-941.25 2658.5 334.31 0

-941.25 -2658.5 322.81 0
-941.25 2658.5 322.81 0

-941.25 -2658.5 334.31 0
-941.25 -2658.5 322.81 0

-941.25 2658.5 334.31 0
-941.25 2658.5 322.81 0

-941.25 -2658.5 322.81 0
-952.75 -2658.5 322.81 0

-941.25 -2658.5 334.31 0
-952.75 -2658.5 334.31 0

-941.25 -2658.5 322.81 0
-941.25 -2658.5 334.31 0

-952.75 -2658.5 322.81 0
-952.75 -2658.5 334.31 0

-941.25 2658.5 334.31 0
-952.75 2658.5 334.31 0

-941.25 2658.5 322.81 0
-952.75 2658.5 322.81 0

-941.25 2658.5 334.31 0
-941.25 2658.5 322.81 0

-952.75 2658.5 334.31 0
-952.75 2658.5 322.81 0

-941.25 -2658.5 339.8 0
-941.25 0 339.8 0

-941.25 0 339.8 0
-941.25 1329.25 339.8 0
-941.25 2658.5 339.8 0

-941.25 2658.5 339.8 0

-952.75 -2658.5 339.8 0
-952.75 2658.5 339.8 0

-941.25 -2658.5 339.8 0
-952.75 -2658.5 339.8 0

-941.25 2658.5 339.8 0
-952.75 2658.5 339.8 0

-952.75 -2658.5 351.3 0
-952.75 2658.5 351.3 0

-941.25 -2658.5 351.3 0
-941.25 2658.5 351.3 0

-952.75 -2658.5 351.3 0
-941.25 -2658.5 351.3 0

-952.75 2658.5 351.3 0
-941.25 2658.5 351.3 0

-952.75 -2658.5 339.8 0
-952.75 2658.5 339.8 0

-952.75 -2658.5 351.3 0
-952.75 2658.5 351.3 0

-952.75 -2658.5 339.8 0
-952.75 -2658.5 351.3 0

-952.75 2658.5 339.8 0
-952.75 2658.5 351.3 0

-941.25 -2658.5 351.3 0
-941.25 2658.5 351.3 0

-941.25 -2658.5 339.8 0
-941.25 2658.5 339.8 0

-941.25 -2658.5 351.3 0
-941.25 -2658.5 339.8 0

-941.25 2658.5 351.3 0
-941.25 2658.5 339.8 0

-941.25 -2658.5 339.8 0
-952.75 -2658.5 339.8 0

-941.25 -2658.5 351.3 0
-952.75 -2658.5 351.3 0

-941.25 -2658.5 339.8 0
-941.25 -2658.5 351.3 0

-952.75 -2658.5 339.8 0
-952.75 -2658.5 351.3 0

-941.25 2658.5 351.3 0
-952.75 2658.5 351.3 0

-941.25 2658.5 339.8 0
-952.75 2658.5 339.8 0

-941.25 2658.5 351.3 0
-941.25 2658.5 339.8 0

-952.75 2658.5 351.3 0
-952.75 2658.5 339.8 0

-941.25 -2658.5 356.79 0
-941.25 0 356.79 0

-941.25 0 356.79 0
-941.25 1329.25 356.79 0
-941.25 2658.5 356.79 0

-941.25 2658.5 356.79 0

-952.75 -2658.5 356.79 0
-952.75 2658.5 356.79 0

-941.25 -2658.5 356.79 0
-952.75 -2658.5 356.79 0

-941.25 2658.5 356.79 0
-952.75 2658.5 356.79 0

-952.75 -2658.5 368.29 0
-952.75 2658.5 368.29 0

-941.25 -2658.5 368.29 0
-941.25 2658.5 368.29 0

-952.75 -2658.5 368.29 0
-941.25 -2658.5 368.29 0

-952.75 2658.5 368.29 0
-941.25 2658.5 368.29 0

-952.75 -2658.5 356.79 0
-952.75 2658.5 356.79 0

-952.75 -2658.5 368.29 0
-952.75 2658.5 368.29 0

-952.75 -2658.5 356.79 0
-952.75 -2658.5 368.29 0

-952.75 2658.5 356.79 0
-952.75 2658.5 368.29 0

-941.25 -2658.5 368.29 0
-941.25 2658.5 368.29 0

-941.25 -2658.5 356.79 0
-941.25 2658.5 356.79 0

-941.25 -2658.5 368.29 0
-941.25 -2658.5 356.79 0

-941.25 2658.5 368.29 0
-941.25 2658.5 356.79 0

-941.25 -2658.5 356.79 0
-952.75 -2658.5 356.79 0

-941.25 -2658.5 368.29 0
-952.75 -2658.5 368.29 0

-941.25 -2658.5 356.79 0
-941.25 -2658.5 368.29 0

-952.75 -2658.5 356.79 0
-952.75 -2658.5 368.29 0

-941.25 2658.5 368.29 0
-952.75 2658.5 368.29 0

-941.25 2658.5 356.79 0
-952.75 2658.5 356.79 0

-941.25 2658.5 368.29 0
-941.25 2658.5 356.79 0

-952.75 2658.5 368.29 0
-952.75 2658.5 356.79 0

-941.25 -2658.5 373.78 0
-941.25 0 373.78 0

-941.25 0 373.78 0
-941.25 1329.25 373.78 0
-941.25 2658.5 373.78 0

-941.25 2658.5 373.78 0

-952.75 -2658.5 373.78 0
-952.75 2658.5 373.78 0

-941.25 -2658.5 373.78 0
-952.75 -2658.5 373.78 0

-941.25 2658.5 373.78 0
-952.75 2658.5 373.78 0

-952.75 -2658.5 385.28 0
-952.75 2658.5 385.28 0

-941.25 -2658.5 385.28 0
-941.25 2658.5 385.28 0

-952.75 -2658.5 385.28 0
-941.25 -2658.5 385.28 0

-952.75 2658.5 385.28 0
-941.25 2658.5 385.28 0

-952.75 -2658.5 373.78 0
-952.75 2658.5 373.78 0

-952.75 -2658.5 385.28 0
-952.75 2658.5 385.28 0

-952.75 -2658.5 373.78 0
-952.75 -2658.5 385.28 0

-952.75 2658.5 373.78 0
-952.75 2658.5 385.28 0

-941.25 -2658.5 385.28 0
-941.25 2658.5 385.28 0

-941.25 -2658.5 373.78 0
-941.25 2658.5 373.78 0

-941.25 -2658.5 385.28 0
-941.25 -2658.5 373.78 0

-941.25 2658.5 385.28 0
-941.25 2658.5 373.78 0

-941.25 -2658.5 373.78 0
-952.75 -2658.5 373.78 0

-941.25 -2658.5 385.28 0
-952.75 -2658.5 385.28 0

-941.25 -2658.5 373.78 0
-941.25 -2658.5 385.28 0

-952.75 -2658.5 373.78 0
-952.75 -2658.5 385.28 0

-941.25 2658.5 385.28 0
-952.75 2658.5 385.28 0

-941.25 2658.5 373.78 0
-952.75 2658.5 373.78 0

-941.25 2658.5 385.28 0
-941.25 2658.5 373.78 0

-952.75 2658.5 385.28 0
-952.75 2658.5 373.78 0

-941.25 -2658.5 390.77 0
-941.25 0 390.77 0

-941.25 0 390.77 0
-941.25 1329.25 390.77 0
-941.25 2658.5 390.77 0

-941.25 2658.5 390.77 0

-952.75 -2658.5 390.77 0
-952.75 2658.5 390.77 0

-941.25 -2658.5 390.77 0
-952.75 -2658.5 390.77 0

-941.25 2658.5 390.77 0
-952.75 2658.5 390.77 0

-952.75 -2658.5 402.27 0
-952.75 2658.5 402.27 0

-941.25 -2658.5 402.27 0
-941.25 2658.5 402.27 0

-952.75 -2658.5 402.27 0
-941.25 -2658.5 402.27 0

-952.75 2658.5 402.27 0
-941.25 2658.5 402.27 0

-952.75 -2658.5 390.77 0
-952.75 2658.5 390.77 0

-952.75 -2658.5 402.27 0
-952.75 2658.5 402.27 0

-952.75 -2658.5 390.77 0
-952.75 -2658.5 402.27 0

-952.75 2658.5 390.77 0
-952.75 2658.5 402.27 0

-941.25 -2658.5 402.27 0
-941.25 2658.5 402.27 0

-941.25 -2658.5 390.77 0
-941.25 2658.5 390.77 0

-941.25 -2658.5 402.27 0
-941.25 -2658.5 390.77 0

-941.25 2658.5 402.27 0
-941.25 2658.5 390.77 0

-941.25 -2658.5 390.77 0
-952.75 -2658.5 390.77 0

-941.25 -2658.5 402.27 0
-952.75 -2658.5 402.27 0

-941.25 -2658.5 390.77 0
-941.25 -2658.5 402.27 0

-952.75 -2658.5 390.77 0
-952.75 -2658.5 402.27 0

-941.25 2658.5 402.27 0
-952.75 2658.5 402.27 0

-941.25 2658.5 390.77 0
-952.75 2658.5 390.77 0

-941.25 2658.5 402.27 0
-941.25 2658.5 390.77 0

-952.75 2658.5 402.27 0
-952.75 2658.5 390.77 0

-941.25 -2658.5 407.76 0
-941.25 0 407.76 0

-941.25 0 407.76 0
-941.25 1329.25 407.76 0
-941.25 2658.5 407.76 0

-941.25 2658.5 407.76 0

-952.75 -2658.5 407.76 0
-952.75 2658.5 407.76 0

-941.25 -2658.5 407.76 0
-952.75 -2658.5 407.76 0

-941.25 2658.5 407.76 0
-952.75 2658.5 407.76 0

-952.75 -2658.5 419.26 0
-952.75 2658.5 419.26 0

-941.25 -2658.5 419.26 0
-941.25 2658.5 419.26 0

-952.75 -2658.5 419.26 0
-941.25 -2658.5 419.26 0

-952.75 2658.5 419.26 0
-941.25 2658.5 419.26 0

-952.75 -2658.5 407.76 0
-952.75 2658.5 407.76 0

-952.75 -2658.5 419.26 0
-952.75 2658.5 419.26 0

-952.75 -2658.5 407.76 0
-952.75 -2658.5 419.26 0

-952.75 2658.5 407.76 0
-952.75 2658.5 419.26 0

-941.25 -2658.5 419.26 0
-941.25 2658.5 419.26 0

-941.25 -2658.5 407.76 0
-941.25 2658.5 407.76 0

-941.25 -2658.5 419.26 0
-941.25 -2658.5 407.76 0

-941.25 2658.5 419.26 0
-941.25 2658.5 407.76 0

-941.25 -2658.5 407.76 0
-952.75 -2658.5 407.76 0

-941.25 -2658.5 419.26 0
-952.75 -2658.5 419.26 0

-941.25 -2658.5 407.76 0
-941.25 -2658.5 419.26 0

-952.75 -2658.5 407.76 0
-952.75 -2658.5 419.26 0

-941.25 2658.5 419.26 0
-952.75 2658.5 419.26 0

-941.25 2658.5 407.76 0
-952.75 2658.5 407.76 0

-941.25 2658.5 419.26 0
-941.25 2658.5 407.76 0

-952.75 2658.5 419.26 0
-952.75 2658.5 407.76 0

-941.25 -2658.5 424.75 0
-941.25 0 424.75 0

-941.25 0 424.75 0
-941.25 1329.25 424.75 0
-941.25 2658.5 424.75 0

-941.25 2658.5 424.75 0

-952.75 -2658.5 424.75 0
-952.75 2658.5 424.75 0

-941.25 -2658.5 424.75 0
-952.75 -2658.5 424.75 0

-941.25 2658.5 424.75 0
-952.75 2658.5 424.75 0

-952.75 -2658.5 436.25 0
-952.75 2658.5 436.25 0

-941.25 -2658.5 436.25 0
-941.25 2658.5 436.25 0

-952.75 -2658.5 436.25 0
-941.25 -2658.5 436.25 0

-952.75 2658.5 436.25 0
-941.25 2658.5 436.25 0

-952.75 -2658.5 424.75 0
-952.75 2658.5 424.75 0

-952.75 -2658.5 436.25 0
-952.75 2658.5 436.25 0

-952.75 -2658.5 424.75 0
-952.75 -2658.5 436.25 0

-952.75 2658.5 424.75 0
-952.75 2658.5 436.25 0

-941.25 -2658.5 436.25 0
-941.25 2658.5 436.25 0

-941.25 -2658.5 424.75 0
-941.25 2658.5 424.75 0

-941.25 -2658.5 436.25 0
-941.25 -2658.5 424.75 0

-941.25 2658.5 436.25 0
-941.25 2658.5 424.75 0

-941.25 -2658.5 424.75 0
-952.75 -2658.5 424.75 0

-941.25 -2658.5 436.25 0
-952.75 -2658.5 436.25 0

-941.25 -2658.5 424.75 0
-941.25 -2658.5 436.25 0

-952.75 -2658.5 424.75 0
-952.75 -2658.5 436.25 0

-941.25 2658.5 436.25 0
-952.75 2658.5 436.25 0

-941.25 2658.5 424.75 0
-952.75 2658.5 424.75 0

-941.25 2658.5 436.25 0
-941.25 2658.5 424.75 0

-952.75 2658.5 436.25 0
-952.75 2658.5 424.75 0

-941.25 -2658.5 441.74 0
-941.25 0 441.74 0

-941.25 0 441.74 0
-941.25 1329.25 441.74 0
-941.25 2658.5 441.74 0

-941.25 2658.5 441.74 0

-952.75 -2658.5 441.74 0
-952.75 2658.5 441.74 0

-941.25 -2658.5 441.74 0
-952.75 -2658.5 441.74 0

-941.25 2658.5 441.74 0
-952.75 2658.5 441.74 0

-952.75 -2658.5 453.24 0
-952.75 2658.5 453.24 0

-941.25 -2658.5 453.24 0
-941.25 2658.5 453.24 0

-952.75 -2658.5 453.24 0
-941.25 -2658.5 453.24 0

-952.75 2658.5 453.24 0
-941.25 2658.5 453.24 0

-952.75 -2658.5 441.74 0
-952.75 2658.5 441.74 0

-952.75 -2658.5 453.24 0
-952.75 2658.5 453.24 0

-952.75 -2658.5 441.74 0
-952.75 -2658.5 453.24 0

-952.75 2658.5 441.74 0
-952.75 2658.5 453.24 0

-941.25 -2658.5 453.24 0
-941.25 2658.5 453.24 0

-941.25 -2658.5 441.74 0
-941.25 2658.5 441.74 0

-941.25 -2658.5 453.24 0
-941.25 -2658.5 441.74 0

-941.25 2658.5 453.24 0
-941.25 2658.5 441.74 0

-941.25 -2658.5 441.74 0
-952.75 -2658.5 441.74 0

-941.25 -2658.5 453.24 0
-952.75 -2658.5 453.24 0

-941.25 -2658.5 441.74 0
-941.25 -2658.5 453.24 0

-952.75 -2658.5 441.74 0
-952.75 -2658.5 453.24 0

-941.25 2658.5 453.24 0
-952.75 2658.5 453.24 0

-941.25 2658.5 441.74 0
-952.75 2658.5 441.74 0

-941.25 2658.5 453.24 0
-941.25 2658.5 441.74 0

-952.75 2658.5 453.24 0
-952.75 2658.5 441.74 0

-941.25 -2658.5 458.73 0
-941.25 0 458.73 0

-941.25 0 458.73 0
-941.25 1329.25 458.73 0
-941.25 2658.5 458.73 0

-941.25 2658.5 458.73 0

-952.75 -2658.5 458.73 0
-952.75 2658.5 458.73 0

-941.25 -2658.5 458.73 0
-952.75 -2658.5 458.73 0

-941.25 2658.5 458.73 0
-952.75 2658.5 458.73 0

-952.75 -2658.5 470.23 0
-952.75 2658.5 470.23 0

-941.25 -2658.5 470.23 0
-941.25 2658.5 470.23 0

-952.75 -2658.5 470.23 0
-941.25 -2658.5 470.23 0

-952.75 2658.5 470.23 0
-941.25 2658.5 470.23 0

-952.75 -2658.5 458.73 0
-952.75 2658.5 458.73 0

-952.75 -2658.5 470.23 0
-952.75 2658.5 470.23 0

-952.75 -2658.5 458.73 0
-952.75 -2658.5 470.23 0

-952.75 2658.5 458.73 0
-952.75 2658.5 470.23 0

-941.25 -2658.5 470.23 0
-941.25 2658.5 470.23 0

-941.25 -2658.5 458.73 0
-941.25 2658.5 458.73 0

-941.25 -2658.5 470.23 0
-941.25 -2658.5 458.73 0

-941.25 2658.5 470.23 0
-941.25 2658.5 458.73 0

-941.25 -2658.5 458.73 0
-952.75 -2658.5 458.73 0

-941.25 -2658.5 470.23 0
-952.75 -2658.5 470.23 0

-941.25 -2658.5 458.73 0
-941.25 -2658.5 470.23 0

-952.75 -2658.5 458.73 0
-952.75 -2658.5 470.23 0

-941.25 2658.5 470.23 0
-952.75 2658.5 470.23 0

-941.25 2658.5 458.73 0
-952.75 2658.5 458.73 0

-941.25 2658.5 470.23 0
-941.25 2658.5 458.73 0

-952.75 2658.5 470.23 0
-952.75 2658.5 458.73 0

-941.25 -2658.5 475.72 0
-941.25 0 475.72 0

-941.25 0 475.72 0
-941.25 1329.25 475.72 0
-941.25 2658.5 475.72 0

-941.25 2658.5 475.72 0

-952.75 -2658.5 475.72 0
-952.75 2658.5 475.72 0

-941.25 -2658.5 475.72 0
-952.75 -2658.5 475.72 0

-941.25 2658.5 475.72 0
-952.75 2658.5 475.72 0

-952.75 -2658.5 487.22 0
-952.75 2658.5 487.22 0

-941.25 -2658.5 487.22 0
-941.25 2658.5 487.22 0

-952.75 -2658.5 487.22 0
-941.25 -2658.5 487.22 0

-952.75 2658.5 487.22 0
-941.25 2658.5 487.22 0

-952.75 -2658.5 475.72 0
-952.75 2658.5 475.72 0

-952.75 -2658.5 487.22 0
-952.75 2658.5 487.22 0

-952.75 -2658.5 475.72 0
-952.75 -2658.5 487.22 0

-952.75 2658.5 475.72 0
-952.75 2658.5 487.22 0

-941.25 -2658.5 487.22 0
-941.25 2658.5 487.22 0

-941.25 -2658.5 475.72 0
-941.25 2658.5 475.72 0

-941.25 -2658.5 487.22 0
-941.25 -2658.5 475.72 0

-941.25 2658.5 487.22 0
-941.25 2658.5 475.72 0

-941.25 -2658.5 475.72 0
-952.75 -2658.5 475.72 0

-941.25 -2658.5 487.22 0
-952.75 -2658.5 487.22 0

-941.25 -2658.5 475.72 0
-941.25 -2658.5 487.22 0

-952.75 -2658.5 475.72 0
-952.75 -2658.5 487.22 0

-941.25 2658.5 487.22 0
-952.75 2658.5 487.22 0

-941.25 2658.5 475.72 0
-952.75 2658.5 475.72 0

-941.25 2658.5 487.22 0
-941.25 2658.5 475.72 0

-952.75 2658.5 487.22 0
-952.75 2658.5 475.72 0

-941.25 -2658.5 492.71 0
-941.25 0 492.71 0

-941.25 0 492.71 0
-941.25 1329.25 492.71 0
-941.25 2658.5 492.71 0

-941.25 2658.5 492.71 0

-952.75 -2658.5 492.71 0
-952.75 2658.5 492.71 0

-941.25 -2658.5 492.71 0
-952.75 -2658.5 492.71 0

-941.25 2658.5 492.71 0
-952.75 2658.5 492.71 0

-952.75 -2658.5 504.21 0
-952.75 2658.5 504.21 0

-941.25 -2658.5 504.21 0
-941.25 2658.5 504.21 0

-952.75 -2658.5 504.21 0
-941.25 -2658.5 504.21 0

-952.75 2658.5 504.21 0
-941.25 2658.5 504.21 0

-952.75 -2658.5 492.71 0
-952.75 2658.5 492.71 0

-952.75 -2658.5 504.21 0
-952.75 2658.5 504.21 0

-952.75 -2658.5 492.71 0
-952.75 -2658.5 504.21 0

-952.75 2658.5 492.71 0
-952.75 2658.5 504.21 0

-941.25 -2658.5 504.21 0
-941.25 2658.5 504.21 0

-941.25 -2658.5 492.71 0
-941.25 2658.5 492.71 0

-941.25 -2658.5 504.21 0
-941.25 -2658.5 492.71 0

-941.25 2658.5 504.21 0
-941.25 2658.5 492.71 0

-941.25 -2658.5 492.71 0
-952.75 -2658.5 492.71 0

-941.25 -2658.5 504.21 0
-952.75 -2658.5 504.21 0

-941.25 -2658.5 492.71 0
-941.25 -2658.5 504.21 0

-952.75 -2658.5 492.71 0
-952.75 -2658.5 504.21 0

-941.25 2658.5 504.21 0
-952.75 2658.5 504.21 0

-941.25 2658.5 492.71 0
-952.75 2658.5 492.71 0

-941.25 2658.5 504.21 0
-941.25 2658.5 492.71 0

-952.75 2658.5 504.21 0
-952.75 2658.5 492.71 0

-941.25 -2658.5 509.7 0
-941.25 0 509.7 0

-941.25 0 509.7 0
-941.25 1329.25 509.7 0
-941.25 2658.5 509.7 0

-941.25 2658.5 509.7 0

-952.75 -2658.5 509.7 0
-952.75 2658.5 509.7 0

-941.25 -2658.5 509.7 0
-952.75 -2658.5 509.7 0

-941.25 2658.5 509.7 0
-952.75 2658.5 509.7 0

-952.75 -2658.5 521.2 0
-952.75 2658.5 521.2 0

-941.25 -2658.5 521.2 0
-941.25 2658.5 521.2 0

-952.75 -2658.5 521.2 0
-941.25 -2658.5 521.2 0

-952.75 2658.5 521.2 0
-941.25 2658.5 521.2 0

-952.75 -2658.5 509.7 0
-952.75 2658.5 509.7 0

-952.75 -2658.5 521.2 0
-952.75 2658.5 521.2 0

-952.75 -2658.5 509.7 0
-952.75 -2658.5 521.2 0

-952.75 2658.5 509.7 0
-952.75 2658.5 521.2 0

-941.25 -2658.5 521.2 0
-941.25 2658.5 521.2 0

-941.25 -2658.5 509.7 0
-941.25 2658.5 509.7 0

-941.25 -2658.5 521.2 0
-941.25 -2658.5 509.7 0

-941.25 2658.5 521.2 0
-941.25 2658.5 509.7 0

-941.25 -2658.5 509.7 0
-952.75 -2658.5 509.7 0

-941.25 -2658.5 521.2 0
-952.75 -2658.5 521.2 0

-941.25 -2658.5 509.7 0
-941.25 -2658.5 521.2 0

-952.75 -2658.5 509.7 0
-952.75 -2658.5 521.2 0

-941.25 2658.5 521.2 0
-952.75 2658.5 521.2 0

-941.25 2658.5 509.7 0
-952.75 2658.5 509.7 0

-941.25 2658.5 521.2 0
-941.25 2658.5 509.7 0

-952.75 2658.5 521.2 0
-952.75 2658.5 509.7 0

-941.25 -2658.5 526.69 0
-941.25 0 526.69 0

-941.25 0 526.69 0
-941.25 1329.25 526.69 0
-941.25 2658.5 526.69 0

-941.25 2658.5 526.69 0

-952.75 -2658.5 526.69 0
-952.75 2658.5 526.69 0

-941.25 -2658.5 526.69 0
-952.75 -2658.5 526.69 0

-941.25 2658.5 526.69 0
-952.75 2658.5 526.69 0

-952.75 -2658.5 538.19 0
-952.75 2658.5 538.19 0

-941.25 -2658.5 538.19 0
-941.25 2658.5 538.19 0

-952.75 -2658.5 538.19 0
-941.25 -2658.5 538.19 0

-952.75 2658.5 538.19 0
-941.25 2658.5 538.19 0

-952.75 -2658.5 526.69 0
-952.75 2658.5 526.69 0

-952.75 -2658.5 538.19 0
-952.75 2658.5 538.19 0

-952.75 -2658.5 526.69 0
-952.75 -2658.5 538.19 0

-952.75 2658.5 526.69 0
-952.75 2658.5 538.19 0

-941.25 -2658.5 538.19 0
-941.25 2658.5 538.19 0

-941.25 -2658.5 526.69 0
-941.25 2658.5 526.69 0

-941.25 -2658.5 538.19 0
-941.25 -2658.5 526.69 0

-941.25 2658.5 538.19 0
-941.25 2658.5 526.69 0

-941.25 -2658.5 526.69 0
-952.75 -2658.5 526.69 0

-941.25 -2658.5 538.19 0
-952.75 -2658.5 538.19 0

-941.25 -2658.5 526.69 0
-941.25 -2658.5 538.19 0

-952.75 -2658.5 526.69 0
-952.75 -2658.5 538.19 0

-941.25 2658.5 538.19 0
-952.75 2658.5 538.19 0

-941.25 2658.5 526.69 0
-952.75 2658.5 526.69 0

-941.25 2658.5 538.19 0
-941.25 2658.5 526.69 0

-952.75 2658.5 538.19 0
-952.75 2658.5 526.69 0

-941.25 -2658.5 543.68 0
-941.25 0 543.68 0

-941.25 0 543.68 0
-941.25 1329.25 543.68 0
-941.25 2658.5 543.68 0

-941.25 2658.5 543.68 0

-952.75 -2658.5 543.68 0
-952.75 2658.5 543.68 0

-941.25 -2658.5 543.68 0
-952.75 -2658.5 543.68 0

-941.25 2658.5 543.68 0
-952.75 2658.5 543.68 0

-952.75 -2658.5 555.18 0
-952.75 2658.5 555.18 0

-941.25 -2658.5 555.18 0
-941.25 2658.5 555.18 0

-952.75 -2658.5 555.18 0
-941.25 -2658.5 555.18 0

-952.75 2658.5 555.18 0
-941.25 2658.5 555.18 0

-952.75 -2658.5 543.68 0
-952.75 2658.5 543.68 0

-952.75 -2658.5 555.18 0
-952.75 2658.5 555.18 0

-952.75 -2658.5 543.68 0
-952.75 -2658.5 555.18 0

-952.75 2658.5 543.68 0
-952.75 2658.5 555.18 0

-941.25 -2658.5 555.18 0
-941.25 2658.5 555.18 0

-941.25 -2658.5 543.68 0
-941.25 2658.5 543.68 0

-941.25 -2658.5 555.18 0
-941.25 -2658.5 543.68 0

-941.25 2658.5 555.18 0
-941.25 2658.5 543.68 0

-941.25 -2658.5 543.68 0
-952.75 -2658.5 543.68 0

-941.25 -2658.5 555.18 0
-952.75 -2658.5 555.18 0

-941.25 -2658.5 543.68 0
-941.25 -2658.5 555.18 0

-952.75 -2658.5 543.68 0
-952.75 -2658.5 555.18 0

-941.25 2658.5 555.18 0
-952.75 2658.5 555.18 0

-941.25 2658.5 543.68 0
-952.75 2658.5 543.68 0

-941.25 2658.5 555.18 0
-941.25 2658.5 543.68 0

-952.75 2658.5 555.18 0
-952.75 2658.5 543.68 0

-941.25 -2658.5 560.67 0
-941.25 0 560.67 0

-941.25 0 560.67 0
-941.25 1329.25 560.67 0
-941.25 2658.5 560.67 0

-941.25 2658.5 560.67 0

-952.75 -2658.5 560.67 0
-952.75 2658.5 560.67 0

-941.25 -2658.5 560.67 0
-952.75 -2658.5 560.67 0

-941.25 2658.5 560.67 0
-952.75 2658.5 560.67 0

-952.75 -2658.5 572.17 0
-952.75 2658.5 572.17 0

-941.25 -2658.5 572.17 0
-941.25 2658.5 572.17 0

-952.75 -2658.5 572.17 0
-941.25 -2658.5 572.17 0

-952.75 2658.5 572.17 0
-941.25 2658.5 572.17 0

-952.75 -2658.5 560.67 0
-952.75 2658.5 560.67 0

-952.75 -2658.5 572.17 0
-952.75 2658.5 572.17 0

-952.75 -2658.5 560.67 0
-952.75 -2658.5 572.17 0

-952.75 2658.5 560.67 0
-952.75 2658.5 572.17 0

-941.25 -2658.5 572.17 0
-941.25 2658.5 572.17 0

-941.25 -2658.5 560.67 0
-941.25 2658.5 560.67 0

-941.25 -2658.5 572.17 0
-941.25 -2658.5 560.67 0

-941.25 2658.5 572.17 0
-941.25 2658.5 560.67 0

-941.25 -2658.5 560.67 0
-952.75 -2658.5 560.67 0

-941.25 -2658.5 572.17 0
-952.75 -2658.5 572.17 0

-941.25 -2658.5 560.67 0
-941.25 -2658.5 572.17 0

-952.75 -2658.5 560.67 0
-952.75 -2658.5 572.17 0

-941.25 2658.5 572.17 0
-952.75 2658.5 572.17 0

-941.25 2658.5 560.67 0
-952.75 2658.5 560.67 0

-941.25 2658.5 572.17 0
-941.25 2658.5 560.67 0

-952.75 2658.5 572.17 0
-952.75 2658.5 560.67 0

-941.25 -2658.5 577.66 0
-941.25 0 577.66 0

-941.25 0 577.66 0
-941.25 1329.25 577.66 0
-941.25 2658.5 577.66 0

-941.25 2658.5 577.66 0

-952.75 -2658.5 577.66 0
-952.75 2658.5 577.66 0

-941.25 -2658.5 577.66 0
-952.75 -2658.5 577.66 0

-941.25 2658.5 577.66 0
-952.75 2658.5 577.66 0

-952.75 -2658.5 589.16 0
-952.75 2658.5 589.16 0

-941.25 -2658.5 589.16 0
-941.25 2658.5 589.16 0

-952.75 -2658.5 589.16 0
-941.25 -2658.5 589.16 0

-952.75 2658.5 589.16 0
-941.25 2658.5 589.16 0

-952.75 -2658.5 577.66 0
-952.75 2658.5 577.66 0

-952.75 -2658.5 589.16 0
-952.75 2658.5 589.16 0

-952.75 -2658.5 577.66 0
-952.75 -2658.5 589.16 0

-952.75 2658.5 577.66 0
-952.75 2658.5 589.16 0

-941.25 -2658.5 589.16 0
-941.25 2658.5 589.16 0

-941.25 -2658.5 577.66 0
-941.25 2658.5 577.66 0

-941.25 -2658.5 589.16 0
-941.25 -2658.5 577.66 0

-941.25 2658.5 589.16 0
-941.25 2658.5 577.66 0

-941.25 -2658.5 577.66 0
-952.75 -2658.5 577.66 0

-941.25 -2658.5 589.16 0
-952.75 -2658.5 589.16 0

-941.25 -2658.5 577.66 0
-941.25 -2658.5 589.16 0

-952.75 -2658.5 577.66 0
-952.75 -2658.5 589.16 0

-941.25 2658.5 589.16 0
-952.75 2658.5 589.16 0

-941.25 2658.5 577.66 0
-952.75 2658.5 577.66 0

-941.25 2658.5 589.16 0
-941.25 2658.5 577.66 0

-952.75 2658.5 589.16 0
-952.75 2658.5 577.66 0

-941.25 -2658.5 594.65 0
-941.25 0 594.65 0

-941.25 0 594.65 0
-941.25 1329.25 594.65 0
-941.25 2658.5 594.65 0

-941.25 2658.5 594.65 0

-952.75 -2658.5 594.65 0
-952.75 2658.5 594.65 0

-941.25 -2658.5 594.65 0
-952.75 -2658.5 594.65 0

-941.25 2658.5 594.65 0
-952.75 2658.5 594.65 0

-952.75 -2658.5 606.15 0
-952.75 2658.5 606.15 0

-941.25 -2658.5 606.15 0
-941.25 2658.5 606.15 0

-952.75 -2658.5 606.15 0
-941.25 -2658.5 606.15 0

-952.75 2658.5 606.15 0
-941.25 2658.5 606.15 0

-952.75 -2658.5 594.65 0
-952.75 2658.5 594.65 0

-952.75 -2658.5 606.15 0
-952.75 2658.5 606.15 0

-952.75 -2658.5 594.65 0
-952.75 -2658.5 606.15 0

-952.75 2658.5 594.65 0
-952.75 2658.5 606.15 0

-941.25 -2658.5 606.15 0
-941.25 2658.5 606.15 0

-941.25 -2658.5 594.65 0
-941.25 2658.5 594.65 0

-941.25 -2658.5 606.15 0
-941.25 -2658.5 594.65 0

-941.25 2658.5 606.15 0
-941.25 2658.5 594.65 0

-941.25 -2658.5 594.65 0
-952.75 -2658.5 594.65 0

-941.25 -2658.5 606.15 0
-952.75 -2658.5 606.15 0

-941.25 -2658.5 594.65 0
-941.25 -2658.5 606.15 0

-952.75 -2658.5 594.65 0
-952.75 -2658.5 606.15 0

-941.25 2658.5 606.15 0
-952.75 2658.5 606.15 0

-941.25 2658.5 594.65 0
-952.75 2658.5 594.65 0

-941.25 2658.5 606.15 0
-941.25 2658.5 594.65 0

-952.75 2658.5 606.15 0
-952.75 2658.5 594.65 0

-941.25 -2658.5 611.64 0
-941.25 0 611.64 0

-941.25 0 611.64 0
-941.25 1329.25 611.64 0
-941.25 2658.5 611.64 0

-941.25 2658.5 611.64 0

-952.75 -2658.5 611.64 0
-952.75 2658.5 611.64 0

-941.25 -2658.5 611.64 0
-952.75 -2658.5 611.64 0

-941.25 2658.5 611.64 0
-952.75 2658.5 611.64 0

-952.75 -2658.5 623.14 0
-952.75 2658.5 623.14 0

-941.25 -2658.5 623.14 0
-941.25 2658.5 623.14 0

-952.75 -2658.5 623.14 0
-941.25 -2658.5 623.14 0

-952.75 2658.5 623.14 0
-941.25 2658.5 623.14 0

-952.75 -2658.5 611.64 0
-952.75 2658.5 611.64 0

-952.75 -2658.5 623.14 0
-952.75 2658.5 623.14 0

-952.75 -2658.5 611.64 0
-952.75 -2658.5 623.14 0

-952.75 2658.5 611.64 0
-952.75 2658.5 623.14 0

-941.25 -2658.5 623.14 0
-941.25 2658.5 623.14 0

-941.25 -2658.5 611.64 0
-941.25 2658.5 611.64 0

-941.25 -2658.5 623.14 0
-941.25 -2658.5 611.64 0

-941.25 2658.5 623.14 0
-941.25 2658.5 611.64 0

-941.25 -2658.5 611.64 0
-952.75 -2658.5 611.64 0

-941.25 -2658.5 623.14 0
-952.75 -2658.5 623.14 0

-941.25 -2658.5 611.64 0
-941.25 -2658.5 623.14 0

-952.75 -2658.5 611.64 0
-952.75 -2658.5 623.14 0

-941.25 2658.5 623.14 0
-952.75 2658.5 623.14 0

-941.25 2658.5 611.64 0
-952.75 2658.5 611.64 0

-941.25 2658.5 623.14 0
-941.25 2658.5 611.64 0

-952.75 2658.5 623.14 0
-952.75 2658.5 611.64 0

-941.25 -2658.5 628.63 0
-941.25 0 628.63 0

-941.25 0 628.63 0
-941.25 1329.25 628.63 0
-941.25 2658.5 628.63 0

-941.25 2658.5 628.63 0

-952.75 -2658.5 628.63 0
-952.75 2658.5 628.63 0

-941.25 -2658.5 628.63 0
-952.75 -2658.5 628.63 0

-941.25 2658.5 628.63 0
-952.75 2658.5 628.63 0

-952.75 -2658.5 640.13 0
-952.75 2658.5 640.13 0

-941.25 -2658.5 640.13 0
-941.25 2658.5 640.13 0

-952.75 -2658.5 640.13 0
-941.25 -2658.5 640.13 0

-952.75 2658.5 640.13 0
-941.25 2658.5 640.13 0

-952.75 -2658.5 628.63 0
-952.75 2658.5 628.63 0

-952.75 -2658.5 640.13 0
-952.75 2658.5 640.13 0

-952.75 -2658.5 628.63 0
-952.75 -2658.5 640.13 0

-952.75 2658.5 628.63 0
-952.75 2658.5 640.13 0

-941.25 -2658.5 640.13 0
-941.25 2658.5 640.13 0

-941.25 -2658.5 628.63 0
-941.25 2658.5 628.63 0

-941.25 -2658.5 640.13 0
-941.25 -2658.5 628.63 0

-941.25 2658.5 640.13 0
-941.25 2658.5 628.63 0

-941.25 -2658.5 628.63 0
-952.75 -2658.5 628.63 0

-941.25 -2658.5 640.13 0
-952.75 -2658.5 640.13 0

-941.25 -2658.5 628.63 0
-941.25 -2658.5 640.13 0

-952.75 -2658.5 628.63 0
-952.75 -2658.5 640.13 0

-941.25 2658.5 640.13 0
-952.75 2658.5 640.13 0

-941.25 2658.5 628.63 0
-952.75 2658.5 628.63 0

-941.25 2658.5 640.13 0
-941.25 2658.5 628.63 0

-952.75 2658.5 640.13 0
-952.75 2658.5 628.63 0

-941.25 -2658.5 645.62 0
-941.25 0 645.62 0

-941.25 0 645.62 0
-941.25 1329.25 645.62 0
-941.25 2658.5 645.62 0

-941.25 2658.5 645.62 0

-952.75 -2658.5 645.62 0
-952.75 2658.5 645.62 0

-941.25 -2658.5 645.62 0
-952.75 -2658.5 645.62 0

-941.25 2658.5 645.62 0
-952.75 2658.5 645.62 0

-952.75 -2658.5 657.12 0
-952.75 2658.5 657.12 0

-941.25 -2658.5 657.12 0
-941.25 2658.5 657.12 0

-952.75 -2658.5 657.12 0
-941.25 -2658.5 657.12 0

-952.75 2658.5 657.12 0
-941.25 2658.5 657.12 0

-952.75 -2658.5 645.62 0
-952.75 2658.5 645.62 0

-952.75 -2658.5 657.12 0
-952.75 2658.5 657.12 0

-952.75 -2658.5 645.62 0
-952.75 -2658.5 657.12 0

-952.75 2658.5 645.62 0
-952.75 2658.5 657.12 0

-941.25 -2658.5 657.12 0
-941.25 2658.5 657.12 0

-941.25 -2658.5 645.62 0
-941.25 2658.5 645.62 0

-941.25 -2658.5 657.12 0
-941.25 -2658.5 645.62 0

-941.25 2658.5 657.12 0
-941.25 2658.5 645.62 0

-941.25 -2658.5 645.62 0
-952.75 -2658.5 645.62 0

-941.25 -2658.5 657.12 0
-952.75 -2658.5 657.12 0

-941.25 -2658.5 645.62 0
-941.25 -2658.5 657.12 0

-952.75 -2658.5 645.62 0
-952.75 -2658.5 657.12 0

-941.25 2658.5 657.12 0
-952.75 2658.5 657.12 0

-941.25 2658.5 645.62 0
-952.75 2658.5 645.62 0

-941.25 2658.5 657.12 0
-941.25 2658.5 645.62 0

-952.75 2658.5 657.12 0
-952.75 2658.5 645.62 0

-941.25 -2658.5 662.61 0
-941.25 0 662.61 0

-941.25 0 662.61 0
-941.25 1329.25 662.61 0
-941.25 2658.5 662.61 0

-941.25 2658.5 662.61 0

-952.75 -2658.5 662.61 0
-952.75 2658.5 662.61 0

-941.25 -2658.5 662.61 0
-952.75 -2658.5 662.61 0

-941.25 2658.5 662.61 0
-952.75 2658.5 662.61 0

-952.75 -2658.5 674.11 0
-952.75 2658.5 674.11 0

-941.25 -2658.5 674.11 0
-941.25 2658.5 674.11 0

-952.75 -2658.5 674.11 0
-941.25 -2658.5 674.11 0

-952.75 2658.5 674.11 0
-941.25 2658.5 674.11 0

-952.75 -2658.5 662.61 0
-952.75 2658.5 662.61 0

-952.75 -2658.5 674.11 0
-952.75 2658.5 674.11 0

-952.75 -2658.5 662.61 0
-952.75 -2658.5 674.11 0

-952.75 2658.5 662.61 0
-952.75 2658.5 674.11 0

-941.25 -2658.5 674.11 0
-941.25 2658.5 674.11 0

-941.25 -2658.5 662.61 0
-941.25 2658.5 662.61 0

-941.25 -2658.5 674.11 0
-941.25 -2658.5 662.61 0

-941.25 2658.5 674.11 0
-941.25 2658.5 662.61 0

-941.25 -2658.5 662.61 0
-952.75 -2658.5 662.61 0

-941.25 -2658.5 674.11 0
-952.75 -2658.5 674.11 0

-941.25 -2658.5 662.61 0
-941.25 -2658.5 674.11 0

-952.75 -2658.5 662.61 0
-952.75 -2658.5 674.11 0

-941.25 2658.5 674.11 0
-952.75 2658.5 674.11 0

-941.25 2658.5 662.61 0
-952.75 2658.5 662.61 0

-941.25 2658.5 674.11 0
-941.25 2658.5 662.61 0

-952.75 2658.5 674.11 0
-952.75 2658.5 662.61 0

-941.25 -2658.5 679.6 0
-941.25 0 679.6 0

-941.25 0 679.6 0
-941.25 1329.25 679.6 0
-941.25 2658.5 679.6 0

-941.25 2658.5 679.6 0

-952.75 -2658.5 679.6 0
-952.75 2658.5 679.6 0

-941.25 -2658.5 679.6 0
-952.75 -2658.5 679.6 0

-941.25 2658.5 679.6 0
-952.75 2658.5 679.6 0

-952.75 -2658.5 691.1 0
-952.75 2658.5 691.1 0

-941.25 -2658.5 691.1 0
-941.25 2658.5 691.1 0

-952.75 -2658.5 691.1 0
-941.25 -2658.5 691.1 0

-952.75 2658.5 691.1 0
-941.25 2658.5 691.1 0

-952.75 -2658.5 679.6 0
-952.75 2658.5 679.6 0

-952.75 -2658.5 691.1 0
-952.75 2658.5 691.1 0

-952.75 -2658.5 679.6 0
-952.75 -2658.5 691.1 0

-952.75 2658.5 679.6 0
-952.75 2658.5 691.1 0

-941.25 -2658.5 691.1 0
-941.25 2658.5 691.1 0

-941.25 -2658.5 679.6 0
-941.25 2658.5 679.6 0

-941.25 -2658.5 691.1 0
-941.25 -2658.5 679.6 0

-941.25 2658.5 691.1 0
-941.25 2658.5 679.6 0

-941.25 -2658.5 679.6 0
-952.75 -2658.5 679.6 0

-941.25 -2658.5 691.1 0
-952.75 -2658.5 691.1 0

-941.25 -2658.5 679.6 0
-941.25 -2658.5 691.1 0

-952.75 -2658.5 679.6 0
-952.75 -2658.5 691.1 0

-941.25 2658.5 691.1 0
-952.75 2658.5 691.1 0

-941.25 2658.5 679.6 0
-952.75 2658.5 679.6 0

-941.25 2658.5 691.1 0
-941.25 2658.5 679.6 0

-952.75 2658.5 691.1 0
-952.75 2658.5 679.6 0

-941.25 -2658.5 696.59 0
-941.25 0 696.59 0

-941.25 0 696.59 0
-941.25 1329.25 696.59 0
-941.25 2658.5 696.59 0

-941.25 2658.5 696.59 0

-952.75 -2658.5 696.59 0
-952.75 2658.5 696.59 0

-941.25 -2658.5 696.59 0
-952.75 -2658.5 696.59 0

-941.25 2658.5 696.59 0
-952.75 2658.5 696.59 0

-952.75 -2658.5 708.09 0
-952.75 2658.5 708.09 0

-941.25 -2658.5 708.09 0
-941.25 2658.5 708.09 0

-952.75 -2658.5 708.09 0
-941.25 -2658.5 708.09 0

-952.75 2658.5 708.09 0
-941.25 2658.5 708.09 0

-952.75 -2658.5 696.59 0
-952.75 2658.5 696.59 0

-952.75 -2658.5 708.09 0
-952.75 2658.5 708.09 0

-952.75 -2658.5 696.59 0
-952.75 -2658.5 708.09 0

-952.75 2658.5 696.59 0
-952.75 2658.5 708.09 0

-941.25 -2658.5 708.09 0
-941.25 2658.5 708.09 0

-941.25 -2658.5 696.59 0
-941.25 2658.5 696.59 0

-941.25 -2658.5 708.09 0
-941.25 -2658.5 696.59 0

-941.25 2658.5 708.09 0
-941.25 2658.5 696.59 0

-941.25 -2658.5 696.59 0
-952.75 -2658.5 696.59 0

-941.25 -2658.5 708.09 0
-952.75 -2658.5 708.09 0

-941.25 -2658.5 696.59 0
-941.25 -2658.5 708.09 0

-952.75 -2658.5 696.59 0
-952.75 -2658.5 708.09 0

-941.25 2658.5 708.09 0
-952.75 2658.5 708.09 0

-941.25 2658.5 696.59 0
-952.75 2658.5 696.59 0

-941.25 2658.5 708.09 0
-941.25 2658.5 696.59 0

-952.75 2658.5 708.09 0
-952.75 2658.5 696.59 0

-941.25 -2658.5 713.58 0
-941.25 0 713.58 0

-941.25 0 713.58 0
-941.25 1329.25 713.58 0
-941.25 2658.5 713.58 0

-941.25 2658.5 713.58 0

-952.75 -2658.5 713.58 0
-952.75 2658.5 713.58 0

-941.25 -2658.5 713.58 0
-952.75 -2658.5 713.58 0

-941.25 2658.5 713.58 0
-952.75 2658.5 713.58 0

-952.75 -2658.5 725.08 0
-952.75 2658.5 725.08 0

-941.25 -2658.5 725.08 0
-941.25 2658.5 725.08 0

-952.75 -2658.5 725.08 0
-941.25 -2658.5 725.08 0

-952.75 2658.5 725.08 0
-941.25 2658.5 725.08 0

-952.75 -2658.5 713.58 0
-952.75 2658.5 713.58 0

-952.75 -2658.5 725.08 0
-952.75 2658.5 725.08 0

-952.75 -2658.5 713.58 0
-952.75 -2658.5 725.08 0

-952.75 2658.5 713.58 0
-952.75 2658.5 725.08 0

-941.25 -2658.5 725.08 0
-941.25 2658.5 725.08 0

-941.25 -2658.5 713.58 0
-941.25 2658.5 713.58 0

-941.25 -2658.5 725.08 0
-941.25 -2658.5 713.58 0

-941.25 2658.5 725.08 0
-941.25 2658.5 713.58 0

-941.25 -2658.5 713.58 0
-952.75 -2658.5 713.58 0

-941.25 -2658.5 725.08 0
-952.75 -2658.5 725.08 0

-941.25 -2658.5 713.58 0
-941.25 -2658.5 725.08 0

-952.75 -2658.5 713.58 0
-952.75 -2658.5 725.08 0

-941.25 2658.5 725.08 0
-952.75 2658.5 725.08 0

-941.25 2658.5 713.58 0
-952.75 2658.5 713.58 0

-941.25 2658.5 725.08 0
-941.25 2658.5 713.58 0

-952.75 2658.5 725.08 0
-952.75 2658.5 713.58 0

-941.25 -2658.5 730.57 0
-941.25 0 730.57 0

-941.25 0 730.57 0
-941.25 1329.25 730.57 0
-941.25 2658.5 730.57 0

-941.25 2658.5 730.57 0

-952.75 -2658.5 730.57 0
-952.75 2658.5 730.57 0

-941.25 -2658.5 730.57 0
-952.75 -2658.5 730.57 0

-941.25 2658.5 730.57 0
-952.75 2658.5 730.57 0

-952.75 -2658.5 742.07 0
-952.75 2658.5 742.07 0

-941.25 -2658.5 742.07 0
-941.25 2658.5 742.07 0

-952.75 -2658.5 742.07 0
-941.25 -2658.5 742.07 0

-952.75 2658.5 742.07 0
-941.25 2658.5 742.07 0

-952.75 -2658.5 730.57 0
-952.75 2658.5 730.57 0

-952.75 -2658.5 742.07 0
-952.75 2658.5 742.07 0

-952.75 -2658.5 730.57 0
-952.75 -2658.5 742.07 0

-952.75 2658.5 730.57 0
-952.75 2658.5 742.07 0

-941.25 -2658.5 742.07 0
-941.25 2658.5 742.07 0

-941.25 -2658.5 730.57 0
-941.25 2658.5 730.57 0

-941.25 -2658.5 742.07 0
-941.25 -2658.5 730.57 0

-941.25 2658.5 742.07 0
-941.25 2658.5 730.57 0

-941.25 -2658.5 730.57 0
-952.75 -2658.5 730.57 0

-941.25 -2658.5 742.07 0
-952.75 -2658.5 742.07 0

-941.25 -2658.5 730.57 0
-941.25 -2658.5 742.07 0

-952.75 -2658.5 730.57 0
-952.75 -2658.5 742.07 0

-941.25 2658.5 742.07 0
-952.75 2658.5 742.07 0

-941.25 2658.5 730.57 0
-952.75 2658.5 730.57 0

-941.25 2658.5 742.07 0
-941.25 2658.5 730.57 0

-952.75 2658.5 742.07 0
-952.75 2658.5 730.57 0

-941.25 -2658.5 747.56 0
-941.25 0 747.56 0

-941.25 0 747.56 0
-941.25 1329.25 747.56 0
-941.25 2658.5 747.56 0

-941.25 2658.5 747.56 0

-952.75 -2658.5 747.56 0
-952.75 2658.5 747.56 0

-941.25 -2658.5 747.56 0
-952.75 -2658.5 747.56 0

-941.25 2658.5 747.56 0
-952.75 2658.5 747.56 0

-952.75 -2658.5 759.06 0
-952.75 2658.5 759.06 0

-941.25 -2658.5 759.06 0
-941.25 2658.5 759.06 0

-952.75 -2658.5 759.06 0
-941.25 -2658.5 759.06 0

-952.75 2658.5 759.06 0
-941.25 2658.5 759.06 0

-952.75 -2658.5 747.56 0
-952.75 2658.5 747.56 0

-952.75 -2658.5 759.06 0
-952.75 2658.5 759.06 0

-952.75 -2658.5 747.56 0
-952.75 -2658.5 759.06 0

-952.75 2658.5 747.56 0
-952.75 2658.5 759.06 0

-941.25 -2658.5 759.06 0
-941.25 2658.5 759.06 0

-941.25 -2658.5 747.56 0
-941.25 2658.5 747.56 0

-941.25 -2658.5 759.06 0
-941.25 -2658.5 747.56 0

-941.25 2658.5 759.06 0
-941.25 2658.5 747.56 0

-941.25 -2658.5 747.56 0
-952.75 -2658.5 747.56 0

-941.25 -2658.5 759.06 0
-952.75 -2658.5 759.06 0

-941.25 -2658.5 747.56 0
-941.25 -2658.5 759.06 0

-952.75 -2658.5 747.56 0
-952.75 -2658.5 759.06 0

-941.25 2658.5 759.06 0
-952.75 2658.5 759.06 0

-941.25 2658.5 747.56 0
-952.75 2658.5 747.56 0

-941.25 2658.5 759.06 0
-941.25 2658.5 747.56 0

-952.75 2658.5 759.06 0
-952.75 2658.5 747.56 0

-941.25 -2658.5 764.55 0
-941.25 0 764.55 0

-941.25 0 764.55 0
-941.25 1329.25 764.55 0
-941.25 2658.5 764.55 0

-941.25 2658.5 764.55 0

-952.75 -2658.5 764.55 0
-952.75 2658.5 764.55 0

-941.25 -2658.5 764.55 0
-952.75 -2658.5 764.55 0

-941.25 2658.5 764.55 0
-952.75 2658.5 764.55 0

-952.75 -2658.5 776.05 0
-952.75 2658.5 776.05 0

-941.25 -2658.5 776.05 0
-941.25 2658.5 776.05 0

-952.75 -2658.5 776.05 0
-941.25 -2658.5 776.05 0

-952.75 2658.5 776.05 0
-941.25 2658.5 776.05 0

-952.75 -2658.5 764.55 0
-952.75 2658.5 764.55 0

-952.75 -2658.5 776.05 0
-952.75 2658.5 776.05 0

-952.75 -2658.5 764.55 0
-952.75 -2658.5 776.05 0

-952.75 2658.5 764.55 0
-952.75 2658.5 776.05 0

-941.25 -2658.5 776.05 0
-941.25 2658.5 776.05 0

-941.25 -2658.5 764.55 0
-941.25 2658.5 764.55 0

-941.25 -2658.5 776.05 0
-941.25 -2658.5 764.55 0

-941.25 2658.5 776.05 0
-941.25 2658.5 764.55 0

-941.25 -2658.5 764.55 0
-952.75 -2658.5 764.55 0

-941.25 -2658.5 776.05 0
-952.75 -2658.5 776.05 0

-941.25 -2658.5 764.55 0
-941.25 -2658.5 776.05 0

-952.75 -2658.5 764.55 0
-952.75 -2658.5 776.05 0

-941.25 2658.5 776.05 0
-952.75 2658.5 776.05 0

-941.25 2658.5 764.55 0
-952.75 2658.5 764.55 0

-941.25 2658.5 776.05 0
-941.25 2658.5 764.55 0

-952.75 2658.5 776.05 0
-952.75 2658.5 764.55 0

-941.25 -2658.5 781.54 0
-941.25 0 781.54 0

-941.25 0 781.54 0
-941.25 1329.25 781.54 0
-941.25 2658.5 781.54 0

-941.25 2658.5 781.54 0

-952.75 -2658.5 781.54 0
-952.75 2658.5 781.54 0

-941.25 -2658.5 781.54 0
-952.75 -2658.5 781.54 0

-941.25 2658.5 781.54 0
-952.75 2658.5 781.54 0

-952.75 -2658.5 793.04 0
-952.75 2658.5 793.04 0

-941.25 -2658.5 793.04 0
-941.25 2658.5 793.04 0

-952.75 -2658.5 793.04 0
-941.25 -2658.5 793.04 0

-952.75 2658.5 793.04 0
-941.25 2658.5 793.04 0

-952.75 -2658.5 781.54 0
-952.75 2658.5 781.54 0

-952.75 -2658.5 793.04 0
-952.75 2658.5 793.04 0

-952.75 -2658.5 781.54 0
-952.75 -2658.5 793.04 0

-952.75 2658.5 781.54 0
-952.75 2658.5 793.04 0

-941.25 -2658.5 793.04 0
-941.25 2658.5 793.04 0

-941.25 -2658.5 781.54 0
-941.25 2658.5 781.54 0

-941.25 -2658.5 793.04 0
-941.25 -2658.5 781.54 0

-941.25 2658.5 793.04 0
-941.25 2658.5 781.54 0

-941.25 -2658.5 781.54 0
-952.75 -2658.5 781.54 0

-941.25 -2658.5 793.04 0
-952.75 -2658.5 793.04 0

-941.25 -2658.5 781.54 0
-941.25 -2658.5 793.04 0

-952.75 -2658.5 781.54 0
-952.75 -2658.5 793.04 0

-941.25 2658.5 793.04 0
-952.75 2658.5 793.04 0

-941.25 2658.5 781.54 0
-952.75 2658.5 781.54 0

-941.25 2658.5 793.04 0
-941.25 2658.5 781.54 0

-952.75 2658.5 793.04 0
-952.75 2658.5 781.54 0

-941.25 -2658.5 798.53 0
-941.25 0 798.53 0

-941.25 0 798.53 0
-941.25 1329.25 798.53 0
-941.25 2658.5 798.53 0

-941.25 2658.5 798.53 0

-952.75 -2658.5 798.53 0
-952.75 2658.5 798.53 0

-941.25 -2658.5 798.53 0
-952.75 -2658.5 798.53 0

-941.25 2658.5 798.53 0
-952.75 2658.5 798.53 0

-952.75 -2658.5 810.03 0
-952.75 2658.5 810.03 0

-941.25 -2658.5 810.03 0
-941.25 2658.5 810.03 0

-952.75 -2658.5 810.03 0
-941.25 -2658.5 810.03 0

-952.75 2658.5 810.03 0
-941.25 2658.5 810.03 0

-952.75 -2658.5 798.53 0
-952.75 2658.5 798.53 0

-952.75 -2658.5 810.03 0
-952.75 2658.5 810.03 0

-952.75 -2658.5 798.53 0
-952.75 -2658.5 810.03 0

-952.75 2658.5 798.53 0
-952.75 2658.5 810.03 0

-941.25 -2658.5 810.03 0
-941.25 2658.5 810.03 0

-941.25 -2658.5 798.53 0
-941.25 2658.5 798.53 0

-941.25 -2658.5 810.03 0
-941.25 -2658.5 798.53 0

-941.25 2658.5 810.03 0
-941.25 2658.5 798.53 0

-941.25 -2658.5 798.53 0
-952.75 -2658.5 798.53 0

-941.25 -2658.5 810.03 0
-952.75 -2658.5 810.03 0

-941.25 -2658.5 798.53 0
-941.25 -2658.5 810.03 0

-952.75 -2658.5 798.53 0
-952.75 -2658.5 810.03 0

-941.25 2658.5 810.03 0
-952.75 2658.5 810.03 0

-941.25 2658.5 798.53 0
-952.75 2658.5 798.53 0

-941.25 2658.5 810.03 0
-941.25 2658.5 798.53 0

-952.75 2658.5 810.03 0
-952.75 2658.5 798.53 0

-941.25 -2658.5 815.52 0
-941.25 0 815.52 0

-941.25 0 815.52 0
-941.25 1329.25 815.52 0
-941.25 2658.5 815.52 0

-941.25 2658.5 815.52 0

-952.75 -2658.5 815.52 0
-952.75 2658.5 815.52 0

-941.25 -2658.5 815.52 0
-952.75 -2658.5 815.52 0

-941.25 2658.5 815.52 0
-952.75 2658.5 815.52 0

-952.75 -2658.5 827.02 0
-952.75 2658.5 827.02 0

-941.25 -2658.5 827.02 0
-941.25 2658.5 827.02 0

-952.75 -2658.5 827.02 0
-941.25 -2658.5 827.02 0

-952.75 2658.5 827.02 0
-941.25 2658.5 827.02 0

-952.75 -2658.5 815.52 0
-952.75 2658.5 815.52 0

-952.75 -2658.5 827.02 0
-952.75 2658.5 827.02 0

-952.75 -2658.5 815.52 0
-952.75 -2658.5 827.02 0

-952.75 2658.5 815.52 0
-952.75 2658.5 827.02 0

-941.25 -2658.5 827.02 0
-941.25 2658.5 827.02 0

-941.25 -2658.5 815.52 0
-941.25 2658.5 815.52 0

-941.25 -2658.5 827.02 0
-941.25 -2658.5 815.52 0

-941.25 2658.5 827.02 0
-941.25 2658.5 815.52 0

-941.25 -2658.5 815.52 0
-952.75 -2658.5 815.52 0

-941.25 -2658.5 827.02 0
-952.75 -2658.5 827.02 0

-941.25 -2658.5 815.52 0
-941.25 -2658.5 827.02 0

-952.75 -2658.5 815.52 0
-952.75 -2658.5 827.02 0

-941.25 2658.5 827.02 0
-952.75 2658.5 827.02 0

-941.25 2658.5 815.52 0
-952.75 2658.5 815.52 0

-941.25 2658.5 827.02 0
-941.25 2658.5 815.52 0

-952.75 2658.5 827.02 0
-952.75 2658.5 815.52 0

-941.25 -2658.5 832.51 0
-941.25 0 832.51 0

-941.25 0 832.51 0
-941.25 1329.25 832.51 0
-941.25 2658.5 832.51 0

-941.25 2658.5 832.51 0

-952.75 -2658.5 832.51 0
-952.75 2658.5 832.51 0

-941.25 -2658.5 832.51 0
-952.75 -2658.5 832.51 0

-941.25 2658.5 832.51 0
-952.75 2658.5 832.51 0

-952.75 -2658.5 844.01 0
-952.75 2658.5 844.01 0

-941.25 -2658.5 844.01 0
-941.25 2658.5 844.01 0

-952.75 -2658.5 844.01 0
-941.25 -2658.5 844.01 0

-952.75 2658.5 844.01 0
-941.25 2658.5 844.01 0

-952.75 -2658.5 832.51 0
-952.75 2658.5 832.51 0

-952.75 -2658.5 844.01 0
-952.75 2658.5 844.01 0

-952.75 -2658.5 832.51 0
-952.75 -2658.5 844.01 0

-952.75 2658.5 832.51 0
-952.75 2658.5 844.01 0

-941.25 -2658.5 844.01 0
-941.25 2658.5 844.01 0

-941.25 -2658.5 832.51 0
-941.25 2658.5 832.51 0

-941.25 -2658.5 844.01 0
-941.25 -2658.5 832.51 0

-941.25 2658.5 844.01 0
-941.25 2658.5 832.51 0

-941.25 -2658.5 832.51 0
-952.75 -2658.5 832.51 0

-941.25 -2658.5 844.01 0
-952.75 -2658.5 844.01 0

-941.25 -2658.5 832.51 0
-941.25 -2658.5 844.01 0

-952.75 -2658.5 832.51 0
-952.75 -2658.5 844.01 0

-941.25 2658.5 844.01 0
-952.75 2658.5 844.01 0

-941.25 2658.5 832.51 0
-952.75 2658.5 832.51 0

-941.25 2658.5 844.01 0
-941.25 2658.5 832.51 0

-952.75 2658.5 844.01 0
-952.75 2658.5 832.51 0

-941.25 -2658.5 849.5 0
-941.25 0 849.5 0

-941.25 0 849.5 0
-941.25 1329.25 849.5 0
-941.25 2658.5 849.5 0

-941.25 2658.5 849.5 0

-952.75 -2658.5 849.5 0
-952.75 2658.5 849.5 0

-941.25 -2658.5 849.5 0
-952.75 -2658.5 849.5 0

-941.25 2658.5 849.5 0
-952.75 2658.5 849.5 0

-952.75 -2658.5 861 0
-952.75 2658.5 861 0

-941.25 -2658.5 861 0
-941.25 2658.5 861 0

-952.75 -2658.5 861 0
-941.25 -2658.5 861 0

-952.75 2658.5 861 0
-941.25 2658.5 861 0

-952.75 -2658.5 849.5 0
-952.75 2658.5 849.5 0

-952.75 -2658.5 861 0
-952.75 2658.5 861 0

-952.75 -2658.5 849.5 0
-952.75 -2658.5 861 0

-952.75 2658.5 849.5 0
-952.75 2658.5 861 0

-941.25 -2658.5 861 0
-941.25 2658.5 861 0

-941.25 -2658.5 849.5 0
-941.25 2658.5 849.5 0

-941.25 -2658.5 861 0
-941.25 -2658.5 849.5 0

-941.25 2658.5 861 0
-941.25 2658.5 849.5 0

-941.25 -2658.5 849.5 0
-952.75 -2658.5 849.5 0

-941.25 -2658.5 861 0
-952.75 -2658.5 861 0

-941.25 -2658.5 849.5 0
-941.25 -2658.5 861 0

-952.75 -2658.5 849.5 0
-952.75 -2658.5 861 0

-941.25 2658.5 861 0
-952.75 2658.5 861 0

-941.25 2658.5 849.5 0
-952.75 2658.5 849.5 0

-941.25 2658.5 861 0
-941.25 2658.5 849.5 0

-952.75 2658.5 861 0
-952.75 2658.5 849.5 0

-941.25 -2658.5 866.49 0
-941.25 0 866.49 0

-941.25 0 866.49 0
-941.25 1329.25 866.49 0
-941.25 2658.5 866.49 0

-941.25 2658.5 866.49 0

-952.75 -2658.5 866.49 0
-952.75 2658.5 866.49 0

-941.25 -2658.5 866.49 0
-952.75 -2658.5 866.49 0

-941.25 2658.5 866.49 0
-952.75 2658.5 866.49 0

-952.75 -2658.5 877.99 0
-952.75 2658.5 877.99 0

-941.25 -2658.5 877.99 0
-941.25 2658.5 877.99 0

-952.75 -2658.5 877.99 0
-941.25 -2658.5 877.99 0

-952.75 2658.5 877.99 0
-941.25 2658.5 877.99 0

-952.75 -2658.5 866.49 0
-952.75 2658.5 866.49 0

-952.75 -2658.5 877.99 0
-952.75 2658.5 877.99 0

-952.75 -2658.5 866.49 0
-952.75 -2658.5 877.99 0

-952.75 2658.5 866.49 0
-952.75 2658.5 877.99 0

-941.25 -2658.5 877.99 0
-941.25 2658.5 877.99 0

-941.25 -2658.5 866.49 0
-941.25 2658.5 866.49 0

-941.25 -2658.5 877.99 0
-941.25 -2658.5 866.49 0

-941.25 2658.5 877.99 0
-941.25 2658.5 866.49 0

-941.25 -2658.5 866.49 0
-952.75 -2658.5 866.49 0

-941.25 -2658.5 877.99 0
-952.75 -2658.5 877.99 0

-941.25 -2658.5 866.49 0
-941.25 -2658.5 877.99 0

-952.75 -2658.5 866.49 0
-952.75 -2658.5 877.99 0

-941.25 2658.5 877.99 0
-952.75 2658.5 877.99 0

-941.25 2658.5 866.49 0
-952.75 2658.5 866.49 0

-941.25 2658.5 877.99 0
-941.25 2658.5 866.49 0

-952.75 2658.5 877.99 0
-952.75 2658.5 866.49 0

-941.25 -2658.5 883.48 0
-941.25 0 883.48 0

-941.25 0 883.48 0
-941.25 1329.25 883.48 0
-941.25 2658.5 883.48 0

-941.25 2658.5 883.48 0

-952.75 -2658.5 883.48 0
-952.75 2658.5 883.48 0

-941.25 -2658.5 883.48 0
-952.75 -2658.5 883.48 0

-941.25 2658.5 883.48 0
-952.75 2658.5 883.48 0

-952.75 -2658.5 894.98 0
-952.75 2658.5 894.98 0

-941.25 -2658.5 894.98 0
-941.25 2658.5 894.98 0

-952.75 -2658.5 894.98 0
-941.25 -2658.5 894.98 0

-952.75 2658.5 894.98 0
-941.25 2658.5 894.98 0

-952.75 -2658.5 883.48 0
-952.75 2658.5 883.48 0

-952.75 -2658.5 894.98 0
-952.75 2658.5 894.98 0

-952.75 -2658.5 883.48 0
-952.75 -2658.5 894.98 0

-952.75 2658.5 883.48 0
-952.75 2658.5 894.98 0

-941.25 -2658.5 894.98 0
-941.25 2658.5 894.98 0

-941.25 -2658.5 883.48 0
-941.25 2658.5 883.48 0

-941.25 -2658.5 894.98 0
-941.25 -2658.5 883.48 0

-941.25 2658.5 894.98 0
-941.25 2658.5 883.48 0

-941.25 -2658.5 883.48 0
-952.75 -2658.5 883.48 0

-941.25 -2658.5 894.98 0
-952.75 -2658.5 894.98 0

-941.25 -2658.5 883.48 0
-941.25 -2658.5 894.98 0

-952.75 -2658.5 883.48 0
-952.75 -2658.5 894.98 0

-941.25 2658.5 894.98 0
-952.75 2658.5 894.98 0

-941.25 2658.5 883.48 0
-952.75 2658.5 883.48 0

-941.25 2658.5 894.98 0
-941.25 2658.5 883.48 0

-952.75 2658.5 894.98 0
-952.75 2658.5 883.48 0

-941.25 -2658.5 900.47 0
-941.25 0 900.47 0

-941.25 0 900.47 0
-941.25 1329.25 900.47 0
-941.25 2658.5 900.47 0

-941.25 2658.5 900.47 0

-952.75 -2658.5 900.47 0
-952.75 2658.5 900.47 0

-941.25 -2658.5 900.47 0
-952.75 -2658.5 900.47 0

-941.25 2658.5 900.47 0
-952.75 2658.5 900.47 0

-952.75 -2658.5 911.97 0
-952.75 2658.5 911.97 0

-941.25 -2658.5 911.97 0
-941.25 2658.5 911.97 0

-952.75 -2658.5 911.97 0
-941.25 -2658.5 911.97 0

-952.75 2658.5 911.97 0
-941.25 2658.5 911.97 0

-952.75 -2658.5 900.47 0
-952.75 2658.5 900.47 0

-952.75 -2658.5 911.97 0
-952.75 2658.5 911.97 0

-952.75 -2658.5 900.47 0
-952.75 -2658.5 911.97 0

-952.75 2658.5 900.47 0
-952.75 2658.5 911.97 0

-941.25 -2658.5 911.97 0
-941.25 2658.5 911.97 0

-941.25 -2658.5 900.47 0
-941.25 2658.5 900.47 0

-941.25 -2658.5 911.97 0
-941.25 -2658.5 900.47 0

-941.25 2658.5 911.97 0
-941.25 2658.5 900.47 0

-941.25 -2658.5 900.47 0
-952.75 -2658.5 900.47 0

-941.25 -2658.5 911.97 0
-952.75 -2658.5 911.97 0

-941.25 -2658.5 900.47 0
-941.25 -2658.5 911.97 0

-952.75 -2658.5 900.47 0
-952.75 -2658.5 911.97 0

-941.25 2658.5 911.97 0
-952.75 2658.5 911.97 0

-941.25 2658.5 900.47 0
-952.75 2658.5 900.47 0

-941.25 2658.5 911.97 0
-941.25 2658.5 900.47 0

-952.75 2658.5 911.97 0
-952.75 2658.5 900.47 0

-941.25 -2658.5 917.46 0
-941.25 0 917.46 0

-941.25 0 917.46 0
-941.25 1329.25 917.46 0
-941.25 2658.5 917.46 0

-941.25 2658.5 917.46 0

-952.75 -2658.5 917.46 0
-952.75 2658.5 917.46 0

-941.25 -2658.5 917.46 0
-952.75 -2658.5 917.46 0

-941.25 2658.5 917.46 0
-952.75 2658.5 917.46 0

-952.75 -2658.5 928.96 0
-952.75 2658.5 928.96 0

-941.25 -2658.5 928.96 0
-941.25 2658.5 928.96 0

-952.75 -2658.5 928.96 0
-941.25 -2658.5 928.96 0

-952.75 2658.5 928.96 0
-941.25 2658.5 928.96 0

-952.75 -2658.5 917.46 0
-952.75 2658.5 917.46 0

-952.75 -2658.5 928.96 0
-952.75 2658.5 928.96 0

-952.75 -2658.5 917.46 0
-952.75 -2658.5 928.96 0

-952.75 2658.5 917.46 0
-952.75 2658.5 928.96 0

-941.25 -2658.5 928.96 0
-941.25 2658.5 928.96 0

-941.25 -2658.5 917.46 0
-941.25 2658.5 917.46 0

-941.25 -2658.5 928.96 0
-941.25 -2658.5 917.46 0

-941.25 2658.5 928.96 0
-941.25 2658.5 917.46 0

-941.25 -2658.5 917.46 0
-952.75 -2658.5 917.46 0

-941.25 -2658.5 928.96 0
-952.75 -2658.5 928.96 0

-941.25 -2658.5 917.46 0
-941.25 -2658.5 928.96 0

-952.75 -2658.5 917.46 0
-952.75 -2658.5 928.96 0

-941.25 2658.5 928.96 0
-952.75 2658.5 928.96 0

-941.25 2658.5 917.46 0
-952.75 2658.5 917.46 0

-941.25 2658.5 928.96 0
-941.25 2658.5 917.46 0

-952.75 2658.5 928.96 0
-952.75 2658.5 917.46 0

-941.25 -2658.5 934.45 0
-941.25 0 934.45 0

-941.25 0 934.45 0
-941.25 1329.25 934.45 0
-941.25 2658.5 934.45 0

-941.25 2658.5 934.45 0

-952.75 -2658.5 934.45 0
-952.75 2658.5 934.45 0

-941.25 -2658.5 934.45 0
-952.75 -2658.5 934.45 0

-941.25 2658.5 934.45 0
-952.75 2658.5 934.45 0

-952.75 -2658.5 945.95 0
-952.75 2658.5 945.95 0

-941.25 -2658.5 945.95 0
-941.25 2658.5 945.95 0

-952.75 -2658.5 945.95 0
-941.25 -2658.5 945.95 0

-952.75 2658.5 945.95 0
-941.25 2658.5 945.95 0

-952.75 -2658.5 934.45 0
-952.75 2658.5 934.45 0

-952.75 -2658.5 945.95 0
-952.75 2658.5 945.95 0

-952.75 -2658.5 934.45 0
-952.75 -2658.5 945.95 0

-952.75 2658.5 934.45 0
-952.75 2658.5 945.95 0

-941.25 -2658.5 945.95 0
-941.25 2658.5 945.95 0

-941.25 -2658.5 934.45 0
-941.25 2658.5 934.45 0

-941.25 -2658.5 945.95 0
-941.25 -2658.5 934.45 0

-941.25 2658.5 945.95 0
-941.25 2658.5 934.45 0

-941.25 -2658.5 934.45 0
-952.75 -2658.5 934.45 0

-941.25 -2658.5 945.95 0
-952.75 -2658.5 945.95 0

-941.25 -2658.5 934.45 0
-941.25 -2658.5 945.95 0

-952.75 -2658.5 934.45 0
-952.75 -2658.5 945.95 0

-941.25 2658.5 945.95 0
-952.75 2658.5 945.95 0

-941.25 2658.5 934.45 0
-952.75 2658.5 934.45 0

-941.25 2658.5 945.95 0
-941.25 2658.5 934.45 0

-952.75 2658.5 945.95 0
-952.75 2658.5 934.45 0

-941.25 -2658.5 951.44 0
-941.25 0 951.44 0

-941.25 0 951.44 0
-941.25 1329.25 951.44 0
-941.25 2658.5 951.44 0

-941.25 2658.5 951.44 0

-952.75 -2658.5 951.44 0
-952.75 2658.5 951.44 0

-941.25 -2658.5 951.44 0
-952.75 -2658.5 951.44 0

-941.25 2658.5 951.44 0
-952.75 2658.5 951.44 0

-952.75 -2658.5 962.94 0
-952.75 2658.5 962.94 0

-941.25 -2658.5 962.94 0
-941.25 2658.5 962.94 0

-952.75 -2658.5 962.94 0
-941.25 -2658.5 962.94 0

-952.75 2658.5 962.94 0
-941.25 2658.5 962.94 0

-952.75 -2658.5 951.44 0
-952.75 2658.5 951.44 0

-952.75 -2658.5 962.94 0
-952.75 2658.5 962.94 0

-952.75 -2658.5 951.44 0
-952.75 -2658.5 962.94 0

-952.75 2658.5 951.44 0
-952.75 2658.5 962.94 0

-941.25 -2658.5 962.94 0
-941.25 2658.5 962.94 0

-941.25 -2658.5 951.44 0
-941.25 2658.5 951.44 0

-941.25 -2658.5 962.94 0
-941.25 -2658.5 951.44 0

-941.25 2658.5 962.94 0
-941.25 2658.5 951.44 0

-941.25 -2658.5 951.44 0
-952.75 -2658.5 951.44 0

-941.25 -2658.5 962.94 0
-952.75 -2658.5 962.94 0

-941.25 -2658.5 951.44 0
-941.25 -2658.5 962.94 0

-952.75 -2658.5 951.44 0
-952.75 -2658.5 962.94 0

-941.25 2658.5 962.94 0
-952.75 2658.5 962.94 0

-941.25 2658.5 951.44 0
-952.75 2658.5 951.44 0

-941.25 2658.5 962.94 0
-941.25 2658.5 951.44 0

-952.75 2658.5 962.94 0
-952.75 2658.5 951.44 0

-941.25 -2658.5 968.43 0
-941.25 0 968.43 0

-941.25 0 968.43 0
-941.25 1329.25 968.43 0
-941.25 2658.5 968.43 0

-941.25 2658.5 968.43 0

-952.75 -2658.5 968.43 0
-952.75 2658.5 968.43 0

-941.25 -2658.5 968.43 0
-952.75 -2658.5 968.43 0

-941.25 2658.5 968.43 0
-952.75 2658.5 968.43 0

-952.75 -2658.5 979.93 0
-952.75 2658.5 979.93 0

-941.25 -2658.5 979.93 0
-941.25 2658.5 979.93 0

-952.75 -2658.5 979.93 0
-941.25 -2658.5 979.93 0

-952.75 2658.5 979.93 0
-941.25 2658.5 979.93 0

-952.75 -2658.5 968.43 0
-952.75 2658.5 968.43 0

-952.75 -2658.5 979.93 0
-952.75 2658.5 979.93 0

-952.75 -2658.5 968.43 0
-952.75 -2658.5 979.93 0

-952.75 2658.5 968.43 0
-952.75 2658.5 979.93 0

-941.25 -2658.5 979.93 0
-941.25 2658.5 979.93 0

-941.25 -2658.5 968.43 0
-941.25 2658.5 968.43 0

-941.25 -2658.5 979.93 0
-941.25 -2658.5 968.43 0

-941.25 2658.5 979.93 0
-941.25 2658.5 968.43 0

-941.25 -2658.5 968.43 0
-952.75 -2658.5 968.43 0

-941.25 -2658.5 979.93 0
-952.75 -2658.5 979.93 0

-941.25 -2658.5 968.43 0
-941.25 -2658.5 979.93 0

-952.75 -2658.5 968.43 0
-952.75 -2658.5 979.93 0

-941.25 2658.5 979.93 0
-952.75 2658.5 979.93 0

-941.25 2658.5 968.43 0
-952.75 2658.5 968.43 0

-941.25 2658.5 979.93 0
-941.25 2658.5 968.43 0

-952.75 2658.5 979.93 0
-952.75 2658.5 968.43 0

-941.25 -2658.5 985.42 0
-941.25 0 985.42 0

-941.25 0 985.42 0
-941.25 1329.25 985.42 0
-941.25 2658.5 985.42 0

-941.25 2658.5 985.42 0

-952.75 -2658.5 985.42 0
-952.75 2658.5 985.42 0

-941.25 -2658.5 985.42 0
-952.75 -2658.5 985.42 0

-941.25 2658.5 985.42 0
-952.75 2658.5 985.42 0

-952.75 -2658.5 996.92 0
-952.75 2658.5 996.92 0

-941.25 -2658.5 996.92 0
-941.25 2658.5 996.92 0

-952.75 -2658.5 996.92 0
-941.25 -2658.5 996.92 0

-952.75 2658.5 996.92 0
-941.25 2658.5 996.92 0

-952.75 -2658.5 985.42 0
-952.75 2658.5 985.42 0

-952.75 -2658.5 996.92 0
-952.75 2658.5 996.92 0

-952.75 -2658.5 985.42 0
-952.75 -2658.5 996.92 0

-952.75 2658.5 985.42 0
-952.75 2658.5 996.92 0

-941.25 -2658.5 996.92 0
-941.25 2658.5 996.92 0

-941.25 -2658.5 985.42 0
-941.25 2658.5 985.42 0

-941.25 -2658.5 996.92 0
-941.25 -2658.5 985.42 0

-941.25 2658.5 996.92 0
-941.25 2658.5 985.42 0

-941.25 -2658.5 985.42 0
-952.75 -2658.5 985.42 0

-941.25 -2658.5 996.92 0
-952.75 -2658.5 996.92 0

-941.25 -2658.5 985.42 0
-941.25 -2658.5 996.92 0

-952.75 -2658.5 985.42 0
-952.75 -2658.5 996.92 0

-941.25 2658.5 996.92 0
-952.75 2658.5 996.92 0

-941.25 2658.5 985.42 0
-952.75 2658.5 985.42 0

-941.25 2658.5 996.92 0
-941.25 2658.5 985.42 0

-952.75 2658.5 996.92 0
-952.75 2658.5 985.42 0

-941.25 -2658.5 1002.41 0
-941.25 0 1002.41 0

-941.25 0 1002.41 0
-941.25 1329.25 1002.41 0
-941.25 2658.5 1002.41 0

-941.25 2658.5 1002.41 0

-952.75 -2658.5 1002.41 0
-952.75 2658.5 1002.41 0

-941.25 -2658.5 1002.41 0
-952.75 -2658.5 1002.41 0

-941.25 2658.5 1002.41 0
-952.75 2658.5 1002.41 0

-952.75 -2658.5 1013.91 0
-952.75 2658.5 1013.91 0

-941.25 -2658.5 1013.91 0
-941.25 2658.5 1013.91 0

-952.75 -2658.5 1013.91 0
-941.25 -2658.5 1013.91 0

-952.75 2658.5 1013.91 0
-941.25 2658.5 1013.91 0

-952.75 -2658.5 1002.41 0
-952.75 2658.5 1002.41 0

-952.75 -2658.5 1013.91 0
-952.75 2658.5 1013.91 0

-952.75 -2658.5 1002.41 0
-952.75 -2658.5 1013.91 0

-952.75 2658.5 1002.41 0
-952.75 2658.5 1013.91 0

-941.25 -2658.5 1013.91 0
-941.25 2658.5 1013.91 0

-941.25 -2658.5 1002.41 0
-941.25 2658.5 1002.41 0

-941.25 -2658.5 1013.91 0
-941.25 -2658.5 1002.41 0

-941.25 2658.5 1013.91 0
-941.25 2658.5 1002.41 0

-941.25 -2658.5 1002.41 0
-952.75 -2658.5 1002.41 0

-941.25 -2658.5 1013.91 0
-952.75 -2658.5 1013.91 0

-941.25 -2658.5 1002.41 0
-941.25 -2658.5 1013.91 0

-952.75 -2658.5 1002.41 0
-952.75 -2658.5 1013.91 0

-941.25 2658.5 1013.91 0
-952.75 2658.5 1013.91 0

-941.25 2658.5 1002.41 0
-952.75 2658.5 1002.41 0

-941.25 2658.5 1013.91 0
-941.25 2658.5 1002.41 0

-952.75 2658.5 1013.91 0
-952.75 2658.5 1002.41 0

-941.25 -2658.5 1019.4 0
-941.25 0 1019.4 0

-941.25 0 1019.4 0
-941.25 1329.25 1019.4 0
-941.25 2658.5 1019.4 0

-941.25 2658.5 1019.4 0

-952.75 -2658.5 1019.4 0
-952.75 2658.5 1019.4 0

-941.25 -2658.5 1019.4 0
-952.75 -2658.5 1019.4 0

-941.25 2658.5 1019.4 0
-952.75 2658.5 1019.4 0

-952.75 -2658.5 1030.9 0
-952.75 2658.5 1030.9 0

-941.25 -2658.5 1030.9 0
-941.25 2658.5 1030.9 0

-952.75 -2658.5 1030.9 0
-941.25 -2658.5 1030.9 0

-952.75 2658.5 1030.9 0
-941.25 2658.5 1030.9 0

-952.75 -2658.5 1019.4 0
-952.75 2658.5 1019.4 0

-952.75 -2658.5 1030.9 0
-952.75 2658.5 1030.9 0

-952.75 -2658.5 1019.4 0
-952.75 -2658.5 1030.9 0

-952.75 2658.5 1019.4 0
-952.75 2658.5 1030.9 0

-941.25 -2658.5 1030.9 0
-941.25 2658.5 1030.9 0

-941.25 -2658.5 1019.4 0
-941.25 2658.5 1019.4 0

-941.25 -2658.5 1030.9 0
-941.25 -2658.5 1019.4 0

-941.25 2658.5 1030.9 0
-941.25 2658.5 1019.4 0

-941.25 -2658.5 1019.4 0
-952.75 -2658.5 1019.4 0

-941.25 -2658.5 1030.9 0
-952.75 -2658.5 1030.9 0

-941.25 -2658.5 1019.4 0
-941.25 -2658.5 1030.9 0

-952.75 -2658.5 1019.4 0
-952.75 -2658.5 1030.9 0

-941.25 2658.5 1030.9 0
-952.75 2658.5 1030.9 0

-941.25 2658.5 1019.4 0
-952.75 2658.5 1019.4 0

-941.25 2658.5 1030.9 0
-941.25 2658.5 1019.4 0

-952.75 2658.5 1030.9 0
-952.75 2658.5 1019.4 0

-941.25 -2658.5 1036.39 0
-941.25 0 1036.39 0

-941.25 0 1036.39 0
-941.25 1329.25 1036.39 0
-941.25 2658.5 1036.39 0

-941.25 2658.5 1036.39 0

-952.75 -2658.5 1036.39 0
-952.75 2658.5 1036.39 0

-941.25 -2658.5 1036.39 0
-952.75 -2658.5 1036.39 0

-941.25 2658.5 1036.39 0
-952.75 2658.5 1036.39 0

-952.75 -2658.5 1047.89 0
-952.75 2658.5 1047.89 0

-941.25 -2658.5 1047.89 0
-941.25 2658.5 1047.89 0

-952.75 -2658.5 1047.89 0
-941.25 -2658.5 1047.89 0

-952.75 2658.5 1047.89 0
-941.25 2658.5 1047.89 0

-952.75 -2658.5 1036.39 0
-952.75 2658.5 1036.39 0

-952.75 -2658.5 1047.89 0
-952.75 2658.5 1047.89 0

-952.75 -2658.5 1036.39 0
-952.75 -2658.5 1047.89 0

-952.75 2658.5 1036.39 0
-952.75 2658.5 1047.89 0

-941.25 -2658.5 1047.89 0
-941.25 2658.5 1047.89 0

-941.25 -2658.5 1036.39 0
-941.25 2658.5 1036.39 0

-941.25 -2658.5 1047.89 0
-941.25 -2658.5 1036.39 0

-941.25 2658.5 1047.89 0
-941.25 2658.5 1036.39 0

-941.25 -2658.5 1036.39 0
-952.75 -2658.5 1036.39 0

-941.25 -2658.5 1047.89 0
-952.75 -2658.5 1047.89 0

-941.25 -2658.5 1036.39 0
-941.25 -2658.5 1047.89 0

-952.75 -2658.5 1036.39 0
-952.75 -2658.5 1047.89 0

-941.25 2658.5 1047.89 0
-952.75 2658.5 1047.89 0

-941.25 2658.5 1036.39 0
-952.75 2658.5 1036.39 0

-941.25 2658.5 1047.89 0
-941.25 2658.5 1036.39 0

-952.75 2658.5 1047.89 0
-952.75 2658.5 1036.39 0

-941.25 -2658.5 1053.38 0
-941.25 0 1053.38 0

-941.25 0 1053.38 0
-941.25 1329.25 1053.38 0
-941.25 2658.5 1053.38 0

-941.25 2658.5 1053.38 0

-952.75 -2658.5 1053.38 0
-952.75 2658.5 1053.38 0

-941.25 -2658.5 1053.38 0
-952.75 -2658.5 1053.38 0

-941.25 2658.5 1053.38 0
-952.75 2658.5 1053.38 0

-952.75 -2658.5 1064.88 0
-952.75 2658.5 1064.88 0

-941.25 -2658.5 1064.88 0
-941.25 2658.5 1064.88 0

-952.75 -2658.5 1064.88 0
-941.25 -2658.5 1064.88 0

-952.75 2658.5 1064.88 0
-941.25 2658.5 1064.88 0

-952.75 -2658.5 1053.38 0
-952.75 2658.5 1053.38 0

-952.75 -2658.5 1064.88 0
-952.75 2658.5 1064.88 0

-952.75 -2658.5 1053.38 0
-952.75 -2658.5 1064.88 0

-952.75 2658.5 1053.38 0
-952.75 2658.5 1064.88 0

-941.25 -2658.5 1064.88 0
-941.25 2658.5 1064.88 0

-941.25 -2658.5 1053.38 0
-941.25 2658.5 1053.38 0

-941.25 -2658.5 1064.88 0
-941.25 -2658.5 1053.38 0

-941.25 2658.5 1064.88 0
-941.25 2658.5 1053.38 0

-941.25 -2658.5 1053.38 0
-952.75 -2658.5 1053.38 0

-941.25 -2658.5 1064.88 0
-952.75 -2658.5 1064.88 0

-941.25 -2658.5 1053.38 0
-941.25 -2658.5 1064.88 0

-952.75 -2658.5 1053.38 0
-952.75 -2658.5 1064.88 0

-941.25 2658.5 1064.88 0
-952.75 2658.5 1064.88 0

-941.25 2658.5 1053.38 0
-952.75 2658.5 1053.38 0

-941.25 2658.5 1064.88 0
-941.25 2658.5 1053.38 0

-952.75 2658.5 1064.88 0
-952.75 2658.5 1053.38 0

-941.25 -2658.5 1070.37 0
-941.25 0 1070.37 0

-941.25 0 1070.37 0
-941.25 1329.25 1070.37 0
-941.25 2658.5 1070.37 0

-941.25 2658.5 1070.37 0

-952.75 -2658.5 1070.37 0
-952.75 2658.5 1070.37 0

-941.25 -2658.5 1070.37 0
-952.75 -2658.5 1070.37 0

-941.25 2658.5 1070.37 0
-952.75 2658.5 1070.37 0

-952.75 -2658.5 1081.87 0
-952.75 2658.5 1081.87 0

-941.25 -2658.5 1081.87 0
-941.25 2658.5 1081.87 0

-952.75 -2658.5 1081.87 0
-941.25 -2658.5 1081.87 0

-952.75 2658.5 1081.87 0
-941.25 2658.5 1081.87 0

-952.75 -2658.5 1070.37 0
-952.75 2658.5 1070.37 0

-952.75 -2658.5 1081.87 0
-952.75 2658.5 1081.87 0

-952.75 -2658.5 1070.37 0
-952.75 -2658.5 1081.87 0

-952.75 2658.5 1070.37 0
-952.75 2658.5 1081.87 0

-941.25 -2658.5 1081.87 0
-941.25 2658.5 1081.87 0

-941.25 -2658.5 1070.37 0
-941.25 2658.5 1070.37 0

-941.25 -2658.5 1081.87 0
-941.25 -2658.5 1070.37 0

-941.25 2658.5 1081.87 0
-941.25 2658.5 1070.37 0

-941.25 -2658.5 1070.37 0
-952.75 -2658.5 1070.37 0

-941.25 -2658.5 1081.87 0
-952.75 -2658.5 1081.87 0

-941.25 -2658.5 1070.37 0
-941.25 -2658.5 1081.87 0

-952.75 -2658.5 1070.37 0
-952.75 -2658.5 1081.87 0

-941.25 2658.5 1081.87 0
-952.75 2658.5 1081.87 0

-941.25 2658.5 1070.37 0
-952.75 2658.5 1070.37 0

-941.25 2658.5 1081.87 0
-941.25 2658.5 1070.37 0

-952.75 2658.5 1081.87 0
-952.75 2658.5 1070.37 0

-941.25 -2658.5 1087.36 0
-941.25 0 1087.36 0

-941.25 0 1087.36 0
-941.25 1329.25 1087.36 0
-941.25 2658.5 1087.36 0

-941.25 2658.5 1087.36 0

-952.75 -2658.5 1087.36 0
-952.75 2658.5 1087.36 0

-941.25 -2658.5 1087.36 0
-952.75 -2658.5 1087.36 0

-941.25 2658.5 1087.36 0
-952.75 2658.5 1087.36 0

-952.75 -2658.5 1098.86 0
-952.75 2658.5 1098.86 0

-941.25 -2658.5 1098.86 0
-941.25 2658.5 1098.86 0

-952.75 -2658.5 1098.86 0
-941.25 -2658.5 1098.86 0

-952.75 2658.5 1098.86 0
-941.25 2658.5 1098.86 0

-952.75 -2658.5 1087.36 0
-952.75 2658.5 1087.36 0

-952.75 -2658.5 1098.86 0
-952.75 2658.5 1098.86 0

-952.75 -2658.5 1087.36 0
-952.75 -2658.5 1098.86 0

-952.75 2658.5 1087.36 0
-952.75 2658.5 1098.86 0

-941.25 -2658.5 1098.86 0
-941.25 2658.5 1098.86 0

-941.25 -2658.5 1087.36 0
-941.25 2658.5 1087.36 0

-941.25 -2658.5 1098.86 0
-941.25 -2658.5 1087.36 0

-941.25 2658.5 1098.86 0
-941.25 2658.5 1087.36 0

-941.25 -2658.5 1087.36 0
-952.75 -2658.5 1087.36 0

-941.25 -2658.5 1098.86 0
-952.75 -2658.5 1098.86 0

-941.25 -2658.5 1087.36 0
-941.25 -2658.5 1098.86 0

-952.75 -2658.5 1087.36 0
-952.75 -2658.5 1098.86 0

-941.25 2658.5 1098.86 0
-952.75 2658.5 1098.86 0

-941.25 2658.5 1087.36 0
-952.75 2658.5 1087.36 0

-941.25 2658.5 1098.86 0
-941.25 2658.5 1087.36 0

-952.75 2658.5 1098.86 0
-952.75 2658.5 1087.36 0

-941.25 -2658.5 1104.35 0
-941.25 0 1104.35 0

-941.25 0 1104.35 0
-941.25 1329.25 1104.35 0
-941.25 2658.5 1104.35 0

-941.25 2658.5 1104.35 0

-952.75 -2658.5 1104.35 0
-952.75 2658.5 1104.35 0

-941.25 -2658.5 1104.35 0
-952.75 -2658.5 1104.35 0

-941.25 2658.5 1104.35 0
-952.75 2658.5 1104.35 0

-952.75 -2658.5 1115.85 0
-952.75 2658.5 1115.85 0

-941.25 -2658.5 1115.85 0
-941.25 2658.5 1115.85 0

-952.75 -2658.5 1115.85 0
-941.25 -2658.5 1115.85 0

-952.75 2658.5 1115.85 0
-941.25 2658.5 1115.85 0

-952.75 -2658.5 1104.35 0
-952.75 2658.5 1104.35 0

-952.75 -2658.5 1115.85 0
-952.75 2658.5 1115.85 0

-952.75 -2658.5 1104.35 0
-952.75 -2658.5 1115.85 0

-952.75 2658.5 1104.35 0
-952.75 2658.5 1115.85 0

-941.25 -2658.5 1115.85 0
-941.25 2658.5 1115.85 0

-941.25 -2658.5 1104.35 0
-941.25 2658.5 1104.35 0

-941.25 -2658.5 1115.85 0
-941.25 -2658.5 1104.35 0

-941.25 2658.5 1115.85 0
-941.25 2658.5 1104.35 0

-941.25 -2658.5 1104.35 0
-952.75 -2658.5 1104.35 0

-941.25 -2658.5 1115.85 0
-952.75 -2658.5 1115.85 0

-941.25 -2658.5 1104.35 0
-941.25 -2658.5 1115.85 0

-952.75 -2658.5 1104.35 0
-952.75 -2658.5 1115.85 0

-941.25 2658.5 1115.85 0
-952.75 2658.5 1115.85 0

-941.25 2658.5 1104.35 0
-952.75 2658.5 1104.35 0

-941.25 2658.5 1115.85 0
-941.25 2658.5 1104.35 0

-952.75 2658.5 1115.85 0
-952.75 2658.5 1104.35 0

-941.25 -2658.5 1121.34 0
-941.25 0 1121.34 0

-941.25 0 1121.34 0
-941.25 1329.25 1121.34 0
-941.25 2658.5 1121.34 0

-941.25 2658.5 1121.34 0

-952.75 -2658.5 1121.34 0
-952.75 2658.5 1121.34 0

-941.25 -2658.5 1121.34 0
-952.75 -2658.5 1121.34 0

-941.25 2658.5 1121.34 0
-952.75 2658.5 1121.34 0

-952.75 -2658.5 1132.84 0
-952.75 2658.5 1132.84 0

-941.25 -2658.5 1132.84 0
-941.25 2658.5 1132.84 0

-952.75 -2658.5 1132.84 0
-941.25 -2658.5 1132.84 0

-952.75 2658.5 1132.84 0
-941.25 2658.5 1132.84 0

-952.75 -2658.5 1121.34 0
-952.75 2658.5 1121.34 0

-952.75 -2658.5 1132.84 0
-952.75 2658.5 1132.84 0

-952.75 -2658.5 1121.34 0
-952.75 -2658.5 1132.84 0

-952.75 2658.5 1121.34 0
-952.75 2658.5 1132.84 0

-941.25 -2658.5 1132.84 0
-941.25 2658.5 1132.84 0

-941.25 -2658.5 1121.34 0
-941.25 2658.5 1121.34 0

-941.25 -2658.5 1132.84 0
-941.25 -2658.5 1121.34 0

-941.25 2658.5 1132.84 0
-941.25 2658.5 1121.34 0

-941.25 -2658.5 1121.34 0
-952.75 -2658.5 1121.34 0

-941.25 -2658.5 1132.84 0
-952.75 -2658.5 1132.84 0

-941.25 -2658.5 1121.34 0
-941.25 -2658.5 1132.84 0

-952.75 -2658.5 1121.34 0
-952.75 -2658.5 1132.84 0

-941.25 2658.5 1132.84 0
-952.75 2658.5 1132.84 0

-941.25 2658.5 1121.34 0
-952.75 2658.5 1121.34 0

-941.25 2658.5 1132.84 0
-941.25 2658.5 1121.34 0

-952.75 2658.5 1132.84 0
-952.75 2658.5 1121.34 0

-941.25 -2658.5 1138.33 0
-941.25 0 1138.33 0

-941.25 0 1138.33 0
-941.25 1329.25 1138.33 0
-941.25 2658.5 1138.33 0

-941.25 2658.5 1138.33 0

-952.75 -2658.5 1138.33 0
-952.75 2658.5 1138.33 0

-941.25 -2658.5 1138.33 0
-952.75 -2658.5 1138.33 0

-941.25 2658.5 1138.33 0
-952.75 2658.5 1138.33 0

-952.75 -2658.5 1149.83 0
-952.75 2658.5 1149.83 0

-941.25 -2658.5 1149.83 0
-941.25 2658.5 1149.83 0

-952.75 -2658.5 1149.83 0
-941.25 -2658.5 1149.83 0

-952.75 2658.5 1149.83 0
-941.25 2658.5 1149.83 0

-952.75 -2658.5 1138.33 0
-952.75 2658.5 1138.33 0

-952.75 -2658.5 1149.83 0
-952.75 2658.5 1149.83 0

-952.75 -2658.5 1138.33 0
-952.75 -2658.5 1149.83 0

-952.75 2658.5 1138.33 0
-952.75 2658.5 1149.83 0

-941.25 -2658.5 1149.83 0
-941.25 2658.5 1149.83 0

-941.25 -2658.5 1138.33 0
-941.25 2658.5 1138.33 0

-941.25 -2658.5 1149.83 0
-941.25 -2658.5 1138.33 0

-941.25 2658.5 1149.83 0
-941.25 2658.5 1138.33 0

-941.25 -2658.5 1138.33 0
-952.75 -2658.5 1138.33 0

-941.25 -2658.5 1149.83 0
-952.75 -2658.5 1149.83 0

-941.25 -2658.5 1138.33 0
-941.25 -2658.5 1149.83 0

-952.75 -2658.5 1138.33 0
-952.75 -2658.5 1149.83 0

-941.25 2658.5 1149.83 0
-952.75 2658.5 1149.83 0

-941.25 2658.5 1138.33 0
-952.75 2658.5 1138.33 0

-941.25 2658.5 1149.83 0
-941.25 2658.5 1138.33 0

-952.75 2658.5 1149.83 0
-952.75 2658.5 1138.33 0

-941.25 -2658.5 1155.32 0
-941.25 0 1155.32 0

-941.25 0 1155.32 0
-941.25 1329.25 1155.32 0
-941.25 2658.5 1155.32 0

-941.25 2658.5 1155.32 0

-952.75 -2658.5 1155.32 0
-952.75 2658.5 1155.32 0

-941.25 -2658.5 1155.32 0
-952.75 -2658.5 1155.32 0

-941.25 2658.5 1155.32 0
-952.75 2658.5 1155.32 0

-952.75 -2658.5 1166.82 0
-952.75 2658.5 1166.82 0

-941.25 -2658.5 1166.82 0
-941.25 2658.5 1166.82 0

-952.75 -2658.5 1166.82 0
-941.25 -2658.5 1166.82 0

-952.75 2658.5 1166.82 0
-941.25 2658.5 1166.82 0

-952.75 -2658.5 1155.32 0
-952.75 2658.5 1155.32 0

-952.75 -2658.5 1166.82 0
-952.75 2658.5 1166.82 0

-952.75 -2658.5 1155.32 0
-952.75 -2658.5 1166.82 0

-952.75 2658.5 1155.32 0
-952.75 2658.5 1166.82 0

-941.25 -2658.5 1166.82 0
-941.25 2658.5 1166.82 0

-941.25 -2658.5 1155.32 0
-941.25 2658.5 1155.32 0

-941.25 -2658.5 1166.82 0
-941.25 -2658.5 1155.32 0

-941.25 2658.5 1166.82 0
-941.25 2658.5 1155.32 0

-941.25 -2658.5 1155.32 0
-952.75 -2658.5 1155.32 0

-941.25 -2658.5 1166.82 0
-952.75 -2658.5 1166.82 0

-941.25 -2658.5 1155.32 0
-941.25 -2658.5 1166.82 0

-952.75 -2658.5 1155.32 0
-952.75 -2658.5 1166.82 0

-941.25 2658.5 1166.82 0
-952.75 2658.5 1166.82 0

-941.25 2658.5 1155.32 0
-952.75 2658.5 1155.32 0

-941.25 2658.5 1166.82 0
-941.25 2658.5 1155.32 0

-952.75 2658.5 1166.82 0
-952.75 2658.5 1155.32 0

-941.25 -2658.5 1172.31 0
-941.25 0 1172.31 0

-941.25 0 1172.31 0
-941.25 1329.25 1172.31 0
-941.25 2658.5 1172.31 0

-941.25 2658.5 1172.31 0

-952.75 -2658.5 1172.31 0
-952.75 2658.5 1172.31 0

-941.25 -2658.5 1172.31 0
-952.75 -2658.5 1172.31 0

-941.25 2658.5 1172.31 0
-952.75 2658.5 1172.31 0

-952.75 -2658.5 1183.81 0
-952.75 2658.5 1183.81 0

-941.25 -2658.5 1183.81 0
-941.25 2658.5 1183.81 0

-952.75 -2658.5 1183.81 0
-941.25 -2658.5 1183.81 0

-952.75 2658.5 1183.81 0
-941.25 2658.5 1183.81 0

-952.75 -2658.5 1172.31 0
-952.75 2658.5 1172.31 0

-952.75 -2658.5 1183.81 0
-952.75 2658.5 1183.81 0

-952.75 -2658.5 1172.31 0
-952.75 -2658.5 1183.81 0

-952.75 2658.5 1172.31 0
-952.75 2658.5 1183.81 0

-941.25 -2658.5 1183.81 0
-941.25 2658.5 1183.81 0

-941.25 -2658.5 1172.31 0
-941.25 2658.5 1172.31 0

-941.25 -2658.5 1183.81 0
-941.25 -2658.5 1172.31 0

-941.25 2658.5 1183.81 0
-941.25 2658.5 1172.31 0

-941.25 -2658.5 1172.31 0
-952.75 -2658.5 1172.31 0

-941.25 -2658.5 1183.81 0
-952.75 -2658.5 1183.81 0

-941.25 -2658.5 1172.31 0
-941.25 -2658.5 1183.81 0

-952.75 -2658.5 1172.31 0
-952.75 -2658.5 1183.81 0

-941.25 2658.5 1183.81 0
-952.75 2658.5 1183.81 0

-941.25 2658.5 1172.31 0
-952.75 2658.5 1172.31 0

-941.25 2658.5 1183.81 0
-941.25 2658.5 1172.31 0

-952.75 2658.5 1183.81 0
-952.75 2658.5 1172.31 0

-941.25 -2658.5 1189.3 0
-941.25 0 1189.3 0

-941.25 0 1189.3 0
-941.25 1329.25 1189.3 0
-941.25 2658.5 1189.3 0

-941.25 2658.5 1189.3 0

-952.75 -2658.5 1189.3 0
-952.75 2658.5 1189.3 0

-941.25 -2658.5 1189.3 0
-952.75 -2658.5 1189.3 0

-941.25 2658.5 1189.3 0
-952.75 2658.5 1189.3 0

-952.75 -2658.5 1200.8 0
-952.75 2658.5 1200.8 0

-941.25 -2658.5 1200.8 0
-941.25 2658.5 1200.8 0

-952.75 -2658.5 1200.8 0
-941.25 -2658.5 1200.8 0

-952.75 2658.5 1200.8 0
-941.25 2658.5 1200.8 0

-952.75 -2658.5 1189.3 0
-952.75 2658.5 1189.3 0

-952.75 -2658.5 1200.8 0
-952.75 2658.5 1200.8 0

-952.75 -2658.5 1189.3 0
-952.75 -2658.5 1200.8 0

-952.75 2658.5 1189.3 0
-952.75 2658.5 1200.8 0

-941.25 -2658.5 1200.8 0
-941.25 2658.5 1200.8 0

-941.25 -2658.5 1189.3 0
-941.25 2658.5 1189.3 0

-941.25 -2658.5 1200.8 0
-941.25 -2658.5 1189.3 0

-941.25 2658.5 1200.8 0
-941.25 2658.5 1189.3 0

-941.25 -2658.5 1189.3 0
-952.75 -2658.5 1189.3 0

-941.25 -2658.5 1200.8 0
-952.75 -2658.5 1200.8 0

-941.25 -2658.5 1189.3 0
-941.25 -2658.5 1200.8 0

-952.75 -2658.5 1189.3 0
-952.75 -2658.5 1200.8 0

-941.25 2658.5 1200.8 0
-952.75 2658.5 1200.8 0

-941.25 2658.5 1189.3 0
-952.75 2658.5 1189.3 0

-941.25 2658.5 1200.8 0
-941.25 2658.5 1189.3 0

-952.75 2658.5 1200.8 0
-952.75 2658.5 1189.3 0

-941.25 -2658.5 1206.29 0
-941.25 0 1206.29 0

-941.25 0 1206.29 0
-941.25 1329.25 1206.29 0
-941.25 2658.5 1206.29 0

-941.25 2658.5 1206.29 0

-952.75 -2658.5 1206.29 0
-952.75 2658.5 1206.29 0

-941.25 -2658.5 1206.29 0
-952.75 -2658.5 1206.29 0

-941.25 2658.5 1206.29 0
-952.75 2658.5 1206.29 0

-952.75 -2658.5 1217.79 0
-952.75 2658.5 1217.79 0

-941.25 -2658.5 1217.79 0
-941.25 2658.5 1217.79 0

-952.75 -2658.5 1217.79 0
-941.25 -2658.5 1217.79 0

-952.75 2658.5 1217.79 0
-941.25 2658.5 1217.79 0

-952.75 -2658.5 1206.29 0
-952.75 2658.5 1206.29 0

-952.75 -2658.5 1217.79 0
-952.75 2658.5 1217.79 0

-952.75 -2658.5 1206.29 0
-952.75 -2658.5 1217.79 0

-952.75 2658.5 1206.29 0
-952.75 2658.5 1217.79 0

-941.25 -2658.5 1217.79 0
-941.25 2658.5 1217.79 0

-941.25 -2658.5 1206.29 0
-941.25 2658.5 1206.29 0

-941.25 -2658.5 1217.79 0
-941.25 -2658.5 1206.29 0

-941.25 2658.5 1217.79 0
-941.25 2658.5 1206.29 0

-941.25 -2658.5 1206.29 0
-952.75 -2658.5 1206.29 0

-941.25 -2658.5 1217.79 0
-952.75 -2658.5 1217.79 0

-941.25 -2658.5 1206.29 0
-941.25 -2658.5 1217.79 0

-952.75 -2658.5 1206.29 0
-952.75 -2658.5 1217.79 0

-941.25 2658.5 1217.79 0
-952.75 2658.5 1217.79 0

-941.25 2658.5 1206.29 0
-952.75 2658.5 1206.29 0

-941.25 2658.5 1217.79 0
-941.25 2658.5 1206.29 0

-952.75 2658.5 1217.79 0
-952.75 2658.5 1206.29 0

-941.25 -2658.5 1223.28 0
-941.25 0 1223.28 0

-941.25 0 1223.28 0
-941.25 1329.25 1223.28 0
-941.25 2658.5 1223.28 0

-941.25 2658.5 1223.28 0

-952.75 -2658.5 1223.28 0
-952.75 2658.5 1223.28 0

-941.25 -2658.5 1223.28 0
-952.75 -2658.5 1223.28 0

-941.25 2658.5 1223.28 0
-952.75 2658.5 1223.28 0

-952.75 -2658.5 1234.78 0
-952.75 2658.5 1234.78 0

-941.25 -2658.5 1234.78 0
-941.25 2658.5 1234.78 0

-952.75 -2658.5 1234.78 0
-941.25 -2658.5 1234.78 0

-952.75 2658.5 1234.78 0
-941.25 2658.5 1234.78 0

-952.75 -2658.5 1223.28 0
-952.75 2658.5 1223.28 0

-952.75 -2658.5 1234.78 0
-952.75 2658.5 1234.78 0

-952.75 -2658.5 1223.28 0
-952.75 -2658.5 1234.78 0

-952.75 2658.5 1223.28 0
-952.75 2658.5 1234.78 0

-941.25 -2658.5 1234.78 0
-941.25 2658.5 1234.78 0

-941.25 -2658.5 1223.28 0
-941.25 2658.5 1223.28 0

-941.25 -2658.5 1234.78 0
-941.25 -2658.5 1223.28 0

-941.25 2658.5 1234.78 0
-941.25 2658.5 1223.28 0

-941.25 -2658.5 1223.28 0
-952.75 -2658.5 1223.28 0

-941.25 -2658.5 1234.78 0
-952.75 -2658.5 1234.78 0

-941.25 -2658.5 1223.28 0
-941.25 -2658.5 1234.78 0

-952.75 -2658.5 1223.28 0
-952.75 -2658.5 1234.78 0

-941.25 2658.5 1234.78 0
-952.75 2658.5 1234.78 0

-941.25 2658.5 1223.28 0
-952.75 2658.5 1223.28 0

-941.25 2658.5 1234.78 0
-941.25 2658.5 1223.28 0

-952.75 2658.5 1234.78 0
-952.75 2658.5 1223.28 0

-941.25 -2658.5 1240.27 0
-941.25 0 1240.27 0

-941.25 0 1240.27 0
-941.25 1329.25 1240.27 0
-941.25 2658.5 1240.27 0

-941.25 2658.5 1240.27 0

-952.75 -2658.5 1240.27 0
-952.75 2658.5 1240.27 0

-941.25 -2658.5 1240.27 0
-952.75 -2658.5 1240.27 0

-941.25 2658.5 1240.27 0
-952.75 2658.5 1240.27 0

-952.75 -2658.5 1251.77 0
-952.75 2658.5 1251.77 0

-941.25 -2658.5 1251.77 0
-941.25 2658.5 1251.77 0

-952.75 -2658.5 1251.77 0
-941.25 -2658.5 1251.77 0

-952.75 2658.5 1251.77 0
-941.25 2658.5 1251.77 0

-952.75 -2658.5 1240.27 0
-952.75 2658.5 1240.27 0

-952.75 -2658.5 1251.77 0
-952.75 2658.5 1251.77 0

-952.75 -2658.5 1240.27 0
-952.75 -2658.5 1251.77 0

-952.75 2658.5 1240.27 0
-952.75 2658.5 1251.77 0

-941.25 -2658.5 1251.77 0
-941.25 2658.5 1251.77 0

-941.25 -2658.5 1240.27 0
-941.25 2658.5 1240.27 0

-941.25 -2658.5 1251.77 0
-941.25 -2658.5 1240.27 0

-941.25 2658.5 1251.77 0
-941.25 2658.5 1240.27 0

-941.25 -2658.5 1240.27 0
-952.75 -2658.5 1240.27 0

-941.25 -2658.5 1251.77 0
-952.75 -2658.5 1251.77 0

-941.25 -2658.5 1240.27 0
-941.25 -2658.5 1251.77 0

-952.75 -2658.5 1240.27 0
-952.75 -2658.5 1251.77 0

-941.25 2658.5 1251.77 0
-952.75 2658.5 1251.77 0

-941.25 2658.5 1240.27 0
-952.75 2658.5 1240.27 0

-941.25 2658.5 1251.77 0
-941.25 2658.5 1240.27 0

-952.75 2658.5 1251.77 0
-952.75 2658.5 1240.27 0

-941.25 -2658.5 1257.26 0
-941.25 0 1257.26 0

-941.25 0 1257.26 0
-941.25 1329.25 1257.26 0
-941.25 2658.5 1257.26 0

-941.25 2658.5 1257.26 0

-952.75 -2658.5 1257.26 0
-952.75 2658.5 1257.26 0

-941.25 -2658.5 1257.26 0
-952.75 -2658.5 1257.26 0

-941.25 2658.5 1257.26 0
-952.75 2658.5 1257.26 0

-952.75 -2658.5 1268.76 0
-952.75 2658.5 1268.76 0

-941.25 -2658.5 1268.76 0
-941.25 2658.5 1268.76 0

-952.75 -2658.5 1268.76 0
-941.25 -2658.5 1268.76 0

-952.75 2658.5 1268.76 0
-941.25 2658.5 1268.76 0

-952.75 -2658.5 1257.26 0
-952.75 2658.5 1257.26 0

-952.75 -2658.5 1268.76 0
-952.75 2658.5 1268.76 0

-952.75 -2658.5 1257.26 0
-952.75 -2658.5 1268.76 0

-952.75 2658.5 1257.26 0
-952.75 2658.5 1268.76 0

-941.25 -2658.5 1268.76 0
-941.25 2658.5 1268.76 0

-941.25 -2658.5 1257.26 0
-941.25 2658.5 1257.26 0

-941.25 -2658.5 1268.76 0
-941.25 -2658.5 1257.26 0

-941.25 2658.5 1268.76 0
-941.25 2658.5 1257.26 0

-941.25 -2658.5 1257.26 0
-952.75 -2658.5 1257.26 0

-941.25 -2658.5 1268.76 0
-952.75 -2658.5 1268.76 0

-941.25 -2658.5 1257.26 0
-941.25 -2658.5 1268.76 0

-952.75 -2658.5 1257.26 0
-952.75 -2658.5 1268.76 0

-941.25 2658.5 1268.76 0
-952.75 2658.5 1268.76 0

-941.25 2658.5 1257.26 0
-952.75 2658.5 1257.26 0

-941.25 2658.5 1268.76 0
-941.25 2658.5 1257.26 0

-952.75 2658.5 1268.76 0
-952.75 2658.5 1257.26 0

-941.25 -2658.5 1274.25 0
-941.25 0 1274.25 0

-941.25 0 1274.25 0
-941.25 1329.25 1274.25 0
-941.25 2658.5 1274.25 0

-941.25 2658.5 1274.25 0

-952.75 -2658.5 1274.25 0
-952.75 2658.5 1274.25 0

-941.25 -2658.5 1274.25 0
-952.75 -2658.5 1274.25 0

-941.25 2658.5 1274.25 0
-952.75 2658.5 1274.25 0

-952.75 -2658.5 1285.75 0
-952.75 2658.5 1285.75 0

-941.25 -2658.5 1285.75 0
-941.25 2658.5 1285.75 0

-952.75 -2658.5 1285.75 0
-941.25 -2658.5 1285.75 0

-952.75 2658.5 1285.75 0
-941.25 2658.5 1285.75 0

-952.75 -2658.5 1274.25 0
-952.75 2658.5 1274.25 0

-952.75 -2658.5 1285.75 0
-952.75 2658.5 1285.75 0

-952.75 -2658.5 1274.25 0
-952.75 -2658.5 1285.75 0

-952.75 2658.5 1274.25 0
-952.75 2658.5 1285.75 0

-941.25 -2658.5 1285.75 0
-941.25 2658.5 1285.75 0

-941.25 -2658.5 1274.25 0
-941.25 2658.5 1274.25 0

-941.25 -2658.5 1285.75 0
-941.25 -2658.5 1274.25 0

-941.25 2658.5 1285.75 0
-941.25 2658.5 1274.25 0

-941.25 -2658.5 1274.25 0
-952.75 -2658.5 1274.25 0

-941.25 -2658.5 1285.75 0
-952.75 -2658.5 1285.75 0

-941.25 -2658.5 1274.25 0
-941.25 -2658.5 1285.75 0

-952.75 -2658.5 1274.25 0
-952.75 -2658.5 1285.75 0

-941.25 2658.5 1285.75 0
-952.75 2658.5 1285.75 0

-941.25 2658.5 1274.25 0
-952.75 2658.5 1274.25 0

-941.25 2658.5 1285.75 0
-941.25 2658.5 1274.25 0

-952.75 2658.5 1285.75 0
-952.75 2658.5 1274.25 0

-941.25 -2658.5 1291.24 0
-941.25 0 1291.24 0

-941.25 0 1291.24 0
-941.25 1329.25 1291.24 0
-941.25 2658.5 1291.24 0

-941.25 2658.5 1291.24 0

-952.75 -2658.5 1291.24 0
-952.75 2658.5 1291.24 0

-941.25 -2658.5 1291.24 0
-952.75 -2658.5 1291.24 0

-941.25 2658.5 1291.24 0
-952.75 2658.5 1291.24 0

-952.75 -2658.5 1302.74 0
-952.75 2658.5 1302.74 0

-941.25 -2658.5 1302.74 0
-941.25 2658.5 1302.74 0

-952.75 -2658.5 1302.74 0
-941.25 -2658.5 1302.74 0

-952.75 2658.5 1302.74 0
-941.25 2658.5 1302.74 0

-952.75 -2658.5 1291.24 0
-952.75 2658.5 1291.24 0

-952.75 -2658.5 1302.74 0
-952.75 2658.5 1302.74 0

-952.75 -2658.5 1291.24 0
-952.75 -2658.5 1302.74 0

-952.75 2658.5 1291.24 0
-952.75 2658.5 1302.74 0

-941.25 -2658.5 1302.74 0
-941.25 2658.5 1302.74 0

-941.25 -2658.5 1291.24 0
-941.25 2658.5 1291.24 0

-941.25 -2658.5 1302.74 0
-941.25 -2658.5 1291.24 0

-941.25 2658.5 1302.74 0
-941.25 2658.5 1291.24 0

-941.25 -2658.5 1291.24 0
-952.75 -2658.5 1291.24 0

-941.25 -2658.5 1302.74 0
-952.75 -2658.5 1302.74 0

-941.25 -2658.5 1291.24 0
-941.25 -2658.5 1302.74 0

-952.75 -2658.5 1291.24 0
-952.75 -2658.5 1302.74 0

-941.25 2658.5 1302.74 0
-952.75 2658.5 1302.74 0

-941.25 2658.5 1291.24 0
-952.75 2658.5 1291.24 0

-941.25 2658.5 1302.74 0
-941.25 2658.5 1291.24 0

-952.75 2658.5 1302.74 0
-952.75 2658.5 1291.24 0

-941.25 -2658.5 1308.23 0
-941.25 0 1308.23 0

-941.25 0 1308.23 0
-941.25 1329.25 1308.23 0
-941.25 2658.5 1308.23 0

-941.25 2658.5 1308.23 0

-952.75 -2658.5 1308.23 0
-952.75 2658.5 1308.23 0

-941.25 -2658.5 1308.23 0
-952.75 -2658.5 1308.23 0

-941.25 2658.5 1308.23 0
-952.75 2658.5 1308.23 0

-952.75 -2658.5 1319.73 0
-952.75 2658.5 1319.73 0

-941.25 -2658.5 1319.73 0
-941.25 2658.5 1319.73 0

-952.75 -2658.5 1319.73 0
-941.25 -2658.5 1319.73 0

-952.75 2658.5 1319.73 0
-941.25 2658.5 1319.73 0

-952.75 -2658.5 1308.23 0
-952.75 2658.5 1308.23 0

-952.75 -2658.5 1319.73 0
-952.75 2658.5 1319.73 0

-952.75 -2658.5 1308.23 0
-952.75 -2658.5 1319.73 0

-952.75 2658.5 1308.23 0
-952.75 2658.5 1319.73 0

-941.25 -2658.5 1319.73 0
-941.25 2658.5 1319.73 0

-941.25 -2658.5 1308.23 0
-941.25 2658.5 1308.23 0

-941.25 -2658.5 1319.73 0
-941.25 -2658.5 1308.23 0

-941.25 2658.5 1319.73 0
-941.25 2658.5 1308.23 0

-941.25 -2658.5 1308.23 0
-952.75 -2658.5 1308.23 0

-941.25 -2658.5 1319.73 0
-952.75 -2658.5 1319.73 0

-941.25 -2658.5 1308.23 0
-941.25 -2658.5 1319.73 0

-952.75 -2658.5 1308.23 0
-952.75 -2658.5 1319.73 0

-941.25 2658.5 1319.73 0
-952.75 2658.5 1319.73 0

-941.25 2658.5 1308.23 0
-952.75 2658.5 1308.23 0

-941.25 2658.5 1319.73 0
-941.25 2658.5 1308.23 0

-952.75 2658.5 1319.73 0
-952.75 2658.5 1308.23 0

-941.25 -2658.5 1325.22 0
-941.25 0 1325.22 0

-941.25 0 1325.22 0
-941.25 1329.25 1325.22 0
-941.25 2658.5 1325.22 0

-941.25 2658.5 1325.22 0

-952.75 -2658.5 1325.22 0
-952.75 2658.5 1325.22 0

-941.25 -2658.5 1325.22 0
-952.75 -2658.5 1325.22 0

-941.25 2658.5 1325.22 0
-952.75 2658.5 1325.22 0

-952.75 -2658.5 1336.72 0
-952.75 2658.5 1336.72 0

-941.25 -2658.5 1336.72 0
-941.25 2658.5 1336.72 0

-952.75 -2658.5 1336.72 0
-941.25 -2658.5 1336.72 0

-952.75 2658.5 1336.72 0
-941.25 2658.5 1336.72 0

-952.75 -2658.5 1325.22 0
-952.75 2658.5 1325.22 0

-952.75 -2658.5 1336.72 0
-952.75 2658.5 1336.72 0

-952.75 -2658.5 1325.22 0
-952.75 -2658.5 1336.72 0

-952.75 2658.5 1325.22 0
-952.75 2658.5 1336.72 0

-941.25 -2658.5 1336.72 0
-941.25 2658.5 1336.72 0

-941.25 -2658.5 1325.22 0
-941.25 2658.5 1325.22 0

-941.25 -2658.5 1336.72 0
-941.25 -2658.5 1325.22 0

-941.25 2658.5 1336.72 0
-941.25 2658.5 1325.22 0

-941.25 -2658.5 1325.22 0
-952.75 -2658.5 1325.22 0

-941.25 -2658.5 1336.72 0
-952.75 -2658.5 1336.72 0

-941.25 -2658.5 1325.22 0
-941.25 -2658.5 1336.72 0

-952.75 -2658.5 1325.22 0
-952.75 -2658.5 1336.72 0

-941.25 2658.5 1336.72 0
-952.75 2658.5 1336.72 0

-941.25 2658.5 1325.22 0
-952.75 2658.5 1325.22 0

-941.25 2658.5 1336.72 0
-941.25 2658.5 1325.22 0

-952.75 2658.5 1336.72 0
-952.75 2658.5 1325.22 0

-941.25 -2658.5 1342.21 0
-941.25 0 1342.21 0

-941.25 0 1342.21 0
-941.25 1329.25 1342.21 0
-941.25 2658.5 1342.21 0

-941.25 2658.5 1342.21 0

-952.75 -2658.5 1342.21 0
-952.75 2658.5 1342.21 0

-941.25 -2658.5 1342.21 0
-952.75 -2658.5 1342.21 0

-941.25 2658.5 1342.21 0
-952.75 2658.5 1342.21 0

-952.75 -2658.5 1353.71 0
-952.75 2658.5 1353.71 0

-941.25 -2658.5 1353.71 0
-941.25 2658.5 1353.71 0

-952.75 -2658.5 1353.71 0
-941.25 -2658.5 1353.71 0

-952.75 2658.5 1353.71 0
-941.25 2658.5 1353.71 0

-952.75 -2658.5 1342.21 0
-952.75 2658.5 1342.21 0

-952.75 -2658.5 1353.71 0
-952.75 2658.5 1353.71 0

-952.75 -2658.5 1342.21 0
-952.75 -2658.5 1353.71 0

-952.75 2658.5 1342.21 0
-952.75 2658.5 1353.71 0

-941.25 -2658.5 1353.71 0
-941.25 2658.5 1353.71 0

-941.25 -2658.5 1342.21 0
-941.25 2658.5 1342.21 0

-941.25 -2658.5 1353.71 0
-941.25 -2658.5 1342.21 0

-941.25 2658.5 1353.71 0
-941.25 2658.5 1342.21 0

-941.25 -2658.5 1342.21 0
-952.75 -2658.5 1342.21 0

-941.25 -2658.5 1353.71 0
-952.75 -2658.5 1353.71 0

-941.25 -2658.5 1342.21 0
-941.25 -2658.5 1353.71 0

-952.75 -2658.5 1342.21 0
-952.75 -2658.5 1353.71 0

-941.25 2658.5 1353.71 0
-952.75 2658.5 1353.71 0

-941.25 2658.5 1342.21 0
-952.75 2658.5 1342.21 0

-941.25 2658.5 1353.71 0
-941.25 2658.5 1342.21 0

-952.75 2658.5 1353.71 0
-952.75 2658.5 1342.21 0

-941.25 -2658.5 1359.2 0
-941.25 0 1359.2 0

-941.25 0 1359.2 0
-941.25 1329.25 1359.2 0
-941.25 2658.5 1359.2 0

-941.25 2658.5 1359.2 0

-952.75 -2658.5 1359.2 0
-952.75 2658.5 1359.2 0

-941.25 -2658.5 1359.2 0
-952.75 -2658.5 1359.2 0

-941.25 2658.5 1359.2 0
-952.75 2658.5 1359.2 0

-952.75 -2658.5 1370.7 0
-952.75 2658.5 1370.7 0

-941.25 -2658.5 1370.7 0
-941.25 2658.5 1370.7 0

-952.75 -2658.5 1370.7 0
-941.25 -2658.5 1370.7 0

-952.75 2658.5 1370.7 0
-941.25 2658.5 1370.7 0

-952.75 -2658.5 1359.2 0
-952.75 2658.5 1359.2 0

-952.75 -2658.5 1370.7 0
-952.75 2658.5 1370.7 0

-952.75 -2658.5 1359.2 0
-952.75 -2658.5 1370.7 0

-952.75 2658.5 1359.2 0
-952.75 2658.5 1370.7 0

-941.25 -2658.5 1370.7 0
-941.25 2658.5 1370.7 0

-941.25 -2658.5 1359.2 0
-941.25 2658.5 1359.2 0

-941.25 -2658.5 1370.7 0
-941.25 -2658.5 1359.2 0

-941.25 2658.5 1370.7 0
-941.25 2658.5 1359.2 0

-941.25 -2658.5 1359.2 0
-952.75 -2658.5 1359.2 0

-941.25 -2658.5 1370.7 0
-952.75 -2658.5 1370.7 0

-941.25 -2658.5 1359.2 0
-941.25 -2658.5 1370.7 0

-952.75 -2658.5 1359.2 0
-952.75 -2658.5 1370.7 0

-941.25 2658.5 1370.7 0
-952.75 2658.5 1370.7 0

-941.25 2658.5 1359.2 0
-952.75 2658.5 1359.2 0

-941.25 2658.5 1370.7 0
-941.25 2658.5 1359.2 0

-952.75 2658.5 1370.7 0
-952.75 2658.5 1359.2 0

-941.25 -2658.5 1376.19 0
-941.25 0 1376.19 0

-941.25 0 1376.19 0
-941.25 1329.25 1376.19 0
-941.25 2658.5 1376.19 0

-941.25 2658.5 1376.19 0

-952.75 -2658.5 1376.19 0
-952.75 2658.5 1376.19 0

-941.25 -2658.5 1376.19 0
-952.75 -2658.5 1376.19 0

-941.25 2658.5 1376.19 0
-952.75 2658.5 1376.19 0

-952.75 -2658.5 1387.69 0
-952.75 2658.5 1387.69 0

-941.25 -2658.5 1387.69 0
-941.25 2658.5 1387.69 0

-952.75 -2658.5 1387.69 0
-941.25 -2658.5 1387.69 0

-952.75 2658.5 1387.69 0
-941.25 2658.5 1387.69 0

-952.75 -2658.5 1376.19 0
-952.75 2658.5 1376.19 0

-952.75 -2658.5 1387.69 0
-952.75 2658.5 1387.69 0

-952.75 -2658.5 1376.19 0
-952.75 -2658.5 1387.69 0

-952.75 2658.5 1376.19 0
-952.75 2658.5 1387.69 0

-941.25 -2658.5 1387.69 0
-941.25 2658.5 1387.69 0

-941.25 -2658.5 1376.19 0
-941.25 2658.5 1376.19 0

-941.25 -2658.5 1387.69 0
-941.25 -2658.5 1376.19 0

-941.25 2658.5 1387.69 0
-941.25 2658.5 1376.19 0

-941.25 -2658.5 1376.19 0
-952.75 -2658.5 1376.19 0

-941.25 -2658.5 1387.69 0
-952.75 -2658.5 1387.69 0

-941.25 -2658.5 1376.19 0
-941.25 -2658.5 1387.69 0

-952.75 -2658.5 1376.19 0
-952.75 -2658.5 1387.69 0

-941.25 2658.5 1387.69 0
-952.75 2658.5 1387.69 0

-941.25 2658.5 1376.19 0
-952.75 2658.5 1376.19 0

-941.25 2658.5 1387.69 0
-941.25 2658.5 1376.19 0

-952.75 2658.5 1387.69 0
-952.75 2658.5 1376.19 0

-941.25 -2658.5 1393.18 0
-941.25 0 1393.18 0

-941.25 0 1393.18 0
-941.25 1329.25 1393.18 0
-941.25 2658.5 1393.18 0

-941.25 2658.5 1393.18 0

-952.75 -2658.5 1393.18 0
-952.75 2658.5 1393.18 0

-941.25 -2658.5 1393.18 0
-952.75 -2658.5 1393.18 0

-941.25 2658.5 1393.18 0
-952.75 2658.5 1393.18 0

-952.75 -2658.5 1404.68 0
-952.75 2658.5 1404.68 0

-941.25 -2658.5 1404.68 0
-941.25 2658.5 1404.68 0

-952.75 -2658.5 1404.68 0
-941.25 -2658.5 1404.68 0

-952.75 2658.5 1404.68 0
-941.25 2658.5 1404.68 0

-952.75 -2658.5 1393.18 0
-952.75 2658.5 1393.18 0

-952.75 -2658.5 1404.68 0
-952.75 2658.5 1404.68 0

-952.75 -2658.5 1393.18 0
-952.75 -2658.5 1404.68 0

-952.75 2658.5 1393.18 0
-952.75 2658.5 1404.68 0

-941.25 -2658.5 1404.68 0
-941.25 2658.5 1404.68 0

-941.25 -2658.5 1393.18 0
-941.25 2658.5 1393.18 0

-941.25 -2658.5 1404.68 0
-941.25 -2658.5 1393.18 0

-941.25 2658.5 1404.68 0
-941.25 2658.5 1393.18 0

-941.25 -2658.5 1393.18 0
-952.75 -2658.5 1393.18 0

-941.25 -2658.5 1404.68 0
-952.75 -2658.5 1404.68 0

-941.25 -2658.5 1393.18 0
-941.25 -2658.5 1404.68 0

-952.75 -2658.5 1393.18 0
-952.75 -2658.5 1404.68 0

-941.25 2658.5 1404.68 0
-952.75 2658.5 1404.68 0

-941.25 2658.5 1393.18 0
-952.75 2658.5 1393.18 0

-941.25 2658.5 1404.68 0
-941.25 2658.5 1393.18 0

-952.75 2658.5 1404.68 0
-952.75 2658.5 1393.18 0

-941.25 -2658.5 1410.17 0
-941.25 0 1410.17 0

-941.25 0 1410.17 0
-941.25 1329.25 1410.17 0
-941.25 2658.5 1410.17 0

-941.25 2658.5 1410.17 0

-952.75 -2658.5 1410.17 0
-952.75 2658.5 1410.17 0

-941.25 -2658.5 1410.17 0
-952.75 -2658.5 1410.17 0

-941.25 2658.5 1410.17 0
-952.75 2658.5 1410.17 0

-952.75 -2658.5 1421.67 0
-952.75 2658.5 1421.67 0

-941.25 -2658.5 1421.67 0
-941.25 2658.5 1421.67 0

-952.75 -2658.5 1421.67 0
-941.25 -2658.5 1421.67 0

-952.75 2658.5 1421.67 0
-941.25 2658.5 1421.67 0

-952.75 -2658.5 1410.17 0
-952.75 2658.5 1410.17 0

-952.75 -2658.5 1421.67 0
-952.75 2658.5 1421.67 0

-952.75 -2658.5 1410.17 0
-952.75 -2658.5 1421.67 0

-952.75 2658.5 1410.17 0
-952.75 2658.5 1421.67 0

-941.25 -2658.5 1421.67 0
-941.25 2658.5 1421.67 0

-941.25 -2658.5 1410.17 0
-941.25 2658.5 1410.17 0

-941.25 -2658.5 1421.67 0
-941.25 -2658.5 1410.17 0

-941.25 2658.5 1421.67 0
-941.25 2658.5 1410.17 0

-941.25 -2658.5 1410.17 0
-952.75 -2658.5 1410.17 0

-941.25 -2658.5 1421.67 0
-952.75 -2658.5 1421.67 0

-941.25 -2658.5 1410.17 0
-941.25 -2658.5 1421.67 0

-952.75 -2658.5 1410.17 0
-952.75 -2658.5 1421.67 0

-941.25 2658.5 1421.67 0
-952.75 2658.5 1421.67 0

-941.25 2658.5 1410.17 0
-952.75 2658.5 1410.17 0

-941.25 2658.5 1421.67 0
-941.25 2658.5 1410.17 0

-952.75 2658.5 1421.67 0
-952.75 2658.5 1410.17 0

-941.25 -2658.5 1427.16 0
-941.25 0 1427.16 0

-941.25 0 1427.16 0
-941.25 1329.25 1427.16 0
-941.25 2658.5 1427.16 0

-941.25 2658.5 1427.16 0

-952.75 -2658.5 1427.16 0
-952.75 2658.5 1427.16 0

-941.25 -2658.5 1427.16 0
-952.75 -2658.5 1427.16 0

-941.25 2658.5 1427.16 0
-952.75 2658.5 1427.16 0

-952.75 -2658.5 1438.66 0
-952.75 2658.5 1438.66 0

-941.25 -2658.5 1438.66 0
-941.25 2658.5 1438.66 0

-952.75 -2658.5 1438.66 0
-941.25 -2658.5 1438.66 0

-952.75 2658.5 1438.66 0
-941.25 2658.5 1438.66 0

-952.75 -2658.5 1427.16 0
-952.75 2658.5 1427.16 0

-952.75 -2658.5 1438.66 0
-952.75 2658.5 1438.66 0

-952.75 -2658.5 1427.16 0
-952.75 -2658.5 1438.66 0

-952.75 2658.5 1427.16 0
-952.75 2658.5 1438.66 0

-941.25 -2658.5 1438.66 0
-941.25 2658.5 1438.66 0

-941.25 -2658.5 1427.16 0
-941.25 2658.5 1427.16 0

-941.25 -2658.5 1438.66 0
-941.25 -2658.5 1427.16 0

-941.25 2658.5 1438.66 0
-941.25 2658.5 1427.16 0

-941.25 -2658.5 1427.16 0
-952.75 -2658.5 1427.16 0

-941.25 -2658.5 1438.66 0
-952.75 -2658.5 1438.66 0

-941.25 -2658.5 1427.16 0
-941.25 -2658.5 1438.66 0

-952.75 -2658.5 1427.16 0
-952.75 -2658.5 1438.66 0

-941.25 2658.5 1438.66 0
-952.75 2658.5 1438.66 0

-941.25 2658.5 1427.16 0
-952.75 2658.5 1427.16 0

-941.25 2658.5 1438.66 0
-941.25 2658.5 1427.16 0

-952.75 2658.5 1438.66 0
-952.75 2658.5 1427.16 0

-941.25 -2658.5 1444.15 0
-941.25 0 1444.15 0

-941.25 0 1444.15 0
-941.25 1329.25 1444.15 0
-941.25 2658.5 1444.15 0

-941.25 2658.5 1444.15 0

-952.75 -2658.5 1444.15 0
-952.75 2658.5 1444.15 0

-941.25 -2658.5 1444.15 0
-952.75 -2658.5 1444.15 0

-941.25 2658.5 1444.15 0
-952.75 2658.5 1444.15 0

-952.75 -2658.5 1455.65 0
-952.75 2658.5 1455.65 0

-941.25 -2658.5 1455.65 0
-941.25 2658.5 1455.65 0

-952.75 -2658.5 1455.65 0
-941.25 -2658.5 1455.65 0

-952.75 2658.5 1455.65 0
-941.25 2658.5 1455.65 0

-952.75 -2658.5 1444.15 0
-952.75 2658.5 1444.15 0

-952.75 -2658.5 1455.65 0
-952.75 2658.5 1455.65 0

-952.75 -2658.5 1444.15 0
-952.75 -2658.5 1455.65 0

-952.75 2658.5 1444.15 0
-952.75 2658.5 1455.65 0

-941.25 -2658.5 1455.65 0
-941.25 2658.5 1455.65 0

-941.25 -2658.5 1444.15 0
-941.25 2658.5 1444.15 0

-941.25 -2658.5 1455.65 0
-941.25 -2658.5 1444.15 0

-941.25 2658.5 1455.65 0
-941.25 2658.5 1444.15 0

-941.25 -2658.5 1444.15 0
-952.75 -2658.5 1444.15 0

-941.25 -2658.5 1455.65 0
-952.75 -2658.5 1455.65 0

-941.25 -2658.5 1444.15 0
-941.25 -2658.5 1455.65 0

-952.75 -2658.5 1444.15 0
-952.75 -2658.5 1455.65 0

-941.25 2658.5 1455.65 0
-952.75 2658.5 1455.65 0

-941.25 2658.5 1444.15 0
-952.75 2658.5 1444.15 0

-941.25 2658.5 1455.65 0
-941.25 2658.5 1444.15 0

-952.75 2658.5 1455.65 0
-952.75 2658.5 1444.15 0

-941.25 -2658.5 1461.14 0
-941.25 0 1461.14 0

-941.25 0 1461.14 0
-941.25 1329.25 1461.14 0
-941.25 2658.5 1461.14 0

-941.25 2658.5 1461.14 0

-952.75 -2658.5 1461.14 0
-952.75 2658.5 1461.14 0

-941.25 -2658.5 1461.14 0
-952.75 -2658.5 1461.14 0

-941.25 2658.5 1461.14 0
-952.75 2658.5 1461.14 0

-952.75 -2658.5 1472.64 0
-952.75 2658.5 1472.64 0

-941.25 -2658.5 1472.64 0
-941.25 2658.5 1472.64 0

-952.75 -2658.5 1472.64 0
-941.25 -2658.5 1472.64 0

-952.75 2658.5 1472.64 0
-941.25 2658.5 1472.64 0

-952.75 -2658.5 1461.14 0
-952.75 2658.5 1461.14 0

-952.75 -2658.5 1472.64 0
-952.75 2658.5 1472.64 0

-952.75 -2658.5 1461.14 0
-952.75 -2658.5 1472.64 0

-952.75 2658.5 1461.14 0
-952.75 2658.5 1472.64 0

-941.25 -2658.5 1472.64 0
-941.25 2658.5 1472.64 0

-941.25 -2658.5 1461.14 0
-941.25 2658.5 1461.14 0

-941.25 -2658.5 1472.64 0
-941.25 -2658.5 1461.14 0

-941.25 2658.5 1472.64 0
-941.25 2658.5 1461.14 0

-941.25 -2658.5 1461.14 0
-952.75 -2658.5 1461.14 0

-941.25 -2658.5 1472.64 0
-952.75 -2658.5 1472.64 0

-941.25 -2658.5 1461.14 0
-941.25 -2658.5 1472.64 0

-952.75 -2658.5 1461.14 0
-952.75 -2658.5 1472.64 0

-941.25 2658.5 1472.64 0
-952.75 2658.5 1472.64 0

-941.25 2658.5 1461.14 0
-952.75 2658.5 1461.14 0

-941.25 2658.5 1472.64 0
-941.25 2658.5 1461.14 0

-952.75 2658.5 1472.64 0
-952.75 2658.5 1461.14 0

-941.25 -2658.5 1478.13 0
-941.25 0 1478.13 0

-941.25 0 1478.13 0
-941.25 1329.25 1478.13 0
-941.25 2658.5 1478.13 0

-941.25 2658.5 1478.13 0

-952.75 -2658.5 1478.13 0
-952.75 2658.5 1478.13 0

-941.25 -2658.5 1478.13 0
-952.75 -2658.5 1478.13 0

-941.25 2658.5 1478.13 0
-952.75 2658.5 1478.13 0

-952.75 -2658.5 1489.63 0
-952.75 2658.5 1489.63 0

-941.25 -2658.5 1489.63 0
-941.25 2658.5 1489.63 0

-952.75 -2658.5 1489.63 0
-941.25 -2658.5 1489.63 0

-952.75 2658.5 1489.63 0
-941.25 2658.5 1489.63 0

-952.75 -2658.5 1478.13 0
-952.75 2658.5 1478.13 0

-952.75 -2658.5 1489.63 0
-952.75 2658.5 1489.63 0

-952.75 -2658.5 1478.13 0
-952.75 -2658.5 1489.63 0

-952.75 2658.5 1478.13 0
-952.75 2658.5 1489.63 0

-941.25 -2658.5 1489.63 0
-941.25 2658.5 1489.63 0

-941.25 -2658.5 1478.13 0
-941.25 2658.5 1478.13 0

-941.25 -2658.5 1489.63 0
-941.25 -2658.5 1478.13 0

-941.25 2658.5 1489.63 0
-941.25 2658.5 1478.13 0

-941.25 -2658.5 1478.13 0
-952.75 -2658.5 1478.13 0

-941.25 -2658.5 1489.63 0
-952.75 -2658.5 1489.63 0

-941.25 -2658.5 1478.13 0
-941.25 -2658.5 1489.63 0

-952.75 -2658.5 1478.13 0
-952.75 -2658.5 1489.63 0

-941.25 2658.5 1489.63 0
-952.75 2658.5 1489.63 0

-941.25 2658.5 1478.13 0
-952.75 2658.5 1478.13 0

-941.25 2658.5 1489.63 0
-941.25 2658.5 1478.13 0

-952.75 2658.5 1489.63 0
-952.75 2658.5 1478.13 0

-941.25 -2658.5 1495.12 0
-941.25 0 1495.12 0

-941.25 0 1495.12 0
-941.25 1329.25 1495.12 0
-941.25 2658.5 1495.12 0

-941.25 2658.5 1495.12 0

-952.75 -2658.5 1495.12 0
-952.75 2658.5 1495.12 0

-941.25 -2658.5 1495.12 0
-952.75 -2658.5 1495.12 0

-941.25 2658.5 1495.12 0
-952.75 2658.5 1495.12 0

-952.75 -2658.5 1506.62 0
-952.75 2658.5 1506.62 0

-941.25 -2658.5 1506.62 0
-941.25 2658.5 1506.62 0

-952.75 -2658.5 1506.62 0
-941.25 -2658.5 1506.62 0

-952.75 2658.5 1506.62 0
-941.25 2658.5 1506.62 0

-952.75 -2658.5 1495.12 0
-952.75 2658.5 1495.12 0

-952.75 -2658.5 1506.62 0
-952.75 2658.5 1506.62 0

-952.75 -2658.5 1495.12 0
-952.75 -2658.5 1506.62 0

-952.75 2658.5 1495.12 0
-952.75 2658.5 1506.62 0

-941.25 -2658.5 1506.62 0
-941.25 2658.5 1506.62 0

-941.25 -2658.5 1495.12 0
-941.25 2658.5 1495.12 0

-941.25 -2658.5 1506.62 0
-941.25 -2658.5 1495.12 0

-941.25 2658.5 1506.62 0
-941.25 2658.5 1495.12 0

-941.25 -2658.5 1495.12 0
-952.75 -2658.5 1495.12 0

-941.25 -2658.5 1506.62 0
-952.75 -2658.5 1506.62 0

-941.25 -2658.5 1495.12 0
-941.25 -2658.5 1506.62 0

-952.75 -2658.5 1495.12 0
-952.75 -2658.5 1506.62 0

-941.25 2658.5 1506.62 0
-952.75 2658.5 1506.62 0

-941.25 2658.5 1495.12 0
-952.75 2658.5 1495.12 0

-941.25 2658.5 1506.62 0
-941.25 2658.5 1495.12 0

-952.75 2658.5 1506.62 0
-952.75 2658.5 1495.12 0

-941.25 -2658.5 1512.11 0
-941.25 0 1512.11 0

-941.25 0 1512.11 0
-941.25 1329.25 1512.11 0
-941.25 2658.5 1512.11 0

-941.25 2658.5 1512.11 0

-952.75 -2658.5 1512.11 0
-952.75 2658.5 1512.11 0

-941.25 -2658.5 1512.11 0
-952.75 -2658.5 1512.11 0

-941.25 2658.5 1512.11 0
-952.75 2658.5 1512.11 0

-952.75 -2658.5 1523.61 0
-952.75 2658.5 1523.61 0

-941.25 -2658.5 1523.61 0
-941.25 2658.5 1523.61 0

-952.75 -2658.5 1523.61 0
-941.25 -2658.5 1523.61 0

-952.75 2658.5 1523.61 0
-941.25 2658.5 1523.61 0

-952.75 -2658.5 1512.11 0
-952.75 2658.5 1512.11 0

-952.75 -2658.5 1523.61 0
-952.75 2658.5 1523.61 0

-952.75 -2658.5 1512.11 0
-952.75 -2658.5 1523.61 0

-952.75 2658.5 1512.11 0
-952.75 2658.5 1523.61 0

-941.25 -2658.5 1523.61 0
-941.25 2658.5 1523.61 0

-941.25 -2658.5 1512.11 0
-941.25 2658.5 1512.11 0

-941.25 -2658.5 1523.61 0
-941.25 -2658.5 1512.11 0

-941.25 2658.5 1523.61 0
-941.25 2658.5 1512.11 0

-941.25 -2658.5 1512.11 0
-952.75 -2658.5 1512.11 0

-941.25 -2658.5 1523.61 0
-952.75 -2658.5 1523.61 0

-941.25 -2658.5 1512.11 0
-941.25 -2658.5 1523.61 0

-952.75 -2658.5 1512.11 0
-952.75 -2658.5 1523.61 0

-941.25 2658.5 1523.61 0
-952.75 2658.5 1523.61 0

-941.25 2658.5 1512.11 0
-952.75 2658.5 1512.11 0

-941.25 2658.5 1523.61 0
-941.25 2658.5 1512.11 0

-952.75 2658.5 1523.61 0
-952.75 2658.5 1512.11 0

-941.25 -2658.5 1529.1 0
-941.25 0 1529.1 0

-941.25 0 1529.1 0
-941.25 1329.25 1529.1 0
-941.25 2658.5 1529.1 0

-941.25 2658.5 1529.1 0

-952.75 -2658.5 1529.1 0
-952.75 2658.5 1529.1 0

-941.25 -2658.5 1529.1 0
-952.75 -2658.5 1529.1 0

-941.25 2658.5 1529.1 0
-952.75 2658.5 1529.1 0

-952.75 -2658.5 1540.6 0
-952.75 2658.5 1540.6 0

-941.25 -2658.5 1540.6 0
-941.25 2658.5 1540.6 0

-952.75 -2658.5 1540.6 0
-941.25 -2658.5 1540.6 0

-952.75 2658.5 1540.6 0
-941.25 2658.5 1540.6 0

-952.75 -2658.5 1529.1 0
-952.75 2658.5 1529.1 0

-952.75 -2658.5 1540.6 0
-952.75 2658.5 1540.6 0

-952.75 -2658.5 1529.1 0
-952.75 -2658.5 1540.6 0

-952.75 2658.5 1529.1 0
-952.75 2658.5 1540.6 0

-941.25 -2658.5 1540.6 0
-941.25 2658.5 1540.6 0

-941.25 -2658.5 1529.1 0
-941.25 2658.5 1529.1 0

-941.25 -2658.5 1540.6 0
-941.25 -2658.5 1529.1 0

-941.25 2658.5 1540.6 0
-941.25 2658.5 1529.1 0

-941.25 -2658.5 1529.1 0
-952.75 -2658.5 1529.1 0

-941.25 -2658.5 1540.6 0
-952.75 -2658.5 1540.6 0

-941.25 -2658.5 1529.1 0
-941.25 -2658.5 1540.6 0

-952.75 -2658.5 1529.1 0
-952.75 -2658.5 1540.6 0

-941.25 2658.5 1540.6 0
-952.75 2658.5 1540.6 0

-941.25 2658.5 1529.1 0
-952.75 2658.5 1529.1 0

-941.25 2658.5 1540.6 0
-941.25 2658.5 1529.1 0

-952.75 2658.5 1540.6 0
-952.75 2658.5 1529.1 0

-941.25 -2658.5 1546.09 0
-941.25 0 1546.09 0

-941.25 0 1546.09 0
-941.25 1329.25 1546.09 0
-941.25 2658.5 1546.09 0

-941.25 2658.5 1546.09 0

-952.75 -2658.5 1546.09 0
-952.75 2658.5 1546.09 0

-941.25 -2658.5 1546.09 0
-952.75 -2658.5 1546.09 0

-941.25 2658.5 1546.09 0
-952.75 2658.5 1546.09 0

-952.75 -2658.5 1557.59 0
-952.75 2658.5 1557.59 0

-941.25 -2658.5 1557.59 0
-941.25 2658.5 1557.59 0

-952.75 -2658.5 1557.59 0
-941.25 -2658.5 1557.59 0

-952.75 2658.5 1557.59 0
-941.25 2658.5 1557.59 0

-952.75 -2658.5 1546.09 0
-952.75 2658.5 1546.09 0

-952.75 -2658.5 1557.59 0
-952.75 2658.5 1557.59 0

-952.75 -2658.5 1546.09 0
-952.75 -2658.5 1557.59 0

-952.75 2658.5 1546.09 0
-952.75 2658.5 1557.59 0

-941.25 -2658.5 1557.59 0
-941.25 2658.5 1557.59 0

-941.25 -2658.5 1546.09 0
-941.25 2658.5 1546.09 0

-941.25 -2658.5 1557.59 0
-941.25 -2658.5 1546.09 0

-941.25 2658.5 1557.59 0
-941.25 2658.5 1546.09 0

-941.25 -2658.5 1546.09 0
-952.75 -2658.5 1546.09 0

-941.25 -2658.5 1557.59 0
-952.75 -2658.5 1557.59 0

-941.25 -2658.5 1546.09 0
-941.25 -2658.5 1557.59 0

-952.75 -2658.5 1546.09 0
-952.75 -2658.5 1557.59 0

-941.25 2658.5 1557.59 0
-952.75 2658.5 1557.59 0

-941.25 2658.5 1546.09 0
-952.75 2658.5 1546.09 0

-941.25 2658.5 1557.59 0
-941.25 2658.5 1546.09 0

-952.75 2658.5 1557.59 0
-952.75 2658.5 1546.09 0

-941.25 -2658.5 1563.08 0
-941.25 0 1563.08 0

-941.25 0 1563.08 0
-941.25 1329.25 1563.08 0
-941.25 2658.5 1563.08 0

-941.25 2658.5 1563.08 0

-952.75 -2658.5 1563.08 0
-952.75 2658.5 1563.08 0

-941.25 -2658.5 1563.08 0
-952.75 -2658.5 1563.08 0

-941.25 2658.5 1563.08 0
-952.75 2658.5 1563.08 0

-952.75 -2658.5 1574.58 0
-952.75 2658.5 1574.58 0

-941.25 -2658.5 1574.58 0
-941.25 2658.5 1574.58 0

-952.75 -2658.5 1574.58 0
-941.25 -2658.5 1574.58 0

-952.75 2658.5 1574.58 0
-941.25 2658.5 1574.58 0

-952.75 -2658.5 1563.08 0
-952.75 2658.5 1563.08 0

-952.75 -2658.5 1574.58 0
-952.75 2658.5 1574.58 0

-952.75 -2658.5 1563.08 0
-952.75 -2658.5 1574.58 0

-952.75 2658.5 1563.08 0
-952.75 2658.5 1574.58 0

-941.25 -2658.5 1574.58 0
-941.25 2658.5 1574.58 0

-941.25 -2658.5 1563.08 0
-941.25 2658.5 1563.08 0

-941.25 -2658.5 1574.58 0
-941.25 -2658.5 1563.08 0

-941.25 2658.5 1574.58 0
-941.25 2658.5 1563.08 0

-941.25 -2658.5 1563.08 0
-952.75 -2658.5 1563.08 0

-941.25 -2658.5 1574.58 0
-952.75 -2658.5 1574.58 0

-941.25 -2658.5 1563.08 0
-941.25 -2658.5 1574.58 0

-952.75 -2658.5 1563.08 0
-952.75 -2658.5 1574.58 0

-941.25 2658.5 1574.58 0
-952.75 2658.5 1574.58 0

-941.25 2658.5 1563.08 0
-952.75 2658.5 1563.08 0

-941.25 2658.5 1574.58 0
-941.25 2658.5 1563.08 0

-952.75 2658.5 1574.58 0
-952.75 2658.5 1563.08 0

-941.25 -2658.5 1580.07 0
-941.25 0 1580.07 0

-941.25 0 1580.07 0
-941.25 1329.25 1580.07 0
-941.25 2658.5 1580.07 0

-941.25 2658.5 1580.07 0

-952.75 -2658.5 1580.07 0
-952.75 2658.5 1580.07 0

-941.25 -2658.5 1580.07 0
-952.75 -2658.5 1580.07 0

-941.25 2658.5 1580.07 0
-952.75 2658.5 1580.07 0

-952.75 -2658.5 1591.57 0
-952.75 2658.5 1591.57 0

-941.25 -2658.5 1591.57 0
-941.25 2658.5 1591.57 0

-952.75 -2658.5 1591.57 0
-941.25 -2658.5 1591.57 0

-952.75 2658.5 1591.57 0
-941.25 2658.5 1591.57 0

-952.75 -2658.5 1580.07 0
-952.75 2658.5 1580.07 0

-952.75 -2658.5 1591.57 0
-952.75 2658.5 1591.57 0

-952.75 -2658.5 1580.07 0
-952.75 -2658.5 1591.57 0

-952.75 2658.5 1580.07 0
-952.75 2658.5 1591.57 0

-941.25 -2658.5 1591.57 0
-941.25 2658.5 1591.57 0

-941.25 -2658.5 1580.07 0
-941.25 2658.5 1580.07 0

-941.25 -2658.5 1591.57 0
-941.25 -2658.5 1580.07 0

-941.25 2658.5 1591.57 0
-941.25 2658.5 1580.07 0

-941.25 -2658.5 1580.07 0
-952.75 -2658.5 1580.07 0

-941.25 -2658.5 1591.57 0
-952.75 -2658.5 1591.57 0

-941.25 -2658.5 1580.07 0
-941.25 -2658.5 1591.57 0

-952.75 -2658.5 1580.07 0
-952.75 -2658.5 1591.57 0

-941.25 2658.5 1591.57 0
-952.75 2658.5 1591.57 0

-941.25 2658.5 1580.07 0
-952.75 2658.5 1580.07 0

-941.25 2658.5 1591.57 0
-941.25 2658.5 1580.07 0

-952.75 2658.5 1591.57 0
-952.75 2658.5 1580.07 0

-941.25 -2658.5 1597.06 0
-941.25 0 1597.06 0

-941.25 0 1597.06 0
-941.25 1329.25 1597.06 0
-941.25 2658.5 1597.06 0

-941.25 2658.5 1597.06 0

-952.75 -2658.5 1597.06 0
-952.75 2658.5 1597.06 0

-941.25 -2658.5 1597.06 0
-952.75 -2658.5 1597.06 0

-941.25 2658.5 1597.06 0
-952.75 2658.5 1597.06 0

-952.75 -2658.5 1608.56 0
-952.75 2658.5 1608.56 0

-941.25 -2658.5 1608.56 0
-941.25 2658.5 1608.56 0

-952.75 -2658.5 1608.56 0
-941.25 -2658.5 1608.56 0

-952.75 2658.5 1608.56 0
-941.25 2658.5 1608.56 0

-952.75 -2658.5 1597.06 0
-952.75 2658.5 1597.06 0

-952.75 -2658.5 1608.56 0
-952.75 2658.5 1608.56 0

-952.75 -2658.5 1597.06 0
-952.75 -2658.5 1608.56 0

-952.75 2658.5 1597.06 0
-952.75 2658.5 1608.56 0

-941.25 -2658.5 1608.56 0
-941.25 2658.5 1608.56 0

-941.25 -2658.5 1597.06 0
-941.25 2658.5 1597.06 0

-941.25 -2658.5 1608.56 0
-941.25 -2658.5 1597.06 0

-941.25 2658.5 1608.56 0
-941.25 2658.5 1597.06 0

-941.25 -2658.5 1597.06 0
-952.75 -2658.5 1597.06 0

-941.25 -2658.5 1608.56 0
-952.75 -2658.5 1608.56 0

-941.25 -2658.5 1597.06 0
-941.25 -2658.5 1608.56 0

-952.75 -2658.5 1597.06 0
-952.75 -2658.5 1608.56 0

-941.25 2658.5 1608.56 0
-952.75 2658.5 1608.56 0

-941.25 2658.5 1597.06 0
-952.75 2658.5 1597.06 0

-941.25 2658.5 1608.56 0
-941.25 2658.5 1597.06 0

-952.75 2658.5 1608.56 0
-952.75 2658.5 1597.06 0

-941.25 -2658.5 1614.05 0
-941.25 0 1614.05 0

-941.25 0 1614.05 0
-941.25 1329.25 1614.05 0
-941.25 2658.5 1614.05 0

-941.25 2658.5 1614.05 0

-952.75 -2658.5 1614.05 0
-952.75 2658.5 1614.05 0

-941.25 -2658.5 1614.05 0
-952.75 -2658.5 1614.05 0

-941.25 2658.5 1614.05 0
-952.75 2658.5 1614.05 0

-952.75 -2658.5 1625.55 0
-952.75 2658.5 1625.55 0

-941.25 -2658.5 1625.55 0
-941.25 2658.5 1625.55 0

-952.75 -2658.5 1625.55 0
-941.25 -2658.5 1625.55 0

-952.75 2658.5 1625.55 0
-941.25 2658.5 1625.55 0

-952.75 -2658.5 1614.05 0
-952.75 2658.5 1614.05 0

-952.75 -2658.5 1625.55 0
-952.75 2658.5 1625.55 0

-952.75 -2658.5 1614.05 0
-952.75 -2658.5 1625.55 0

-952.75 2658.5 1614.05 0
-952.75 2658.5 1625.55 0

-941.25 -2658.5 1625.55 0
-941.25 2658.5 1625.55 0

-941.25 -2658.5 1614.05 0
-941.25 2658.5 1614.05 0

-941.25 -2658.5 1625.55 0
-941.25 -2658.5 1614.05 0

-941.25 2658.5 1625.55 0
-941.25 2658.5 1614.05 0

-941.25 -2658.5 1614.05 0
-952.75 -2658.5 1614.05 0

-941.25 -2658.5 1625.55 0
-952.75 -2658.5 1625.55 0

-941.25 -2658.5 1614.05 0
-941.25 -2658.5 1625.55 0

-952.75 -2658.5 1614.05 0
-952.75 -2658.5 1625.55 0

-941.25 2658.5 1625.55 0
-952.75 2658.5 1625.55 0

-941.25 2658.5 1614.05 0
-952.75 2658.5 1614.05 0

-941.25 2658.5 1625.55 0
-941.25 2658.5 1614.05 0

-952.75 2658.5 1625.55 0
-952.75 2658.5 1614.05 0

-941.25 -2658.5 1631.04 0
-941.25 0 1631.04 0

-941.25 0 1631.04 0
-941.25 1329.25 1631.04 0
-941.25 2658.5 1631.04 0

-941.25 2658.5 1631.04 0

-952.75 -2658.5 1631.04 0
-952.75 2658.5 1631.04 0

-941.25 -2658.5 1631.04 0
-952.75 -2658.5 1631.04 0

-941.25 2658.5 1631.04 0
-952.75 2658.5 1631.04 0

-952.75 -2658.5 1642.54 0
-952.75 2658.5 1642.54 0

-941.25 -2658.5 1642.54 0
-941.25 2658.5 1642.54 0

-952.75 -2658.5 1642.54 0
-941.25 -2658.5 1642.54 0

-952.75 2658.5 1642.54 0
-941.25 2658.5 1642.54 0

-952.75 -2658.5 1631.04 0
-952.75 2658.5 1631.04 0

-952.75 -2658.5 1642.54 0
-952.75 2658.5 1642.54 0

-952.75 -2658.5 1631.04 0
-952.75 -2658.5 1642.54 0

-952.75 2658.5 1631.04 0
-952.75 2658.5 1642.54 0

-941.25 -2658.5 1642.54 0
-941.25 2658.5 1642.54 0

-941.25 -2658.5 1631.04 0
-941.25 2658.5 1631.04 0

-941.25 -2658.5 1642.54 0
-941.25 -2658.5 1631.04 0

-941.25 2658.5 1642.54 0
-941.25 2658.5 1631.04 0

-941.25 -2658.5 1631.04 0
-952.75 -2658.5 1631.04 0

-941.25 -2658.5 1642.54 0
-952.75 -2658.5 1642.54 0

-941.25 -2658.5 1631.04 0
-941.25 -2658.5 1642.54 0

-952.75 -2658.5 1631.04 0
-952.75 -2658.5 1642.54 0

-941.25 2658.5 1642.54 0
-952.75 2658.5 1642.54 0

-941.25 2658.5 1631.04 0
-952.75 2658.5 1631.04 0

-941.25 2658.5 1642.54 0
-941.25 2658.5 1631.04 0

-952.75 2658.5 1642.54 0
-952.75 2658.5 1631.04 0

-941.25 -2658.5 1648.03 0
-941.25 0 1648.03 0

-941.25 0 1648.03 0
-941.25 1329.25 1648.03 0
-941.25 2658.5 1648.03 0

-941.25 2658.5 1648.03 0

-952.75 -2658.5 1648.03 0
-952.75 2658.5 1648.03 0

-941.25 -2658.5 1648.03 0
-952.75 -2658.5 1648.03 0

-941.25 2658.5 1648.03 0
-952.75 2658.5 1648.03 0

-952.75 -2658.5 1659.53 0
-952.75 2658.5 1659.53 0

-941.25 -2658.5 1659.53 0
-941.25 2658.5 1659.53 0

-952.75 -2658.5 1659.53 0
-941.25 -2658.5 1659.53 0

-952.75 2658.5 1659.53 0
-941.25 2658.5 1659.53 0

-952.75 -2658.5 1648.03 0
-952.75 2658.5 1648.03 0

-952.75 -2658.5 1659.53 0
-952.75 2658.5 1659.53 0

-952.75 -2658.5 1648.03 0
-952.75 -2658.5 1659.53 0

-952.75 2658.5 1648.03 0
-952.75 2658.5 1659.53 0

-941.25 -2658.5 1659.53 0
-941.25 2658.5 1659.53 0

-941.25 -2658.5 1648.03 0
-941.25 2658.5 1648.03 0

-941.25 -2658.5 1659.53 0
-941.25 -2658.5 1648.03 0

-941.25 2658.5 1659.53 0
-941.25 2658.5 1648.03 0

-941.25 -2658.5 1648.03 0
-952.75 -2658.5 1648.03 0

-941.25 -2658.5 1659.53 0
-952.75 -2658.5 1659.53 0

-941.25 -2658.5 1648.03 0
-941.25 -2658.5 1659.53 0

-952.75 -2658.5 1648.03 0
-952.75 -2658.5 1659.53 0

-941.25 2658.5 1659.53 0
-952.75 2658.5 1659.53 0

-941.25 2658.5 1648.03 0
-952.75 2658.5 1648.03 0

-941.25 2658.5 1659.53 0
-941.25 2658.5 1648.03 0

-952.75 2658.5 1659.53 0
-952.75 2658.5 1648.03 0

-941.25 -2658.5 1665.02 0
-941.25 0 1665.02 0

-941.25 0 1665.02 0
-941.25 1329.25 1665.02 0
-941.25 2658.5 1665.02 0

-941.25 2658.5 1665.02 0

-952.75 -2658.5 1665.02 0
-952.75 2658.5 1665.02 0

-941.25 -2658.5 1665.02 0
-952.75 -2658.5 1665.02 0

-941.25 2658.5 1665.02 0
-952.75 2658.5 1665.02 0

-952.75 -2658.5 1676.52 0
-952.75 2658.5 1676.52 0

-941.25 -2658.5 1676.52 0
-941.25 2658.5 1676.52 0

-952.75 -2658.5 1676.52 0
-941.25 -2658.5 1676.52 0

-952.75 2658.5 1676.52 0
-941.25 2658.5 1676.52 0

-952.75 -2658.5 1665.02 0
-952.75 2658.5 1665.02 0

-952.75 -2658.5 1676.52 0
-952.75 2658.5 1676.52 0

-952.75 -2658.5 1665.02 0
-952.75 -2658.5 1676.52 0

-952.75 2658.5 1665.02 0
-952.75 2658.5 1676.52 0

-941.25 -2658.5 1676.52 0
-941.25 2658.5 1676.52 0

-941.25 -2658.5 1665.02 0
-941.25 2658.5 1665.02 0

-941.25 -2658.5 1676.52 0
-941.25 -2658.5 1665.02 0

-941.25 2658.5 1676.52 0
-941.25 2658.5 1665.02 0

-941.25 -2658.5 1665.02 0
-952.75 -2658.5 1665.02 0

-941.25 -2658.5 1676.52 0
-952.75 -2658.5 1676.52 0

-941.25 -2658.5 1665.02 0
-941.25 -2658.5 1676.52 0

-952.75 -2658.5 1665.02 0
-952.75 -2658.5 1676.52 0

-941.25 2658.5 1676.52 0
-952.75 2658.5 1676.52 0

-941.25 2658.5 1665.02 0
-952.75 2658.5 1665.02 0

-941.25 2658.5 1676.52 0
-941.25 2658.5 1665.02 0

-952.75 2658.5 1676.52 0
-952.75 2658.5 1665.02 0

-941.25 -2658.5 1682.01 0
-941.25 0 1682.01 0

-941.25 0 1682.01 0
-941.25 1329.25 1682.01 0
-941.25 2658.5 1682.01 0

-941.25 2658.5 1682.01 0

-952.75 -2658.5 1682.01 0
-952.75 2658.5 1682.01 0

-941.25 -2658.5 1682.01 0
-952.75 -2658.5 1682.01 0

-941.25 2658.5 1682.01 0
-952.75 2658.5 1682.01 0

-952.75 -2658.5 1693.51 0
-952.75 2658.5 1693.51 0

-941.25 -2658.5 1693.51 0
-941.25 2658.5 1693.51 0

-952.75 -2658.5 1693.51 0
-941.25 -2658.5 1693.51 0

-952.75 2658.5 1693.51 0
-941.25 2658.5 1693.51 0

-952.75 -2658.5 1682.01 0
-952.75 2658.5 1682.01 0

-952.75 -2658.5 1693.51 0
-952.75 2658.5 1693.51 0

-952.75 -2658.5 1682.01 0
-952.75 -2658.5 1693.51 0

-952.75 2658.5 1682.01 0
-952.75 2658.5 1693.51 0

-941.25 -2658.5 1693.51 0
-941.25 2658.5 1693.51 0

-941.25 -2658.5 1682.01 0
-941.25 2658.5 1682.01 0

-941.25 -2658.5 1693.51 0
-941.25 -2658.5 1682.01 0

-941.25 2658.5 1693.51 0
-941.25 2658.5 1682.01 0

-941.25 -2658.5 1682.01 0
-952.75 -2658.5 1682.01 0

-941.25 -2658.5 1693.51 0
-952.75 -2658.5 1693.51 0

-941.25 -2658.5 1682.01 0
-941.25 -2658.5 1693.51 0

-952.75 -2658.5 1682.01 0
-952.75 -2658.5 1693.51 0

-941.25 2658.5 1693.51 0
-952.75 2658.5 1693.51 0

-941.25 2658.5 1682.01 0
-952.75 2658.5 1682.01 0

-941.25 2658.5 1693.51 0
-941.25 2658.5 1682.01 0

-952.75 2658.5 1693.51 0
-952.75 2658.5 1682.01 0

# end of label='orange'
